label_id	PC 1_lysotrackerdeepred_TFOR_pca_predicted	PC 2_lysotrackerdeepred_TFOR_pca_predicted	PC 3_lysotrackerdeepred_TFOR_pca_predicted	PC 4_lysotrackerdeepred_TFOR_pca_predicted	PC 5_lysotrackerdeepred_TFOR_pca_predicted	PC 6_lysotrackerdeepred_TFOR_pca_predicted	PC 7_lysotrackerdeepred_TFOR_pca_predicted	PC 8_lysotrackerdeepred_TFOR_pca_predicted	PC 9_lysotrackerdeepred_TFOR_pca_predicted	PC 10_lysotrackerdeepred_TFOR_pca_predicted	PC 11_lysotrackerdeepred_TFOR_pca_predicted	PC 12_lysotrackerdeepred_TFOR_pca_predicted	PC 13_lysotrackerdeepred_TFOR_pca_predicted	PC 14_lysotrackerdeepred_TFOR_pca_predicted	PC 15_lysotrackerdeepred_TFOR_pca_predicted	PC 16_lysotrackerdeepred_TFOR_pca_predicted	PC 17_lysotrackerdeepred_TFOR_pca_predicted	PC 18_lysotrackerdeepred_TFOR_pca_predicted	PC 19_lysotrackerdeepred_TFOR_pca_predicted	PC 20_lysotrackerdeepred_TFOR_pca_predicted
1	3.272389354130908	-2.938683073035965	-0.9728357674786368	0.9704856567069112	1.6122258973563746	-1.7695321010848186	1.655922425510442	-0.1051614445395583	-0.3254052762907418	0.8939137863084288	1.0489601328822542	0.5311365142166329	0.0337935993526636	-0.5235303695532636	-0.4068052917640421	-0.042364526302105	0.306843270821826	-0.1887617398216345	0.5874015134064057	-0.3706156867928589
2	2.2995523086994174	-2.7755215447489165	0.9692846857354508	-0.593474658247084	1.1447751950844207	-0.3680897315223586	-1.4829025676052914	-0.7460316737467321	-1.815935125231221	0.5810297809752119	-1.003786183986683	-0.0385692673089446	0.5366905593257458	-1.1565069072970429	0.0250173707660175	-0.3876244930752612	-0.1149644114414094	0.3206619461589515	-0.0176878710337144	-0.0239485774827121
3	3.957433583583797	2.122286455637048	-1.1440021931637945	-0.9746990469426128	0.6491232637134239	0.6573804929776355	-1.1815341887251851	0.1459834639844852	0.1391227791177782	-0.27319997063294	-0.0884913570203269	1.5528609747426882	0.6949287102497346	0.1532542623617097	0.460191058077092	0.0668334548153488	-0.061310073941506	-0.0234611764314767	-0.537451513548532	0.0404480445225816
4	4.339162066130403	2.1135757559700457	1.924543772606354	-2.602098517824716	0.2653722534808054	1.5668344917976091	-1.1513185772947927	0.8862708426253749	0.9300122101871132	-1.5201456877615902	0.1731000522584307	0.323053005783712	-0.3932895171746606	1.0394667258319077	-0.1361346955970197	0.1364352480008612	-0.1559914215201878	0.017474254625954	0.3816230169028931	0.0354543722591893
5	5.081244745648911	-2.7465655786678846	2.7569039845657866	-0.8066848429924091	0.1755334186717867	0.0134323107925613	0.3893586752454347	0.6025848729611663	-1.1016298011368613	-0.1906430136638828	-1.2001653607614349	-0.0410216861412608	-0.0548879883857464	-1.1645024343471668	0.1242578533017053	-0.5141673665226989	-0.2214973965247466	0.0555540750765128	-0.5232784575254388	0.2267570557227758
6	0.9242172096945582	-0.8888474367345058	0.7248919078620679	-1.6520143506107043	1.182742453275452	0.5841326377638989	-1.9027304783555168	-0.1432822005391298	-0.8445991909331458	0.2427206849113024	0.0534590063579973	-0.2251331762459978	-0.3872237137150938	-1.0623469614332954	0.2801890020873849	-0.2226792604050125	-0.2194409473243759	-0.1163892405926017	-0.1046556645057417	0.2339964650290378
7	3.221134090732177	0.2188051362209992	-0.4199205804934978	-0.5042352109848292	1.8516533409444271	0.5486014222626654	-0.3741849048663055	0.4190099694545632	-0.1110483999628049	-0.9067832139694711	-0.7369849792893137	-0.2086253688228412	-0.0492235727138057	0.1610530847423348	-0.3055604056269216	-0.2652048924340704	0.1616637066401551	-0.3818124776462728	-0.1155394980891979	0.0362502754117004
8	1.5066924829447288	1.9654130309257585	-1.7653901312192823	-0.6923131647111678	2.259201672738428	1.581383510964509	-0.94562517440635	0.2485800710929129	-0.6476133081341549	-0.1402266691793154	1.3471430199711425	1.0244148451684572	-0.4568923422025106	-0.6039895601400289	-0.0531303091510557	-0.2529243319354322	-0.1059577140027805	-0.2047755801404758	0.1977341904665555	0.0849180170107155
9	3.262922151843263	-2.723983612129765	3.215863418862666	-1.7450193522844426	-0.9423008730744478	-1.3461354003396462	-0.5210523619945859	2.1126394884198443	0.161411075250617	0.3723275822310843	-0.7869729090095698	0.3024691106209429	-0.6329764140694598	-0.5977816428513663	0.7498569350768904	-0.0005449313573002	-0.1996671845854152	-0.0741888676411779	0.2126190849869762	0.2927639894886313
10	5.931847181809208	-1.5028532425261905	2.401457659396433	2.3660645704077456	1.1049853903943507	-0.7100284748778645	0.1724003590063092	0.0567518719861506	0.6939765292148841	-0.1471518274100904	-0.6577155091728879	0.0598333766472576	0.2789459054822218	-0.3174789541288589	0.2616885473305914	0.7547189906945101	0.0314465551828888	-0.661363549569332	0.0019438834622467	0.1462071223638306
11	2.785294974622328	-2.7801415051720046	-1.5389019443950165	-0.8364681948842031	-0.2780362769670859	0.3018673549068946	-1.0840633076381478	0.7310660402897784	-0.0982288554465502	0.1910041346343238	0.0266132492803419	0.7538136631694945	0.0486783830470871	-0.3267359073509901	0.2552553351181736	0.3698073853206125	-0.1850436972028042	-0.551824118154391	0.1731406668223205	0.1830793420654979
12	2.9280901246550304	-1.986412914028116	1.1594607671645376	-1.0141528400321018	0.670879462488454	0.3603725255940002	-0.9100948614030328	0.0886267960570346	-0.0783295465387738	-1.3571209769887662	-0.6295949035256352	-0.9646101069826588	-0.3225506367129211	0.5333189458383742	-0.9310649378211991	-0.4667278519658921	0.0890695678075204	0.2511291586246695	0.1589810683146706	-0.0346132745000131
13	6.539110867657834	1.1587644249696207	1.97555537742654	-0.7984268113214501	-0.3820565307556691	-1.5167477531880331	0.2395327534049784	-0.1563647107153767	0.6222891628856142	0.3408673662240755	-0.693749080561282	0.6704458993735676	0.4086491090024511	0.6692486574052374	-0.1854558283808365	-0.0915780852058674	-0.1698564309216585	0.5703924165793186	-0.1666441717487816	-0.3919728975651457
14	3.0428000606397783	0.9507760894362132	1.3658243256536144	0.5117013703258859	1.4921051878679634	0.1568165984652321	-0.7268870024751499	0.4226469727799116	-0.5352474132425056	-1.0484260481645105	-0.1734506122897907	0.5503043731423309	0.4950710471535346	-0.5539158525484495	0.3388461497220185	-0.3064822033924734	0.1787800677317328	-0.3774111710806362	-0.5462630457143578	0.1127899433595454
15	2.8724695307752883	-0.308868929633076	3.4258432871270994	-0.48249939640821	0.9228791345511348	0.0567805549626978	-0.3370547979027001	1.6227892887298403	-0.1644482440383528	0.0523878622333786	0.0525311516217787	0.2713680076617661	-0.7091886954740607	-0.3789749799233242	0.399526497701173	-0.3723318523210928	-0.1419677395358149	-0.1910807841793289	0.3905311699296239	0.0177474919162579
16	-0.0136744239258064	1.0364460077907356	-2.9987802926428184	0.9149141197889126	0.701443952024924	0.6454809377471928	-0.4017199039825718	0.8957070695292049	-1.0369882161526705	0.9056813017663156	0.7333882831265695	1.4653086712206749	-0.1569589030478289	-1.1074309899862556	0.3274820463819758	-0.2645424009406589	-0.2057970904166914	-0.2401970051545756	0.1205987843323694	0.3751407257396204
17	0.3154596855770961	-4.308717469022364	1.1767327866531885	-1.9507089055071007	0.2997073048784706	-0.0740167487908376	0.6112216707753633	-0.054562493592464	-1.15151124070391	0.2345528258537517	0.3292513537971726	-0.7940107054689323	-0.3911939774858721	-0.9791901744001024	-0.0510321802522013	-0.383354941076508	0.0733913563735413	0.2164094499259103	0.6084460454646892	0.0482995157921708
18	2.5654370987261617	-0.9464504449192336	-0.4758261364727418	0.9919768833303716	-0.2404778665173808	0.4493904875805814	-0.8335022726964225	2.092310507993804	0.0678767314836128	-0.7707386306111512	0.2851947883535861	0.0835017334269982	-0.602180230693345	-0.5346398199759044	0.4148834906022594	-0.1351613425430251	-0.0831094330097208	-0.6966403032460402	0.161469634380222	0.1787104328488249
19	2.479607771362269	0.3700372826428288	-0.7976640253925511	1.2584533123415849	0.9279687873502668	1.30620097375761	-1.8612987174490148	-1.9600049447899195	0.476399077392633	0.4948247783238042	0.6963991044325906	-0.3694475288641649	-0.1662661157412541	0.5896298631997396	-0.1137760484972054	0.3646146177292415	0.2650951854728127	-0.1440940779984227	-0.1194006743841984	-0.3228846952578541
20	2.419764339928401	2.054959704047	-1.085105803510659	-0.3091794734377	0.7089851275771117	1.4676033661051395	-1.6234335047063315	1.0978495216418405	-0.1861548760398172	-0.9552338769969448	0.659882371410323	0.7245476905084045	-0.2843598378444651	0.3101599491312719	-0.0586668601379272	-0.1117387759803278	-0.0526173127584428	-0.3154172790291785	0.3788513483012719	0.1439516137566387
21	3.449759052800327	-2.462840734798669	-0.8232713471427198	-0.3583174330662313	-0.4168001527533427	-1.1126922289075534	0.7500396038864978	0.3661022565652341	-0.0899168013588398	-1.1387735052612118	-0.0933346188498087	-0.7971501462447579	-0.1065932624072081	-0.4957050228232305	-0.1315987830976879	-0.1381222555516288	0.1934088854133193	-0.516530263176735	-0.3300317321003443	-0.0239145303138341
22	5.3699105478086935	0.0963742313980648	0.2658330780327331	1.43277363005347	-0.5817514957128687	-1.8300866166867933	1.014123627107017	0.0310370523004048	0.1880815984050978	-0.0188830964378101	-0.7455938755434164	0.8168530185698542	0.9699865572488244	0.2184637442486661	0.2513254355091434	-0.0980244047391387	0.2013652447391791	0.1127474262460435	-0.7174092411309121	-0.3277194388124824
23	-1.2498994504065717	-2.027505375783151	1.3072186033188675	-1.603788873804442	0.0335842694544261	0.0108249412957501	-0.7734420983300699	-0.1779324372861954	-0.4228277918955663	0.7958118853364813	-0.0472233381583246	0.9441594670687392	0.5112181032612577	-0.0231458472654928	-0.0072544698108898	0.0292429992976863	-0.0329722214777206	-0.0990641137354817	0.5190948577929722	0.2876512899897934
24	1.3308985500845305	-3.240488021743805	-2.812771813316884	-1.168660516501275	-1.9375302119612352	-0.5773776704316642	-0.0501333944729061	0.6834114421469828	0.3291595236435554	-0.8972347567406611	0.4764878892408863	-0.0812715145901536	-0.0985645838234523	0.5130887684926613	-0.5175999436459846	0.3107923108574546	-0.0336143850180121	-0.0690741810365214	0.5567808504165055	0.0574152385115711
25	5.210321810778825	-3.212012101642326	3.5125916681941423	1.0613462380712786	-1.6750355455876864	0.1169760355910849	-0.301756147306166	-1.4563446085121474	0.3196599170218603	0.4985074250474153	-2.2468455859061573	-1.3117777439004614	0.2256796450862959	-0.5786854530787693	0.0624198249302936	0.6129596629886258	-0.1947475027847574	-0.0458523919670117	-0.983463596647414	0.3363736142225209
26	-0.3043904393218559	-0.6418073450998147	-4.630311394894781	-0.1440759668979954	-0.1052202711610945	0.3975933929926558	1.5305193563841173	-1.5012578187456325	-0.2071432448054424	1.0768615988864358	1.1572862479548438	-0.2134305946471153	-0.3375593499158524	-0.1232052845372813	-0.0867949369439862	-0.2852918887000939	0.1052901711759409	0.3365915941282811	-0.4874398156531074	-0.4259235641673262
27	0.6892885895807517	2.493868070647678	-1.0033296873540587	1.2714631357651118	-0.9011063463060118	-1.26401579444339	-0.7892476668072361	0.2586518471771764	-0.1076115802934798	-0.4035078604156037	1.0578773921488678	-0.1446387289610458	-0.100220322859843	-0.9613244956353242	0.2602326806287736	-0.423553229010384	0.068893213167712	-0.1258656428182849	-0.4668684893218358	0.1538086248878984
28	5.237887432370026	-2.46517921312896	3.3904603603563093	0.0001635824274419	-1.843478335428444	0.060700907992329	0.1561870528914952	0.64552431663942	1.1309857163168586	1.233320782387332	-1.4185744260271096	-1.0878257248676642	-1.0429279507875675	-0.3564101794896182	0.6741089117221173	0.3462728788872695	-0.2623123447105691	-0.0296694202638132	-0.45783996483831	0.1468218712281634
29	-0.0987980613506005	-0.0645114273562914	2.8435336256755246	1.9418588159632948	0.5745383420594479	1.5413481052625733	-1.3986499206855083	0.6526108591916286	0.222140751549563	-0.0629296004965407	0.7062568917866199	-0.5750165253656556	-1.0090512067650392	0.2525143050734293	-0.0859581764103487	-0.5732756440591302	0.0650702254613939	-0.3004857073652882	0.363875389409817	-0.2514167691375055
30	4.508621596745262	-2.683690467174668	1.4854874429136322	0.1381687555234219	-2.402804331262129	-0.2822944309869317	0.7535603661412069	1.175108047066757	0.5680688228404942	-0.4944628277400429	-0.4904781841040768	0.2999893418507282	-0.0290483032459105	0.2049357485926464	-0.3096125735486636	-0.2329750281766784	-0.0389781453373245	-0.2649059962619748	-0.2945767985492966	0.14765110880347
31	2.665112901332501	1.300942458873705	3.906700096263856	2.6054879067425016	1.3417060082670282	0.1884572928804591	-1.4535795099807642	1.023063727341238	0.1493679766136852	-0.4045890857802365	0.3211634039946287	0.4742205696516164	-0.1308348112513426	0.2231174131255642	0.3526101267636421	-0.8367511887332526	0.0700460959096958	0.3169580087181867	-0.2659146104395797	-0.5265392811419671
32	5.406561261929403	0.8771930961230108	0.9749483303571492	-2.0948238344624226	-0.1300663703673521	0.2240044505893852	-0.431207417433098	-1.0839192024838664	0.0460679401076968	-1.2736678652782083	0.2613881612789623	-0.0887674975458958	0.3800147430847049	-0.0715388493804027	-0.2297451147699525	0.1600753379262727	0.1117652455916093	-0.247794365338434	-0.3509786452912204	0.1995638741423286
33	-2.161200824675202	-0.5832127098482911	0.5858627349718388	-0.3523808504801398	-0.1198704529172083	1.8178714891509509	-1.886958228869625	-0.0541400776893685	-0.4705110126724503	-0.4708187930288392	-0.5741586212830003	-0.0491443283873538	0.0156393732450093	0.3705830071170695	-0.0900977267016585	-0.4843074787261692	-0.0529645435203534	-0.0245112556919568	-0.1084358053338223	0.2607552821078984
34	4.089993807535482	1.7472447516237064	-1.2637626066051175	-1.923524741888345	1.3732525174368568	-0.185438179277332	0.4674251462986505	-0.2324446825880106	0.3797356572549861	-0.1596311365318807	1.2163041256788607	0.6223807561804717	-0.1401774628032077	0.3895206156589879	0.0446059780708822	0.0096613455854104	0.209008589906908	-0.0939369077063805	-0.0156902858001823	-0.3033042397730012
35	4.678253368166146	-2.5909573533828243	1.0608062194475194	0.7167921221977434	-1.6355033301181583	-0.0643723598226113	0.4661500791402759	1.4467083611447928	0.9911960132059998	0.4749299643577639	-0.6157021237122104	-0.1012007670963983	-0.6571921682834505	-0.2729775990508827	0.2272423525289384	0.2095575544442276	-0.219684611966251	-0.3767365571049286	-0.0896351996246092	0.2686879687498207
36	-1.6835489472151544	2.5086872746793523	-1.5153064431175645	-1.8422838844644485	-2.5206023093884795	-1.53087173714726	-0.5412925747486361	-0.2744509803861388	0.4985272761436223	-0.2533867660142224	-0.1117189897417882	-1.3057555914914127	-0.0518072967734353	0.2377960109200998	-0.1853556714834474	-0.0964915057431525	0.0942668181521249	-0.1426032034676421	0.0081170828092962	0.2931406743501776
37	-1.2823544258888608	1.111275320336463	0.2985976183666621	-1.7458546436962603	1.3742350446566256	0.1797555819449225	-0.1827433276423256	-1.4009585123930677	0.9638738029609412	0.0352282360506965	-0.3882633054777886	-0.3544880299271371	0.1201709965843962	0.9768515038721866	0.0183624900616963	0.2013903414140401	0.4906824246191448	-0.3655465596206344	-0.5240888101647125	-0.0613118531997356
38	-1.3664876385030889	-0.097488722528934	0.6520600758416022	-0.6222642832904182	2.4288774704426537	1.5941744237552111	-1.4128758517155595	-0.7865190365120829	-0.356630619916475	-0.3291950352321204	-0.0917425938886533	-0.1256728111447076	-0.0844224646119959	0.0897961215115081	-0.288211927982418	-0.3369549542108423	0.0487825062541205	-0.1994161211115344	-0.1806244222398939	0.0953847682373139
39	2.516914086079262	-1.2818829306247654	4.042909845917096	-1.4746213814462212	0.4965442720905244	0.2712599534576743	0.7181440185597503	0.5046730756857332	-0.9765270171379972	-0.7372054900904093	-0.5740401204089589	-0.3349644913143033	-0.2840605311053279	-0.7244944369029227	-0.022003563257575	-0.7095377616198809	-0.0454448785826535	-0.0621208163900615	-0.3008369028777262	0.0416768694156184
40	-1.0497065976956526	0.1675001245242906	-0.8582569194077381	0.0216019934997344	-0.0276178796280959	1.576170301866428	-0.9491602805819226	0.1139172497063145	-0.048308925773155	0.0520970552682602	0.6952825632252951	-0.2723051932751525	-0.6407559483343936	-0.2146862917821614	0.0322812637432599	-0.2725061944256701	-0.1044296605565229	-0.389839853608775	0.1665485637586852	0.0995742870672069
41	2.7684309629965336	-1.1349505976217007	2.276020348012884	-0.9086845292300028	2.705314501652804	-0.3890010719878116	0.080879851563941	-1.3442317793843943	-0.5807382532687897	-0.1623247926712057	0.3209009200614656	-0.7612961747813047	-0.1070309969494358	-0.7937165322744164	0.1431512957254369	0.1177699424952329	0.3022530277671436	-0.5170976300957566	0.0454431160084642	-0.1619902387186966
42	4.646660359217133	-1.7849661290301684	2.76802295924094	-2.8067269473383885	-0.8553424994367766	0.4690186709498558	-0.4766426085600321	0.4435941701255781	-0.0556455806830293	-0.6979138153033115	-1.2581734698581957	-0.0919300979388966	-0.0975797768752988	0.1979998052817215	-0.2061884469311024	-0.176616930639863	-0.254400647038814	0.4175449083241656	-0.2294897614175322	0.1328737309773133
43	1.0586138970359906	-0.4946288198810766	1.5419231762639838	-0.9351939624015716	-0.0793913186206189	0.4968483027723192	-1.2572358283156553	1.2102893069939848	-0.1115738449090977	0.4356381305619596	0.7515912153282938	-0.1434905233538161	-0.9601938782805836	0.2733464927779145	-0.3243390106397839	-0.7738412037268496	-0.168692994185406	0.0198570636495158	0.7939831577060024	-0.2797262079551599
44	2.5751666625110543	1.2559261687268826	0.7297348689139567	-1.0105085897198602	0.2627386966505938	0.635268872558628	-1.1999514930151327	-0.8147142648474639	-0.2276924740714094	0.2161331227987706	0.9073169830313544	0.0344955229916044	-0.1434570449457259	-0.1125053385887326	-0.143110172408901	-0.4557895903565701	0.1080033141904941	-0.1435519500156399	-0.1332841819347545	-0.1017054483539956
45	2.220352289207371	-2.355716752786205	0.6592875891320971	0.5637453652421645	-0.9984634985628204	2.349020260337644	3.8359769638927967	1.5012083566768015	0.8816694262037728	-0.5167541041379582	-1.2705229849905488	-0.1728202489297681	-0.3871989155245172	1.1442687251467412	-0.6530007702732994	-0.6438356728454551	0.1529895877909304	0.2698585242796643	-0.503745518292845	-0.2935433190805119
46	-1.4902551248624842	2.374382651209792	-1.1849387464725625	1.7933582331297426	3.0187731175349164	0.2683560565468266	-0.605047461572569	-0.3772044376350369	0.162793187960236	-0.5622349199576522	1.2956410260705131	-0.4935735856768319	-0.8227262323651585	-0.3895160557645738	-0.1011356364001314	0.053389076309724	0.135857951635586	-0.161653092258641	0.0443187893612813	-0.1900347766377264
47	1.5015097184082045	3.2862458464148987	0.3183547959116615	-1.01996276085311	1.431107632808601	0.4440355663107826	-1.8221343830807133	-0.2180357319100143	1.1460022769288627	0.5550809112968349	1.5653756509509482	0.1367029473193381	-0.6556670809379268	0.1360940814692277	0.4952450205764179	0.348890458973571	0.0437932684925073	-0.450149196222279	0.3821812591393976	-0.085071638639472
48	0.4989158211139086	3.4309384482201706	-3.5817990889497207	1.7950401489753762	1.0939004126925695	-0.9278498715700164	0.7571404115767053	-0.4212896497369169	0.298574494528967	1.136622919687832	-0.5932372694139647	0.262728069315755	0.1838791967250772	0.5776439233292443	0.1754131672042214	-0.3898479772510583	0.4570030974528656	0.2063427944009337	-0.6075104016314898	-0.2583540314410291
49	-1.6125324118514737	-2.4151929107829417	-0.3116254339061386	2.688370769060656	0.5903632088426001	0.2775844478628162	-0.2795883334239781	1.239171664033584	1.0488347981751691	0.699343545762692	0.2981268103444141	-0.1818203312334647	-0.949372638324351	0.1061474665501158	0.2930585042730684	0.210046130257254	0.095661451128052	-0.514982183061166	0.6225269221730625	-0.0281921912900058
50	5.35795585946132	0.4421510826444705	2.288372704932419	1.1831255411862411	-2.3142409114701863	-0.2882355294666876	1.3460526653578726	-1.8360867834895385	0.0508302416401611	-0.6726716786382159	-0.3452013685275469	-0.3341810953389634	0.8481038922772415	-0.3232605758561071	-0.2548440893053274	0.3895984524622413	0.1720071180414528	-0.2551376698899883	-0.7946335509427942	0.194061855204894
51	4.334599112435305	-1.6572600608923385	2.806875660027357	0.6601019594867719	0.4490387256508441	-0.0660140434437739	1.8810369498535544	-0.9119184189967168	0.8684142194472755	0.5717714849529625	0.6583296783799361	0.1791947578712998	0.1304458421497409	0.1247506155797637	0.1070566529232928	0.12699330158296	0.3364615467669303	-0.1809668761127536	-0.5035056013101129	-0.2446686283630432
52	-0.8499957711106534	1.938123916676317	0.1454068698944672	0.1097743177717394	4.512345352543257	0.3828310121147478	-1.475097509453123	-1.2692842272827645	0.5790390082769483	1.123588012913488	-1.0099974301497483	-0.449712543328034	-0.5027257561285011	0.4537009120920068	0.2531198475320715	0.0902544373172595	0.2506522789482055	-0.0065450716346955	-0.4075652614944611	-0.4624367982782749
53	1.7856738531310317	3.3779751963262283	1.1719774475743334	-1.2148758198199214	2.2823498074167183	1.7261704474867354	-1.6872781426433376	-0.0851204597300996	-0.3927300985623287	1.2678993791555773	0.5997349744591571	0.6025988717550232	-0.6908003214253702	-0.3260710527465207	0.6232223415330638	-0.0861834062174295	-0.2115759788435056	0.1439501818532544	0.1564985527591997	-0.1825101730208755
54	2.491792098523037	0.7507404280659304	3.4409449130980416	1.6596565998716368	-0.1822291575395382	1.3619256730959233	-0.9233011551823024	0.2986165599642407	0.6744692810065921	0.5439799816463353	0.1702372044620017	-1.0721077729303312	-1.1937564272738497	-0.1913590953278365	0.3890420471767606	-0.2774798168812573	-0.143374390921732	0.0158942735453013	-0.0961439275692295	-0.2074214142370243
55	0.4581140835365023	3.3201255258665148	1.0028668600625947	1.002501608269517	0.901504317699736	0.7149315544757489	-2.068478104661624	0.3493223530640743	-0.8437406064801451	-0.1532226041248516	0.194864253731986	-0.9027417001982458	-0.917587598567052	-0.4387779953654487	-0.3666736646158113	0.0154503269955306	-0.319846125625375	0.1672311658646048	0.9030180963957196	0.1383823813589133
56	-2.0032458589751805	2.165399526887632	1.1171880434493158	0.5865682316707908	3.4124163025762435	0.2717291372196602	-0.8818239907417129	-1.2812602982672208	0.2277815028272782	0.6138945543857421	-0.8621750239303725	-0.8911523020873178	-0.4841994672446317	0.0310814521936571	-0.1110485003419028	0.1005444539213229	0.1974445202453765	-0.3080183199613433	-0.2887838127762694	-0.2024768748510679
57	1.6697077753503182	-1.950674185829805	2.6215271003282345	-3.0352469828114885	0.2379859473159129	0.7034232807089946	0.1577045263236507	0.9194183211247196	0.3178565408706038	0.7043104700747709	0.2027168259132037	-0.186664521586878	-0.90358489414736	0.4151124942257524	0.1282391953430797	-0.3178394471590735	-0.0323615036965527	0.2622965040803766	0.8296384000342099	-0.1953357776004898
58	-1.2415380176023272	0.4765558576711928	-2.4954831991941777	1.327682201521318	1.1572387997569322	1.7609331610631518	-0.3253363206073714	-1.567639994621008	0.4798440671783424	0.5633474951508017	0.2038601708334408	0.4972833186920615	0.1089947924630942	0.5463343401698175	-0.2230911002164979	0.117984685987917	0.2529104479609039	-0.5660026167638161	-0.5942541417437002	0.3096328112392195
59	0.5827734663895843	3.246413610184102	0.6586915751382867	0.2911910916432791	1.7352550897453014	-0.143154831982871	-0.0344491046891994	-0.5040313181163296	-0.7132852196675672	0.4035299149231452	0.9607176989679442	0.0992987251464532	-0.1821783168943964	-0.270218642717424	-0.3906191947175848	-0.751555344200284	0.1474087383306646	0.2639860400730445	-0.0301853141343175	-0.3895640314563087
60	-1.6861845808525588	3.152829042333244	-0.8485856077938061	1.986570295093161	1.566290246916104	0.344731466379331	0.0055503354606281	-1.7311018055238605	-0.165128327703679	1.3245043952437687	-1.2166100362849652	-0.3694959382526557	0.3263733033489666	-0.2309066949125053	0.0074607562308153	0.0132808258451646	0.3944383705530718	-0.4758112172010751	-0.7034752146173271	0.4334796073679792
61	-3.6642900889552577	-2.63392968520762	3.0872286044938684	1.9702941438525965	-1.166200612570293	0.7235166528931227	1.5626845654453967	2.1060266826758567	-0.7976708967298287	-1.3225698208354462	-0.6443852970842054	1.0195087683561388	0.5270600130239638	-0.6558588512849894	0.6526923478890034	0.0342307973788926	-0.1774238174211397	0.4228295594040663	0.0164865210817777	0.3333484321309266
62	-1.6201957219062546	-0.8543965682460997	0.9749941346886308	1.2635318812339182	0.2434401991048105	2.3966963353871886	0.5828335205554667	0.7516432834592339	0.1428795015749719	0.5450362870227441	-0.4482032374432232	-0.1432448226203186	-0.4533010090574185	-0.2734219149314079	0.4043359394435009	-0.2825197466146321	0.0029161551439749	-0.4236646875615317	-0.0577818243719359	0.2205877186353299
63	-1.7654099927481417	-1.404383347935217	0.4781854367840792	2.633957777839706	-0.8868476028907041	1.5762586204258344	-0.7045998803266449	0.8487630219503077	1.5271761887912638	0.0633204498397301	-0.9307404077704536	-0.6518950131667447	-0.5392503682531382	1.0842627743681348	-0.1270245284242199	-0.1738746459038438	-0.0219598451969851	-0.1410741973636273	-0.0416985934746914	-0.0421024580846838
64	0.6882193816126696	-0.4153353622157827	2.572582208144992	2.401908876327104	0.3233202648541179	-0.3373711753116257	-1.9533100927890508	0.5413060344332297	0.2717326650950435	0.3684678663454417	0.6298223268540082	-0.5073943386372983	-0.4750457235307612	-0.0574483543629611	0.265267186572951	-0.6882734985690995	0.2693846110422022	-0.3275631043663676	0.0759646142832903	-0.352024241471276
65	-4.588051137581888	-1.0983942123198578	3.026495410756029	-0.2269202193570816	0.0108703727392125	-0.3247731760509555	0.5209135316194726	0.7539040024041728	-0.159059429610457	-1.4760369394267507	1.1230459616867212	0.1814801913558588	0.0221130156121107	-1.0696135670512843	0.5295864715434484	0.1463727815022899	-0.193816781500292	0.2271033797409405	-0.1567768218188336	0.1295526026758731
66	4.836172355257299	3.6878243182997137	0.2138877175617663	-0.2416829799543958	-0.2364267765863488	0.1344406941150051	-1.3850186777481084	-0.0315488381687996	-0.267822261478067	0.2129828412395664	-0.0858828693624036	0.83312981814501	0.4378598939383389	-0.468837828168791	0.7644400177476478	0.2343402489560553	-0.1482994169720406	-0.0063628386667513	-0.3371026688654193	0.0681563103559179
67	-2.161462875904215	-1.2913895304525955	2.1655592772099634	-0.6663258307332232	-0.2503940735734176	-1.0395416325319378	-0.7153415098841669	1.099312306488979	-0.4544908819288928	-0.9430050670094008	-0.0643178732293239	0.4899096192354042	0.1436495119344458	-0.6204096464689641	0.4614704090464081	-0.0126350276028723	-0.0340877803678374	0.0385049722133761	0.1480078995870397	0.2234507110804751
68	-0.4966764568806514	-0.6724212129768621	0.7592988594436272	1.6459217643255872	-0.2674578785571668	-0.1649919908685628	-1.4186753506621783	0.0709699550521736	-0.0216012642028204	0.3132979462341236	0.3688225676604166	-0.0091277682625241	-0.1480685502502003	0.1650617396199116	-0.0549531317494476	-0.5361886170704757	0.2605833588466772	-0.4029383387835832	0.1233541275959919	-0.1899975095174033
69	4.112198867767689	1.7116439044141945	4.692535240522425	6.729914996384982	-1.6123247024801444	-1.138555865029291	-0.5511922578886312	0.1394966281133025	0.7380080668493565	0.3548757689119821	-1.6444349111005816	0.7244203592824183	1.0713149084564155	-0.4260910031473877	1.2575616071080398	1.0849359179727216	0.0502963109580214	-0.0974802250587298	-0.8147196058626487	0.154590944591221
70	-3.2038694255591538	3.3557306778258527	0.4430312139429182	-0.8184744580777821	-0.4595596670650259	-2.494255284401929	-0.6298790222069655	0.1400786375440144	0.5342030422305615	-0.7808158520290494	-0.0956239628755351	-1.409374566704753	-0.3240168440008331	-0.4850925699671364	-0.1400188416579708	-0.0064695991106127	0.0666633019239526	-0.2080630444428823	-0.1443153985628309	0.173205645662148
71	-2.965693709586525	0.3641847365711175	3.946843787885664	0.8528588478015511	3.461033418434557	-0.7181286908519002	0.1983517452681185	-0.4516009688303986	1.0282751169298865	-0.2771569520048114	0.1761622231379509	-0.7814828553710784	-0.311784068263214	0.6554544418522639	-0.0998304313240452	-0.3031381312893799	0.4509212918983749	0.0276869604339164	-0.2679094069733696	-0.7200154121009588
72	1.5187800276580594	0.6725452717830567	2.184546024681969	0.0463055936829324	-1.4637706887478714	0.5343801211368895	0.0288533321642163	-0.5564484505488676	1.0549567035363403	0.4492574503469246	0.9465721591869892	-0.6401375281722332	-0.5238538024114829	1.1392452148679233	-0.6252599838165245	-0.7889212778006076	0.2540948386229296	0.0123985083681876	0.0995034839812594	-0.4853878237488365
73	0.2202901742861778	2.543304871740125	1.5012736695577211	0.0120437780864417	4.297360832148655	1.1012898625009502	-0.3092569316833127	-0.4897010172822615	1.064070363003747	-0.1647441295396656	-0.7335461035142958	-0.6484264792318806	-0.3816734288997656	0.8516644306703114	-0.0007094759645105	0.2595410969098033	0.5416709377403244	-0.6698069500844479	0.0149041738852209	-0.1160250613012783
74	0.8526912324734468	5.863962645431839	-0.8617475174407809	-0.3469375986981244	1.151054484182897	-0.9117247097712866	0.8760858127952127	-0.7015182176307069	-1.1927216739392734	0.9119865230037736	0.2247143953954027	0.5857243637310701	0.506799662129084	-0.0452343832581014	-0.3643527208804697	-0.508890278901454	0.2896901000106382	0.2296172489947121	0.1545813767106953	-0.2278950425997292
75	-2.9374135246843367	0.8921800748985003	2.6838301126290407	0.7987844597435103	0.2256791678098331	0.9193169382947008	0.4262862842122836	0.0077750563762744	0.2899761573352406	-0.6418295747946157	0.8209229573087744	-0.3247256828078706	-0.1518670372572179	0.7032745693754272	-0.7127917369274228	-0.2652896657278027	0.0927189734911664	-0.2570196933444908	0.5015007995715064	0.0438311656548267
76	0.2516487862830283	3.2395501635979	1.6050363222005564	-0.3331238010065984	1.6633762712136502	-1.2215739704004691	-1.1550303615692186	-0.2835198568142485	1.0047704841826322	0.9447792826727704	-0.8288017323842491	-0.6965012520076366	-0.3654248713855699	0.0233085043712328	0.3117520495116062	0.1500232588490107	0.2792563153952834	-0.5287418309723986	-0.1834873272689452	0.1251023149026773
77	-1.3959832767219158	1.3278266777011811	1.3129168373198168	-0.6867188417837067	-0.9661437193902672	-1.048983934819427	1.2160619674604036	-1.4646649199960646	-0.3501090548021115	0.0283042796943864	1.47982678916085	-1.064754737900892	-0.0220586014217749	-0.5585769910553218	-0.7568165980618011	-0.477480371167335	0.3155584248614396	-0.3489895528194946	0.1503426955347753	0.1044996850862967
78	-1.7901079853516029	0.6522658903428702	2.1192537489725383	-2.3054122006686963	-2.174286402590809	-2.2857649662646	0.4217118920210887	0.8374246142391928	0.4847806264594569	-1.1886335499829837	-0.5558630982947075	0.2324226927323485	0.4649980496040102	0.5327274764204049	0.0446966081336364	0.31954530466734	0.0985384946025398	0.1464767152140229	0.0786155983877567	0.0404513696405013
79	-2.6273917756700467	2.8561637175361265	1.0267178387143103	-0.8573916223230373	2.5504520361038594	-0.384120172951258	0.9992862457613634	-0.5918675190360934	-0.7925769647861558	-0.6835630584105903	-1.4895744775805535	0.3183636002110814	0.8416211052821128	0.1659903769737987	-0.6338166321374543	-0.2294274944452716	0.3869668160932988	-0.2251471173898753	-0.5333101127649367	0.1237200129296853
80	2.648770615952237	4.263967545734217	2.8372768185761554	-2.576751185368776	0.2783427376119256	-1.5576284254668429	-0.9255926053258868	0.6255359747221045	1.3882298275165763	0.3978744828036629	-0.4926203841135925	-1.305709567676108	-0.8024173198293978	0.0570738596839568	0.9744129793887866	0.7935341516254795	-0.0855066804519282	-0.3356707909205756	0.6314297459132274	-0.1527914525354843
81	-4.02443553881975	0.6942193766203589	1.6122346577776432	0.3800607119874772	0.1258554771182041	0.5898240416758451	0.4095804833498335	-0.4489364409830689	0.2989679421844626	-1.567173284617598	0.4625894662372833	-1.776466564471204	-0.5538658541745702	-0.0442086816755491	-0.5652336629767459	-0.2056300314404602	-0.0014564038765811	-0.1938816357389701	-0.0455043400840113	-0.0261984146015477
82	-2.615770184128153	1.7066005659787882	3.6019915723237284	1.6639641061861052	-1.5205626882240042	0.0265060014390936	0.8922959837379403	0.3458947309830225	-0.2014410658519421	-0.6207047734477757	1.2522168265864058	0.2876986382563009	0.1704114233046256	-0.142477312250385	-0.6464367849602629	-0.5933906953703278	-0.0977435804911586	-0.0402898526812176	0.2161718028336321	0.2020433641976078
83	3.9585742908548847	2.5890677038611534	1.9447892948918213	2.0635453299082744	-2.359661338192464	1.0970320376157208	1.4138373395327035	-1.376517660084844	-0.3533903118253012	0.5465236137600809	1.371230894923113	-0.4798938866399327	-0.1376272484078518	-1.2222000559668018	0.4473216662541035	0.339058691877856	0.0913266482495984	-0.1929636898710374	-0.222581445475853	0.1803613774203656
84	-1.3917316428648163	0.8863796802222079	3.2735542695545177	-0.8030479914485955	0.0240624278810415	1.6954469263794802	1.6307721726432782	-1.0874855306025035	0.6577884362312072	-0.1586470513552196	0.4956373142955326	0.044989647292069	0.2420502137030853	-0.1981928100908376	-0.0153722460085012	0.0337060610354136	0.3354081446957586	-0.8277515690636559	-0.6420201412537271	0.3694404009261811
85	-1.2119353605032304	4.710917045265826	3.0453779716193967	0.3186766484461802	-0.2558912094268137	-0.4305543819240771	1.2757077138936652	-0.6208745630165535	-0.2208957673658127	-0.2970383631375195	0.8987680710514216	-0.3942561002678895	0.1282161503565939	-0.6366216277526568	-0.4499912173787641	-0.3352784574684264	0.0580833435761753	-0.2924085214436811	-0.1695094328135122	0.0637942200993615
86	-1.6844524473986695	4.0134103736862725	2.6306542658706977	1.197823728224522	1.3330056574045772	0.9161607604394906	1.526839213398715	-0.1685219180627197	-0.688783811065314	-0.5239490737727113	0.8366191313883679	0.0085748581462672	-0.0240415213013021	0.0540309934353437	-0.8567338107979388	-0.8730212424313528	0.1599626499992972	-0.0390141572961493	0.0552031409351809	-0.1857890293892969
87	1.7422101305547342	3.510769295622615	2.5303748181077794	-0.2171560313118643	-1.0117664031784486	0.4767107498623755	1.4215589926039294	-0.503359955817015	-0.1582098441664983	0.8282755308687559	-0.0490960335846888	-0.3318189377457665	-0.1094439275001262	0.2181508616855865	-0.3513731923276189	-0.8408341215330459	-0.0029336536970525	0.3478740110294058	-0.0427095540824526	-0.3703229386943638
88	0.9582667347749724	3.1097192582864035	5.345853476155916	-1.238527627117973	2.3827149351367503	0.8435794754153303	0.2921582117515044	-0.8177051587316986	0.4824202991554158	0.3772014223839346	0.4661245669984954	0.1497855627474349	-0.2617814249768946	0.8668023485936658	-0.0003105287761839	-0.300630826438713	0.170332522601285	0.1476776701518769	0.0925456016382182	-0.7501739367622546
89	-1.6824471748651586	2.693580847920656	2.947167484461973	-0.5826300336025572	1.1482129822927511	0.9563993182655413	2.031841590273951	1.4285706847471142	-1.1987261692529487	-0.0341193013672114	-0.4828719968865402	0.2018515579187534	-0.1778234870343586	-0.8478338062920479	-0.1405614077693555	-0.8204992604686723	-0.1848210864661723	-0.1220608012726476	0.0849218126135267	0.1507895155430647
