label_id	Centroids RAW X	Centroids RAW Y	Centroids RAW Z	Centroids TFOR X	Centroids TFOR Y	Centroids TFOR Z	Longest Extension	Major Axis Length	Major/Medium Axis Eccentricity	Major/Minor Axis Eccentricity	Medium Axis Length	Medium/Minor Axis Eccentricity	Minor Axis Length	Orientation along X	Orientation along Y	Orientation along Z	Roundness (Smoothness)	Sphericity	Surface Area	Volume	X Axis Length	Y Axis Length	Y/X Aspect Ratio	Z Axis Length	Z/X Aspect Ratio	Z/Y Aspect Ratio
1	103.34884379274966	29.975112859097127	8.751763423392614	-44.06521845072927	-6.359609945232439	-0.8030703185784731	8.811508341479575	14.21073696386252	0.7529466767074458	0.8781244156618606	9.351823544207836	0.6866260780852672	6.798876237664773	-0.5286454830207831	0.5412476008933884	0.6538998301031086	0.7887972760517938	0.7472473433973386	299.6977638060996	232.13080440000005	11.23397926281678	7.742695571110336	0.6892211023335066	11.700044362576367	1.041487089201082	1.5111073727645643
2	111.1203835445932	25.555289023801663	9.36720794066096	-35.84299011525228	-9.00121528068907	1.5901131792612122	9.206187846940171	16.518517489523525	0.8161883717680637	0.9335825336953903	9.544166430764356	0.7844168405765127	5.919616564058445	0.9379938596667	-0.2789955175566159	-0.2057401769487013	0.8137184505787579	0.7462273831967544	319.754984565084	260.439277725	14.987600719719984	10.136407360404904	0.6763195490701785	9.72905376923222	0.649140176014376	0.9598128235489134
3	108.42908350168352	31.04506464646465	10.415745332108967	-39.1749595089002	-4.05204885364705	-0.1080901674109642	7.979621351578961	13.228105542266096	0.6413589577843447	0.7354548333096523	10.149144365644268	0.4691277451379805	8.963017092041762	-0.6848228527908349	0.2243146046910131	0.6933257664458584	0.8184955875357067	0.7646991502040079	351.6928946141528	324.20115337500005	10.12539570498798	9.980288712997387	0.9856690053190602	12.778087228620608	1.2619839857049593	1.2803324228466089
4	115.98466074400578	26.336751400235592	10.31752346392066	-31.12083922142989	-7.320704016839651	1.8184737281808272	7.869620508495344	12.632698021988848	0.1101658879222349	0.8877268058661244	12.555805493635305	0.8862590209353618	5.815723163174328	-0.5587580784600477	0.6947945158000344	0.4528244588908939	0.8324760750857759	0.7710208803860601	345.085980146009	290.17453162500004	11.671875123564384	9.873003128041908	0.845879777115613	10.829871594792971	0.9278604748716436	1.09691767077773
5	96.70018808392288	31.689626262353517	8.752484203704704	-50.86752759163309	-5.615678784500421	-1.3681687557140718	6.582780849127524	10.562503747659438	0.7587728908749165	0.800756537060348	6.879942580296503	0.3928429161122337	6.32683366357961	0.0708121232360654	0.5416438818053858	0.837620169590963	0.8339283875391411	0.7936072292273418	196.1363413500113	163.33660530000003	6.664839225811001	6.779687334003015	1.017231939781419	10.278944347232953	1.5422644116343516	1.5161384059231868
6	101.41661578221915	27.32493246037216	9.77527567195038	-45.692701278442335	-8.343406236257666	1.481747064633164	7.564424500482076	11.799657257709214	0.2949690707350326	0.8814903181887469	11.274652762621344	0.8693538106399773	5.571822882583772	0.0021274252146623	0.8500013327427501	0.5267762412993819	0.8109345644375373	0.7651487215556523	281.88426948469373	211.18557735000005	11.37806031537552	9.265369188488007	0.8143188673351845	9.51582697005693	0.8363312116739179	1.0270316030018654
7	113.65493338779147	31.20242939625724	10.018109962126838	-33.99698650654729	-3.5393634626347668	-0.7547228767750205	7.95457583942237	12.302569223439122	0.7591385706054151	0.8035559357405746	8.008099720658235	0.4047434075551756	7.32284903210432	0.4676662123041198	0.5667177213444712	0.6783209698831729	0.8417066762194747	0.7681416298714652	259.0971051726658	237.56447880000005	7.347044704645491	8.119837313926212	1.105184144148747	11.142928144182491	1.5166544634112389	1.372309285688695
8	94.32502110705076	28.00916551985432	10.838586670903558	-52.83342893481704	-8.006085817388428	2.368168899629965	5.93037358122178	10.651590543501197	0.0324534409971229	0.915312490697206	10.64597980060806	0.9152190661643884	4.289868345191833	-0.8558572661785121	0.3277637797845802	0.4000990434764481	0.8569485193677516	0.8024221330249778	235.3461172927369	180.433714725	10.062799337255043	7.742384494189043	0.7694066267946699	8.340868033168494	0.8288814825401992	1.07729964062475
9	119.74996279887412	28.69579850829684	9.718472274440863	-27.646651818903976	-5.174513271127744	-0.0322970099755417	6.646775742336485	11.126713638625528	0.5941945923501105	0.8693077779344284	8.949453005337517	0.7889016004084058	5.499613742862806	-0.165148029098043	0.625589226825432	0.7624724570533614	0.8578303809425653	0.7906639757813249	243.79473195704747	217.01839747500003	8.897409954699071	7.669509482804746	0.8619934926966221	10.556070983036838	1.1864206591337023	1.3763684635508755
10	119.9160769018276	32.99821202779993	10.50310300663607	-27.9978994336732	-1.0638516941410927	-1.4928064712638849	7.994531690007033	12.905487063739134	0.7094018671756664	0.7887185528879826	9.095841764899705	0.4890881544015094	7.933705712436319	0.0435949121126657	0.572513590297346	0.818735410595347	0.8551450930360013	0.8284527078676415	337.5621478914267	351.250443225	10.007168454258313	8.969313643186148	0.8962888637464146	11.65210618974886	1.1643759414073402	1.299107897581527
11	102.87128994233812	34.989257692503955	10.659308822778998	-45.158646993541446	-1.1487187855709289	-1.615143520370393	7.35579862219605	12.34432082738131	0.4182741540088085	0.8467671128961253	11.212603752463169	0.8105595316017024	6.566731490962862	-0.0887058072918654	-0.0409359158009392	0.9952163234946646	0.8833858113202123	0.8504102139212325	357.8356464074088	388.9421489250001	8.954906139868726	11.418957772632336	1.2751621953683294	12.361929672719056	1.3804644604460672	1.0825795067170425
12	57.44377312443507	38.794382750173575	11.151378099741931	-90.72128919264404	-2.629085874022977	-1.1308479095246744	6.754261520858416	12.823111255306344	0.6451311408546795	0.9289776579726916	9.797778500183018	0.8748325858452216	4.746292552428555	0.705292722527604	-0.6468075896027505	-0.2901760113825399	0.8145459985240502	0.766889044450437	229.7774765658505	168.34026082500003	11.209705453321476	7.595015705244688	0.6775392749498389	8.209792578679409	0.7323825423304783	1.0809447797468268
13	125.5192687718942	31.06149150632076	11.491899274001115	-22.225358191320616	-1.621746767743068	0.0854470766945274	7.708660259699902	12.538999366477434	0.7506025076536793	0.9229451788026636	8.285194243470503	0.8127849277367774	4.826654812325961	-0.6577143128477584	0.463723595442671	0.593609559984442	0.8861181175461613	0.7734113341129509	243.29354200954583	217.18158412500003	9.910933068783102	8.217269350993096	0.8291115774835961	9.719539264118678	0.9806886189891378	1.1828186285440463
14	60.73493011349091	34.34768068947863	10.66978837784794	-86.92549182788119	-6.332663821628056	0.5160385331624089	6.469345420273681	11.937048024073547	0.7576442067682291	0.9494932721124943	7.790926861335052	0.8768431349584839	3.745695145492413	-0.9758332513151106	0.0595381756689912	0.2102490695955358	0.8905080673972511	0.7782172664213586	205.53695666191047	155.05819065000003	11.878648300967228	5.783178324792445	0.4868549163393906	6.860132465265561	0.5775179373487276	1.18622184549562
15	68.75645236391193	34.126270702648085	9.19200416789458	-78.90801888725898	-6.37561005061294	-0.9992076630915054	6.932858409745479	11.96424394121523	0.6751808580184255	0.9203631383619326	8.825451195454324	0.8479051513052149	4.678794904882125	0.4140669171030102	0.6135521657264313	0.6723855501817498	0.7979773268531662	0.7177479585614466	247.204810006102	157.14212827500003	12.188909619914924	6.781406518558812	0.5563587498818574	7.77959352080746	0.6382518013011372	1.1471946858689106
16	21.317829359958143	43.29070325252878	12.15021974189048	-127.13712063777524	-2.238951463553577	-0.9480615268282118	7.202429878368809	11.90011052802943	0.806484636456866	0.8348594745248783	7.036000415151153	0.3649989837152793	6.550572091919637	0.3939361598145808	0.3597303236966302	0.8458181815281927	0.8870274486364321	0.8009319174072423	260.8557202002257	252.89520300000004	7.398235274162744	8.130117401120234	1.098926581790861	11.44787201550951	1.5473787452380072	1.4080820055479308
17	123.71289050886575	25.83966826320557	10.371000483925004	-23.38959710348827	-6.871322934941566	1.7805436312453329	6.483389368207213	11.661070013009288	0.5592629822765659	0.8886720542476763	9.666913922504856	0.8330918151238946	5.347105805343146	0.910643092101589	-0.344095233839269	-0.228752330822564	0.8264754054442807	0.7751542916280125	220.469289170563	177.72128797500002	9.898112936059071	7.598786853993885	0.767700561014142	9.101904000893894	0.91955952207167	1.197810147301339
18	88.07474478131213	30.92808343687873	12.523545290755466	-59.41063928368966	-5.344065268461654	2.649366568188458	7.43663148897002	13.974201306886728	0.8170371704879835	0.9488173064346116	8.057314858301433	0.8366408990813732	4.4134085077830925	-0.8725987659258189	0.3189775539105124	0.3698982479088054	0.8585786621872163	0.725477293383072	228.4259667158621	177.47650800000002	11.39960121296535	8.24618959125927	0.7233752687664596	9.666972139498403	0.848009676733574	1.172295644250664
19	73.50121122266428	31.64064425516008	10.195159675309071	-73.92407874627114	-7.493139699777764	0.9004935214384127	6.648190796728464	11.039037490940055	0.5959033576337627	0.8915895611447814	8.864967004281944	0.8258421954358633	4.998966356043048	0.9632344464229542	-0.1708877125043819	-0.2073084439652295	0.8391030907587402	0.8035783378757559	212.59506287590224	165.17576295000003	11.420673755693642	8.597015047760262	0.752759008064154	7.1641416219692005	0.6272958824690709	0.8333289615255052
20	27.2407494147568	37.35555317765383	11.192574636571198	-120.54575951675722	-7.170482180568908	0.91151796704465	6.530058670451528	10.737369071865215	0.8008024418055352	0.8148775180880146	6.430917258275191	0.2517839294727115	6.223735446255981	-0.2859483942475239	0.7326119928050664	0.617667535026289	0.8553632258436457	0.8108863628848146	185.51540277083265	152.60598045000003	6.876664707221565	7.445046291705147	1.0826536713192798	9.006806136944476	1.3097637474582602	1.2097716769040583
21	31.970975736082053	37.49863065775374	11.360792149308567	-115.86831598618826	-6.443119915041229	0.783942495708458	6.706117063928399	11.405687737928384	0.7814727592044238	0.8471832384315432	7.11645752277391	0.5243117791897608	6.059851239109186	-0.5883895521967277	0.5755564861579995	0.5679194186741556	0.8566239942046812	0.8012305079708597	202.67882249848645	172.86317730000002	8.48177896560712	7.0791929630644415	0.8346353980420802	8.757704681701561	1.0325315853211097	1.2371049535441008
22	70.02383580936238	39.04234622862556	10.190620793658708	-78.24113997227046	-1.509267651080903	-2.6256389415135626	7.669956323700002	13.108841637883284	0.6350692174815142	0.8287328317903896	10.12599333887715	0.6892739596134825	7.336290270605015	0.3993081326853467	0.1214630977943856	0.908735237044065	0.78622061555701	0.7595658825483713	325.4739743784603	265.40764965000005	12.50973114950456	8.28354022777545	0.6621677259709546	10.252948864002548	0.8195978587764141	1.237749631446648
23	15.914140320126991	41.588563760830745	10.97114971228256	-132.28336764183862	-4.8848305309142495	-0.8950902404505374	5.750134984257063	9.395388548325528	0.4577221389352137	0.7175590612764979	8.353395752682538	0.6215456258008922	6.543866160245697	-0.0113684323361199	0.3540670116789833	0.9351509557215528	0.8702567509322262	0.8681198243284418	222.54257064633632	200.04478065000004	7.86633912307812	7.417945654374807	0.9429984568822078	9.351790538870253	1.1888364323671403	1.2606981736722405
24	28.22720740445473	41.9059866902593	11.663840574778575	-120.10579636778414	-2.9120322417584785	-0.9788980318263656	8.157934061119953	13.347468917039468	0.8012545478443276	0.910190054419788	7.9861058679555	0.721655634299727	5.528399570402192	-0.5233350020437201	0.3774326972246961	0.7639797344835726	0.8593007156854331	0.7663855657674082	265.2905316997747	226.82282782500005	9.16061172411682	7.449727241922266	0.8132346906822426	11.07439886599306	1.2089147755097926	1.4865509174179523
25	133.03028572230434	34.26481497558329	11.411140475611354	-15.139422889315448	1.920972734405068	-1.8949160936583276	8.422403372413374	14.576105652081845	0.6893078763190316	0.7899875468125193	10.55992984177124	0.5326952500123207	8.93694399428729	-0.736225874842544	0.676335849346684	-0.0232654271577003	0.7855878120786011	0.8396870953974845	344.4005780815927	353.5879817250001	12.922215706887805	10.714791609411137	0.8291760370243574	9.3277157072386	0.7218356293392267	0.8705456948920758
26	134.16962114300725	29.06443002483761	11.620474601165457	-13.4046659815371	-2.3241849819425653	0.8171244752088547	6.559357706991252	10.3575641647564	0.7147957969065779	0.8041669095673936	7.243388818136914	0.5268511982499204	6.156572920247139	-0.5254078358549767	0.6628074028795607	0.5335100305619768	0.8659275688452169	0.7950782780001495	215.20590996759984	184.67436240000004	7.455046894622221	10.160815506339056	1.3629445461528449	9.090622511237564	1.219391727474603	0.8946744978851522
27	128.05563861757526	28.780492828984144	13.010828050072078	-19.467397892863765	-2.549638313367243	2.425520549592957	7.806234668848937	13.412682333486256	0.7045580392956319	0.882206144981642	9.51826131867318	0.7481600254931556	6.315540869072802	-0.4822009273934472	0.7688272697184677	0.4199843984699266	0.8523165839586935	0.7701155605798709	328.48760123916543	299.8312119	9.558100392340528	11.217394201452354	1.1736007931493917	10.053030685952336	1.0517812403402276	0.8962001785272676
28	90.87875116888328	33.50919864121238	9.9034577635158	-56.88108228697419	-4.118058915034756	-1.0231960237497135	6.773866864906405	12.164512197894286	0.7162700162651341	0.9146359733005784	8.488679223570315	0.8150844551185152	4.917849703234807	0.7026814075741209	0.0542106056452403	0.7094364310389115	0.8399652483275764	0.7760515267534444	229.4149440468563	175.92623482500002	8.917229185782674	8.510784614003292	0.9544203066545152	10.218530802735906	1.1459311620057924	1.2006567274564508
29	124.11167554280316	36.78059494025229	13.475689329390976	-24.32597105899191	4.131309084333534	-0.9703273847862636	8.349246246701277	13.838257599473677	0.755554614409781	0.7965155726085236	9.065244141387245	0.3848953267561262	8.366859824025195	0.4676106309132735	-0.7839010935011372	-0.4084597574604037	0.8482173695528075	0.8252211923226577	361.8432827209907	378.132135975	9.167120445456147	12.237498644153092	1.3349337686752911	10.832887718866976	1.1817110709215668	0.8852207492617603
30	98.39346837870028	36.405204456322814	10.451722685413822	-49.76675790577406	-0.5264230068747779	-2.305755555130073	7.001249208527588	10.820613590557588	0.7343212665152591	0.7724235828407767	7.345055121588762	0.3529818508536972	6.872255164039225	0.1150767141388844	0.3693517300298657	0.9221370014194976	0.8752539383890505	0.852488265727164	244.92903694284212	227.731380525	6.841962731286436	7.292340981336798	1.0658258847261626	10.750896642264577	1.5713176269001945	1.474272345434644
31	37.21488846867717	36.88885867396068	11.278699219894776	-110.5884483221244	-6.431548223005002	0.7906815066176781	6.032964613155666	10.325631778280702	0.7445182710508454	0.869200423996999	6.893413305476666	0.6718903090915279	5.1056111720145445	-0.6600840434884924	0.5164588833836129	0.5454899424426025	0.8889795189621116	0.8255615609831337	185.47348713901465	158.01980782500002	8.93181886356848	5.8673167182794845	0.6569005493619412	8.392292498127556	0.9395950171312172	1.4303459146804824
32	22.69810284623441	39.53092061829703	11.143106133920169	-125.30970467924148	-5.823210604905662	-0.0158407938057156	6.663294838947647	10.487745540415546	0.6220474844970495	0.8496155482999244	8.211689957674064	0.7391106253175551	5.531263446867138	0.3006250453567129	0.6346911979100185	0.7118930154172184	0.8588786746758028	0.796704363808259	207.87914554217076	166.346737425	8.583979021113464	7.135202126012986	0.8312231551898002	9.279306876585478	1.0810029770298553	1.3004967081108572
33	9.481471710610409	44.65261685859373	10.937655856002417	-139.02814268092462	-2.9729365502004903	-2.1684479053712966	5.382992153736966	9.297107422064318	0.6092382521362736	0.6985379654236954	7.3724874920644865	0.4309486796616386	6.652759000819408	0.6933595848464759	-0.2696917767362414	0.6682206459414224	0.8653830396138871	0.8448856505661493	215.44521596577167	189.77504782500003	8.962144631006169	6.922146140828806	0.7723760802610107	7.082201767718784	0.7902351567968028	1.0231222548085086
34	82.77034167857283	31.23333794287662	10.712679084033503	-64.68143216005654	-6.566070819958092	1.1545241366987846	7.159648580632934	13.04977657058686	0.8378595653591803	0.9231210187134232	7.123688226204903	0.7098258669386854	5.017763560100495	-0.6014672400092871	0.5990803540228443	0.528526147526756	0.853529702546744	0.7716891937078314	213.25199547212245	168.238820475	10.068775598750769	6.870078709094193	0.6823152072181013	9.264126260351812	0.920084688499882	1.3484745448532525
35	77.78817656631408	33.89432709519935	10.578608809823212	-69.93701235698421	-4.891403401250775	-0.0682485909151019	6.792606717798825	12.438369073182296	0.7768194461912907	0.923106481626786	7.832731939882024	0.7918958984970123	4.783105625182982	-0.5454558421488096	0.563507985605634	0.6204326509980062	0.866773592259949	0.8045403568892261	219.25977576498784	178.87462065000005	10.085610933686468	6.68238913268047	0.6625666185834059	8.572189127947478	0.8499424759005841	1.282803045100273
36	45.30984412470024	37.48085659472422	11.586900479616308	-102.62470866414527	-4.877979756208446	0.4178111450062154	8.569498204997887	15.173692465541814	0.8860857503622862	0.9603550671408284	7.033330434102371	0.798918847044855	4.230118083449735	-0.8798099859335626	0.0744811210394237	0.4694538861914928	0.8672222164119339	0.7122276254302389	215.03272472971432	165.52418850000004	13.400389389424843	4.815766797025003	0.3593751388168952	9.074193245240751	0.6771589228893463	1.8842675793284764
37	62.54332209904515	39.13264063764363	11.936521888655122	-85.71084056791155	-1.38621302842898	-0.8359910277112815	6.178458091053704	10.346799282345986	0.7384705379208323	0.8699144200058546	6.976699252585519	0.681900819201989	5.10306932750134	0.5599641470862876	0.2466236690583977	0.7909594931714901	0.9006125200454045	0.8160442621139083	197.1721786368864	163.5130233	6.618886678791469	7.30551583317639	1.1037378622276537	9.57260764616237	1.446256464374189	1.3103260419600329
38	138.58060480736114	30.396825210352805	11.26939120700684	-9.173860524568653	-0.866957628248711	-0.3370362554380315	7.997120490961756	13.59459627056406	0.8575422430338615	0.8674305907861972	6.764102956408182	0.25388707668841	6.993244541423987	-0.6206206443669028	0.629199320432115	0.4679083574305709	0.8105042446963413	0.7428315524971558	216.6648506310832	179.26715070000003	10.083027453179994	10.378686277484691	1.0293224257969715	7.642483252308544	0.7579552161090517	0.7363632590849182
39	93.19352159970283	36.5104130502074	12.135091469076952	-54.97247870432767	-0.1706687925885233	-0.6753704101509842	6.677403863859893	10.99427275440094	0.5078676701963737	0.6889701385452789	9.470852437217545	0.5404521787855455	7.968535946922517	0.7338639458215367	-0.2145992217183028	0.6445082490249006	0.9054353974633343	0.881857998272404	315.5523707084297	356.2099942500001	9.702193036363887	9.370285073616555	0.9657904185679116	11.403939449129329	1.1753981194135474	1.2170322844540589
40	141.08190155879365	34.302612221845706	12.871417880944312	-7.174465195301799	3.5660700885077	-0.991887888753494	7.770894261579235	15.02160583108454	0.8437462290279909	0.854929731616954	8.06273132492493	0.2567901526979885	7.792365237816103	-0.7138764386770657	0.4921515004512563	0.4981639598619379	0.8570264521122692	0.7826854097602809	335.9991855855018	351.4114246500001	12.169299290250514	11.287111832638168	0.9275071278492496	8.056045099145852	0.6619974500586067	0.7137383963761871
41	79.66418979837408	37.644066474921495	11.34439989140962	-68.52546888237754	-1.0774900514696395	-1.3441862943305452	7.854429482037259	15.312497905575576	0.7747996758652008	0.9298337439244208	9.680665595328971	0.8131485554410813	5.634691486649418	-0.7060396475927598	0.042652986322125	0.7068866520064556	0.8610070569297935	0.7717519563637779	309.9606630282304	300.55452570000006	13.45998180034536	5.882495072944095	0.4370358860955636	10.237246367591286	0.760569109189183	1.7402898329105965
42	46.99414290823829	39.99888781146922	13.087361403648217	-101.27278245147592	-1.779490565369623	0.3981430228496267	8.145844901609557	15.291203249724004	0.8740334520371063	0.9697008654583724	7.429471899090077	0.8644002866583711	3.735570272242667	-0.8369767596772527	0.0700551063417999	0.5427358343021083	0.8719052638123335	0.6922492556529656	224.28954240870192	166.47023002500003	12.804098478201482	4.420379459567396	0.3452316043252036	9.534078967882603	0.7446114995221281	2.1568462741919587
43	5.002759947385729	41.9725979940809	11.712016456907117	-143.17638834940715	-5.3866021393101065	0.0241010245933863	7.035376754099617	12.771433695756617	0.8163831824616695	0.9449313053552152	7.375638405951999	0.8239319790110518	4.179691013184333	0.8509214082227533	0.2386063165991972	0.4679741261086665	0.8667714314195735	0.7647256321812517	187.700192046786	147.53396295000002	11.252893436306408	4.9330915563379	0.4383842772758997	7.508706098653284	0.6672689243130256	1.5221096168398305
44	83.89589218899359	35.02509954936502	13.11065820019118	-64.04897086670412	-1.9865684547736395	1.3054369365443146	7.271065326897577	13.471570900132347	0.7570094740653978	0.869170976464676	8.802376961562038	0.6536188292898153	6.661849321721151	0.5826847427334297	-0.2900159614420761	-0.7591898528658725	0.8683052993568633	0.7860781114104706	297.6773100854553	290.67952815000007	11.4256723854135	7.956686389834862	0.6963867089338835	11.579104192684447	1.0134286895418798	1.4552671332475084
45	25.563929594193336	46.60916325470142	12.864684922467832	-123.32081259288312	1.439159867047123	-2.1560741201597264	7.009109671034261	11.09712693922398	0.6097255700698012	0.631222703360649	8.606949816088473	0.2060659064450796	8.795722604496877	-0.0863022199158509	-0.0102419148145334	0.99621635703221	0.829035034656897	0.8332221433874145	291.8925016262134	267.36147900000003	9.139268136481576	9.514041581628476	1.041006942738763	10.500385779406646	1.148930704581458	1.103672470770234
46	33.282665789846426	41.691189453875886	12.938367293255904	-115.08324906004162	-1.9064196858090496	0.0165805586531071	6.402259670895101	11.450503400678112	0.6759059775020837	0.828768965714497	8.438882026627585	0.6507470101660334	6.407597770529671	-0.6534262633998539	0.1222529248544219	0.7470531043131029	0.8571051164857381	0.8242144442937717	246.0799211256732	217.96884945	7.933136411512692	7.433767865598316	0.9370528224890116	9.77013145915833	1.231559745396507	1.314290631050257
47	3.2128651236063988	44.91194825496849	12.616409658264663	-145.3129573810613	-2.6044690472075995	-0.5727563535450564	6.283238338232475	10.673459392872124	0.6797481889837395	0.8935142032009598	7.828401474956852	0.7906823102207073	4.792756095116155	0.7684204746875313	-0.0152125865301816	0.6397644498501388	0.8045784431790878	0.7895847574548326	144.9201530828555	109.18510020000002	8.432002730598185	5.2835959478492605	0.6266122197370814	7.908280721502066	0.937888776150934	1.4967610694608866
48	39.28863804055055	42.62822788219624	15.415177889595974	-109.27264181019144	0.7930378912674874	1.442801649533391	9.0147581518501	17.352065702192597	0.6897393104237747	0.9516233992316616	12.56389834901486	0.9054898930158491	5.331714256614534	-0.9044626655157278	0.1494950716796542	0.3994978225618751	0.8476151879934566	0.7772081879700071	372.3276760055341	372.517633125	15.65346970983896	9.47278928997488	0.6051558833643621	10.16647846749732	0.6494712454138649	1.0732296640712335
49	114.75829532832408	35.757975171512584	11.353522318909448	-33.456868939374715	1.1662665686015448	-1.9032219266957824	6.6931781577226	11.98381162487874	0.6937534779815763	0.8608396154649148	8.630891484238747	0.7076489948979445	6.098278517242049	0.4400469438938006	0.1214026798424439	0.8897303392021649	0.8524541651375321	0.8301299587500931	241.51733449208365	222.75639292500003	8.589893139121436	7.810267478434941	0.9092391898176472	10.22123250190208	1.1899138134036782	1.3086917356062508
50	67.79783688851381	36.70674327037803	12.58977679480837	-80.2214746743578	-2.570326713696327	0.7088010452602901	6.649924975804929	11.273781927507583	0.7603556172628877	0.8025917920663534	7.322400211110241	0.3955766422811834	6.725133772216815	0.3299085079405324	0.7742393474928981	0.540105368592299	0.8907204266580198	0.8489486911164327	235.3184746240792	227.334440025	9.116163472984454	8.91234288804519	0.9776418462061062	8.992767690603962	0.9864640665180948	1.0090239798411091
51	112.30688220893676	40.8273170772561	13.048222890790084	-36.51301370373384	6.101537675593423	-2.842765404846534	6.267371764284252	12.207936483728348	0.733577429332893	0.8489143241620223	8.29658544433734	0.6286337968675364	6.452266551999902	0.7809812861399064	0.289082894679798	0.553623798894887	0.7909070047800459	0.7985089306631402	214.5649484169994	171.15192270000003	10.589362738183766	7.496499954889042	0.7079273928220163	7.840740435917893	0.7404355323144495	1.045920160488275
52	16.12883799190879	49.890577271055534	12.45576498712762	-133.06571772309889	3.0208898175136047	-3.734301407541233	6.957680554401939	12.67859685157758	0.8274851268035824	0.8975464148745458	7.118875368773166	0.6191521449252277	5.590246733236908	0.9813071983902596	0.1825048445820881	-0.0610586938242859	0.8380932778697952	0.7359027987267559	239.4939701675854	179.88020325000002	12.693459133430451	7.292673760974406	0.5745221758951325	5.412832567051857	0.4264269109116373	0.7422288099623731
53	99.12960649403138	39.56449264147782	13.622415152739856	-49.460860095756544	3.850438555229082	-1.1543211105933884	6.812570489188606	11.347646412769151	0.6878717840264578	0.7889966661592615	8.236487365277863	0.5324314233857953	6.971965335549399	0.1411117985538688	-0.604204016431856	0.7842352751799079	0.8300900850710663	0.7999764490478625	261.5659426492416	223.71346057500003	8.515719519615018	8.110075799125786	0.9523653028314428	10.86606422116638	1.2760007179825033	1.3398227698855385
54	127.80773220338985	35.042646936114735	14.73310299869622	-20.47519404652462	3.6682060369997593	0.8239521940175223	6.568292593806356	11.780742886377832	0.7646676079827786	0.8859700661348323	7.591804034194141	0.6943658700518818	5.463230340075382	0.2335030029191819	-0.5123596437567687	-0.8264163255146657	0.8279387850834238	0.7409435695160683	205.6961492589453	152.22668175	7.046343942405102	7.820129411615402	1.1098137524275018	10.901519441760383	1.547117133490281	1.394033125023242
55	118.46742925606893	37.74428776820674	13.390052466718872	-30.04171263563338	4.296766670122079	-1.280932762346807	5.876870008368287	10.675120927676574	0.7196791798475181	0.8261112680478515	7.411808632454294	0.5841981898615427	6.015505688324434	-0.1367829380081256	-0.0023137101030779	0.990598341718491	0.9030559414588424	0.8349136230728956	223.21146439062235	211.20542437500004	7.573152531843945	6.7787224124544885	0.8950991524270772	10.539539272336054	1.3916977412007625	1.55479729527969
56	87.97225434013147	38.26202726445306	14.222056969492668	-60.39873887871771	1.800184367717641	0.4893817058310477	7.008791053489109	12.724655652878468	0.7081835851636072	0.8038584584526681	8.983967442986302	0.5387146060329583	7.568887658825354	0.2633978893872368	0.1176618437368886	-0.9574848523056566	0.8606181617387116	0.7760070270550332	340.7002538884626	327.089998125	9.593526342341498	8.256176974892202	0.8605987704910093	12.74288763001848	1.328279839476452	1.54343683145005
57	74.85746340876561	41.67096703025517	13.664220516015993	-73.80984390506146	3.01260632651811	-1.123717167557285	5.385346425427103	9.68668707661964	0.4158061168512893	0.5046419166189322	8.809589359122459	0.3144222350556575	8.362795475875576	-0.4499796061067244	0.0470143993519161	0.8918004262959375	0.9478542679510324	0.9527088727337616	287.8165307019613	357.44050980000003	8.784829611308439	9.018993001733635	1.0266554276845354	9.251077296384633	1.0530741864903113	1.0257328389772986
58	82.17855444646099	41.96493886116153	13.56870746370236	-66.57259806724858	4.023724169152334	-1.6657776384636258	6.075825935406772	11.097537831244797	0.7119665902419952	0.8538505524876998	7.792839102345187	0.6712249642626007	5.776470815947	-0.4611653083563165	-0.4280075497173309	0.7772619222331622	0.8498652600966389	0.8268316557269532	211.0926312665469	174.97137240000004	7.983714990501696	6.824078632494896	0.8547497800978078	8.96880288424026	1.1233871568449691	1.3142877401108213
59	105.88731776956668	34.63535471951629	13.653707973249457	-42.175542239934174	0.368402931909495	1.0282492171167312	6.963957877857443	12.617112532813133	0.7213726570737944	0.8859735170780073	8.737944730571119	0.7427137148496975	5.851007247978603	0.1055088433338077	0.4248283381623265	-0.8991044250100195	0.8416570549434327	0.7852850269684652	265.4594587896257	216.64350922500003	7.193220050357077	9.141428579925186	1.2708395566838524	11.604898821672917	1.6133106926287957	1.2694841643414
60	105.54901752340888	40.08657804442305	14.818321021755382	-43.1685334198302	5.601092911496131	-0.6508965304258882	6.231779274837501	10.655337091137456	0.7173897871034552	0.8270484370410947	7.423275137892935	0.5907154830349333	5.989691708297436	-0.1773267030400084	-0.5500575005135577	0.8160833208182471	0.8428072690809909	0.7956076469080271	220.2243449203577	174.04297267500002	7.636323442243722	6.658705161745409	0.871977884659759	10.82301160165964	1.4173065983281083	1.6253928261966573
61	94.08916386971212	39.161467299500586	16.436392387632196	-54.46892338308058	4.348916620349635	1.701861811170137	8.065159548657732	14.824761235141075	0.6318456336916087	0.885331233058514	11.490587179521995	0.8000925699364162	6.892933835838456	0.7150025472192081	-0.4983236040673731	0.4903518564249023	0.8042854386217317	0.7441436847900516	393.83294281406046	360.3161232000001	11.838534175509023	9.96912574927468	0.8420912252716486	12.518120173797035	1.0574045729152772	1.2556888626575715
62	17.172864207819664	46.10471343489883	14.252459016393445	-131.6189070243391	0.7720893104557289	-0.343062660174974	5.481423818375575	10.089638134304565	0.6939252277744794	0.7240568239439461	7.265014342634468	0.2870685069312405	6.959230284198801	0.7268506511887055	0.0380425795888096	0.6857411268144736	0.8951158608102697	0.8936179573600771	221.08148086997932	216.978703425	8.804541493816316	7.288451040847354	0.8278058597334391	9.296623670019702	1.0558895856813202	1.275528039897333
63	30.86015099934724	48.65574427279227	16.14457772528053	-118.35877279838334	5.414754659648299	-0.5532768913108135	7.112886988102014	11.535136194016602	0.4926420115476932	0.752409773573164	10.038245400143769	0.6535085172241376	7.598140296974666	-0.7147788989599844	-0.3582730990000577	0.6006092840894546	0.8895411502970267	0.8547959869993492	334.6744314373825	354.72146737500003	11.33137799855784	9.769000373737384	0.8621193622682694	10.154627420709351	0.8961511496661524	1.039474565689308
64	8.650358798971626	49.30206888459089	14.18424210439418	-140.45384350270874	2.551422027955711	-1.6231823288818554	5.7881218757397095	10.208933809715552	0.7339658371645035	0.7452318222237678	6.9337688812873015	0.1900678742319251	6.807372879039374	0.8959776704174266	-0.0406678728635157	0.4422331265634884	0.8800827645345296	0.8699919074652316	218.3358448036356	186.98984865000003	9.407197490712292	6.869275984718544	0.7302149222975883	7.539279801092538	0.8014373896727537	1.0975363077367235
65	111.4660928940816	34.69442941965141	15.310717643781237	-36.67209947927565	1.857547096997024	2.197210377326662	6.4494872779913415	10.60814918036352	0.4827817195281224	0.6211859835406783	9.289988216967735	0.4463518863914827	8.313215881104226	0.936815088669925	-0.0760251329922564	0.3414640080504389	0.912819515314794	0.9099077460395054	315.17641010254994	379.9448309250001	10.100282103651196	9.479774831869973	0.9385653523917996	10.06951471969909	0.9969538094444922	1.0622103265413516
66	87.09844411258817	42.05452520700276	15.569574594327928	-61.73309493686127	5.637682054540696	-0.1855213397747167	6.3420396215849815	12.168613074625878	0.7844850968457336	0.912322531887461	7.546337047524221	0.7510177676907239	4.98271047891971	-0.7279648451578077	-0.4179429653547044	0.5434987230204735	0.8386966600414341	0.7377314735425136	222.19321347015924	165.38966977500002	9.424520080403532	7.047265825124675	0.7477585877055004	10.409088632496609	1.1044688263904596	1.477039307270981
67	67.02542155250173	44.63067945826922	14.935612100068978	-81.9551766347374	5.329904047161728	-1.1537146938016605	5.963525511276049	10.432890320474757	0.708343089938208	0.8575428637811406	7.364246628441235	0.6847632803894155	5.3668093605359415	0.9479099754713514	0.2940555241610899	-0.1224664325937871	0.8722153152639694	0.8030328164439677	212.4746054037311	166.24750230000004	9.828523265698834	6.7058507304263095	0.6822846677109133	6.874641569431686	0.6994582383931388	1.0251706824071591
68	60.821585942492014	42.63696345047924	14.688363345919257	-87.87846837443345	2.808665312883105	-0.1137233700913725	5.974051273525531	10.282913248627194	0.5336874615554978	0.7910097586670992	8.696072503432923	0.6903829260154679	6.291122644135667	0.4866726811861088	-0.5640253642587757	0.6671020085863028	0.8329028478827198	0.8114083880018433	228.8652981783437	189.81474187500004	7.482639750154419	8.370503221823373	1.1186564503056065	8.833671090719928	1.1805554437573489	1.0553333361952475
69	36.78309155241044	46.38942326404246	15.27633689839572	-112.19728720561878	3.684559680469937	-0.4358100131215476	6.155601629153109	10.743375881540722	0.7964402901497672	0.8157709868774257	6.496703935133063	0.2919324862962019	6.213700548784216	-0.7504093985284627	-0.2227450383855109	0.622310519334832	0.8661728575063256	0.8310207060305572	194.2429394862707	164.53845292500003	9.0496314337245	5.784387488533669	0.6391848696707668	8.552955718080518	0.9451164702914792	1.4786277259320806
70	43.46803608456317	46.96572069501199	15.244667522204589	-105.62582958259914	4.900359850387943	-1.0352929002614746	6.566645826106188	11.291074678774809	0.7289222319580798	0.9179909810858186	7.729830304832525	0.8150993604739286	4.478054433132172	-0.8221915302553088	-0.0381575099030015	0.5679305344973414	0.8434323163207479	0.7967425967906389	176.75699198632293	130.59783495000002	10.647014150484722	4.949642998496257	0.4648855471156594	7.34965717572328	0.6903021891248896	1.4848863196711697
71	48.13435669878204	43.14809089256499	14.562406835120887	-100.5343683653262	1.789571350783906	0.0666792464338481	7.881374938073873	14.590666176215503	0.8693523876876416	0.8894305940631212	7.210600731443707	0.3802526568769453	6.668959515189644	-0.8160521097532025	-0.2077069280786847	0.5393670236448121	0.7917477326008687	0.7561052438606712	249.16054379277784	181.96414087500003	12.601041640212287	7.934592823647018	0.6296775338259533	8.800027475992866	0.6983571459608806	1.109071085508842
72	67.55615566341815	40.970202646846914	15.761356224640702	-81.0154747886535	2.6494542507607344	1.355223701646862	4.572618457880388	7.865649641789286	0.4683624382033251	0.6570274008831944	6.949588019018158	0.5215220316316809	5.929651302918677	0.5482321715753812	0.1604890867580909	-0.8207830036503534	0.9347145665004	0.915555008454609	178.72427910817217	174.46196542500002	6.818917537809483	6.604961950887629	0.9686232329786196	8.207507259356971	1.203637852173464	1.2426274852732464
73	120.86502344556168	40.37677736315423	17.213439502291763	-28.0360654374766	8.727904209208692	0.6267221370011844	6.783593898934488	11.89310736340653	0.4337886734925403	0.8623502239755465	10.715863884204918	0.8271809524514695	6.0216259100087575	-0.6672217051637163	-0.2108717591295894	-0.7143866581621015	0.7610135868624976	0.7974545338700338	247.5315166037002	183.78786195000004	10.034611878391509	6.103309236390846	0.6082257401039781	9.452138623864126	0.9419535840960946	1.5486907606624225
74	96.3376254573484	43.11423647482015	16.62908864337102	-52.70106968357256	8.09339880506794	-0.1877524290575402	7.994500011341328	15.164289339644402	0.8027347711398921	0.9476084126080508	9.043014982761193	0.8444328191881098	4.843994727896534	-0.8666457622323506	-0.2310053607649197	0.4422235250442669	0.825181671470214	0.7321105838657318	282.73489176196944	214.56839250000004	13.312507966797329	4.783674132556252	0.3593368089985143	9.588829456889414	0.7202872276812811	2.004490521549266
75	79.19365428882834	42.311860871934606	17.297065667574934	-69.64327741968096	5.848617113684794	1.5234750615460957	6.599190782449261	11.556934341057971	0.7259185876304913	0.8412650817259169	7.948635658662805	0.6181760901618664	6.247942741461976	-0.4191892758384754	-0.8350718136420916	0.3562799700832514	0.8262155690602697	0.7552779883271976	250.85643556620903	202.32939375000004	8.198506980863272	9.058551140903866	1.1049025343331518	10.35943469747829	1.2635757610085587	1.143608347111967
76	20.65177568775753	50.1251468090455	15.837621457379257	-128.66182158904752	5.402961431662401	-1.1112544922880576	7.389585569705654	13.730389433266737	0.7042605258477223	0.9243431069340584	9.747774994114508	0.8432918329386577	5.23899954568801	0.4506055399047494	-0.580628098539472	0.6781044599422617	0.8162527634270278	0.7545417842863665	262.5309768363275	201.76265092500003	11.630191436466577	8.090959042603354	0.6956858007714366	9.639005272085322	0.8287916260657697	1.191330375216418
77	131.45600282246085	37.995201498238615	16.461266499724122	-17.22780485848343	7.470000294183047	0.7021740103326044	7.245574235929645	14.164224796549185	0.7001424857767558	0.9025801351915465	10.113301135934854	0.7977644840440279	6.098008859215131	0.9269494142561508	0.2289474122819064	-0.2972336889041983	0.856261068480533	0.8052168549234534	327.6231080211285	311.74383735000004	13.12892941427046	8.519684954991344	0.6489245761144007	8.489420549175605	0.6466194067543732	0.9964477083394958
78	12.416829802754	44.03307999255676	16.474190174916263	-136.13924417727856	-0.4285366501265164	2.814890323781697	7.84867955161031	14.23780650883594	0.8248493307196574	0.8917025930307432	8.049381170898098	0.5991980177549571	6.44434148027676	0.9618322838358788	0.17987669017182	0.2062111396212345	0.8904947517488977	0.7964398870062795	298.65518582349307	296.27197875	13.67281273142288	7.779139735514712	0.5689494830596693	8.256693592179559	0.6038767409725442	1.061389031808316
79	3.077202997633447	46.93125558769393	15.942137785958456	-145.74242703266415	0.7726817742783165	1.3158627300832486	6.588858447038883	12.315836519818768	0.8423108600918591	0.8652259679678493	6.17494015139742	0.3669979551115135	6.638137802001471	0.8087407722332427	-0.4821645664996858	0.3368318484641089	0.8262551217963199	0.7858171934937378	180.72157948144752	150.95647215000002	8.954717747911161	7.136371213677704	0.7969398270919686	7.671088626195006	0.8566533130521525	1.074928475062011
80	28.632071220604708	44.28885901455767	16.690982642777158	-120.07115802480892	1.6838935989485533	2.181864288768616	4.642473923538786	7.821549909096198	0.3186697200558715	0.5368224962028842	7.413779805033958	0.4557655983745388	6.599004193977606	-0.7703871063249492	-0.2151629025498075	0.6001738346301123	0.9279808658401204	0.9304359433329944	182.6799709295952	177.23393325000004	7.09795962319015	6.532382972420529	0.9203184181378276	7.280923008125903	1.0257768985241875	1.1145891229687055
81	53.90136199703319	40.48653921750417	15.705223206007789	-94.51727416253918	0.702646465950497	2.1309971328456574	5.856789302532151	11.074145643560914	0.8223198342453744	0.8510201993975735	6.301471948470285	0.3851270609987706	5.815398823692227	0.9730568339984128	-0.2209473748978196	0.0658988265050872	0.8455874498412079	0.7973749190473334	188.38969750729376	142.7133411	10.850316176984052	5.824433945802153	0.5367985458485607	6.207871195736297	0.5721373547532727	1.065832534715326
82	23.813589705644947	50.41736910079105	18.926697788301137	-125.61106119089462	7.539189518924845	1.287546225157429	6.943369987038146	11.28063048574263	0.4188143695908237	0.8026067052434362	10.243623236979747	0.7539813963176122	6.728992784473402	-0.9592421975830552	0.0527812739200668	-0.2776122178496575	0.7993116149749302	0.7889169812926391	285.3047083419465	245.87817705000003	12.058361082681415	7.592655993486106	0.6296590342107858	9.917486547754285	0.8224572543277111	1.3061946381164504
83	6.244302394065097	49.85672545410786	17.637954284824374	-142.9691066559732	4.482125222141044	1.2000632510747593	6.122622250447341	11.857713022992984	0.8295757036217823	0.9097453775015292	6.621278913818724	0.668734904783474	4.922927004447086	0.8365900746906967	0.0045765074797726	0.5478102796665122	0.8693396125537115	0.7542788010491475	204.8925111006405	155.761657425	10.31923293189118	6.3477923267685625	0.6151418781478382	8.75599197514064	0.848511903252091	1.379375934876875
84	108.8101846741162	39.43300532866744	18.368712967749637	-39.91688657928656	7.163948956249151	2.612832204866761	6.564171744349199	11.842588760683183	0.7659281142115422	0.8853743345210665	7.613910822286671	0.69077781438565	5.50536831289341	-0.5909414731423277	-0.6624468666759136	0.4603828017548439	0.8158759674676752	0.7355104302051483	230.034548280456	166.36437922500002	7.055233038563962	8.975951361439549	1.2722402381858862	10.191652317002172	1.4445521871913398	1.1354397886763563
85	115.11070257259988	41.75951854814519	17.401550202122646	-33.914890172208985	9.37800983003326	0.3504071914487354	6.394370761107036	10.986901835319042	0.6720308606588026	0.7734612593780485	8.136055056694548	0.5170747087911679	6.963977160635309	0.8838128320325466	0.4238182657370936	-0.198123586587291	0.7667804930683316	0.7889162255107157	206.30272991729376	154.38118657500002	10.2539600000082	7.8613699886210195	0.7666667305718702	7.823792835141438	0.7630020826232189	0.9952200248132358
86	85.57864131706502	42.529432007354174	18.83968097108474	-63.35573662827227	7.505952110545157	2.480099349809138	7.332442151169623	13.956068208154717	0.7027959482250126	0.8721133685797321	9.928228187686852	0.7258885244032651	6.828758115032361	0.7280626233148704	0.2383671912816263	-0.6427331473110577	0.7773536795973643	0.7461336647544021	326.603519608051	263.8772235	10.774710835772416	9.143325005657948	0.8485912192930309	9.76415850369435	0.9062107236583096	1.0679001892257167
87	14.217876575490456	49.84527081213108	18.236945936213186	-135.06061076041885	5.647762407481009	1.3838839683571391	8.408565612125008	15.673008201986342	0.8793157249483677	0.908347736507407	7.464102208085528	0.4783615109852693	6.554698430872643	-0.8636105796877097	0.0377244504536861	-0.502746091471058	0.8568232818120203	0.7551571131789738	302.9336033441232	281.69103105000005	13.894220791699468	6.915379809053991	0.4977162744660932	9.873498723856097	0.710619103573956	1.4277594284740769
