label_id	PC 1_mKate2rab5_TFOR_pca_predicted	PC 2_mKate2rab5_TFOR_pca_predicted	PC 3_mKate2rab5_TFOR_pca_predicted	PC 4_mKate2rab5_TFOR_pca_predicted	PC 5_mKate2rab5_TFOR_pca_predicted	PC 6_mKate2rab5_TFOR_pca_predicted	PC 7_mKate2rab5_TFOR_pca_predicted	PC 8_mKate2rab5_TFOR_pca_predicted	PC 9_mKate2rab5_TFOR_pca_predicted	PC 10_mKate2rab5_TFOR_pca_predicted	PC 11_mKate2rab5_TFOR_pca_predicted	PC 12_mKate2rab5_TFOR_pca_predicted	PC 13_mKate2rab5_TFOR_pca_predicted	PC 14_mKate2rab5_TFOR_pca_predicted	PC 15_mKate2rab5_TFOR_pca_predicted	PC 16_mKate2rab5_TFOR_pca_predicted	PC 17_mKate2rab5_TFOR_pca_predicted	PC 18_mKate2rab5_TFOR_pca_predicted	PC 19_mKate2rab5_TFOR_pca_predicted	PC 20_mKate2rab5_TFOR_pca_predicted
1	1.4348943452901666	-7.323815342832682	0.613867856662494	-0.2510032852372195	-2.3892782355260143	0.3037405010316965	-1.0334917835672126	0.4781184539070402	-1.3169731627720125	-0.4831382427674067	-0.9849485115216244	-0.5802536376206415	0.4525946547740602	-0.0731939059130475	-0.9185124288619032	0.2921682084068034	-0.6922884908352629	0.4891717638630128	0.5507264532052876	0.1443219248636578
2	-0.0216114628539734	-6.092440592970412	3.2888908067648925	0.3979659769164616	-2.1078188430281384	-0.7590734190514228	-1.6726078137665343	0.5207330486522359	-0.7158370984211868	-1.422152326960877	-0.5113496991132981	-0.5616018706108311	0.7213148618459755	-0.2373149056980139	-0.5403185734677303	-0.2321468780435892	-0.2711842246575948	0.7357182183714566	-0.1419797730493766	0.2022328031219928
3	1.561993420322518	-4.509631061706493	2.40886722182871	0.6661110455921833	-5.1362576455478886	-0.0800790453137709	-0.9337442146867811	-0.3619962449956766	-1.0499811820893652	-0.1449982010421566	-0.6822909199938093	0.1897199418563797	0.3227933411607039	0.3870894243362031	-0.7030246565953258	0.4733954818823148	-0.1134805563915569	0.8379161480818456	0.3186779368146215	0.1033916661042373
4	-0.4600368133611189	-7.697986355952402	-1.3795893370036054	-0.1077535237518407	-3.209020219560032	0.3660649031740446	-1.4341338796162173	0.2037113740344196	-1.3311090148063127	-1.433528318361866	-0.5544130320731374	-1.3847150676891395	0.4140057029868913	0.241833397476249	-0.7544290933325408	-0.4502801557588124	-0.6674447095576489	0.1987908390525634	1.0628779824477537	0.2324746293494262
5	2.305107852110391	1.0928246783104965	3.924273226641212	-0.3059361102623423	0.1000257440780885	-1.3356547860916068	0.6051493059593778	1.3855708713997146	-0.0416529013469929	-0.5871501607168848	0.8942032945249049	1.5796015799378278	1.6950081948528393	0.0119562637674732	-0.9691027811883232	-0.4257707142467907	0.0734954790334689	-0.0309998714890225	-0.2403471512618953	-0.3679909115961357
6	0.2544798457681048	-1.388290479226764	1.2760511228243054	0.446868761279271	-2.806167211737243	-0.5068765307287224	0.9384934506515296	0.6047030518791345	-0.3463044463562927	1.512413159133789	-0.5472427393960207	1.8221297899041944	0.6087531537046758	-0.3482930610154682	-0.1004226573256277	0.2022312850432962	1.036365603607167	-0.0907045935055881	0.343516624800225	-0.0137214961175256
7	-6.091831577892767	-2.264194164994311	-0.6252180498440196	-4.169456889879042	1.6320089097920345	-1.7653318344488982	0.2781926155615206	1.4759337335135638	1.1265793349494682	0.9632944895809776	0.6676092425841115	0.6957806154005883	0.4447139792798182	-0.8951310846512719	0.7603649002670414	-0.9644305452166716	-0.0107674887960265	-0.2051058878008829	-0.2399275173628172	-0.2118057295092792
8	0.5850485411288013	-2.35814507666101	2.249560393180281	1.2609749576596003	0.8524039632549858	-0.7031586283394065	0.356849840316384	1.6801159629132876	-1.34403760717564	2.223291800574625	0.3615347311575422	1.864503480928736	-1.3850893441459178	-1.2719399903827444	-1.211492472547531	0.4650819699940983	-0.1639004973372515	-0.0584333279302879	0.6797798171815135	-0.6875143280107614
9	-1.6236351650958176	-0.2838237645693443	3.2692858347374303	0.343222960400988	-2.9849218701078333	-0.1964721023212776	-1.529071171145686	1.7504309207401043	-1.884444133488533	-0.1592057765029688	-0.5696122897334083	-0.3151066376150346	-0.8056890722165839	-1.1424276317141064	-0.8256907460908254	0.7136560408113798	-0.375022464033065	0.4311143255051421	0.7824744558943149	-0.2969356970440446
10	-0.0815459639033888	-1.9863473550877369	-0.7157903743274552	-1.3502929144727052	-0.6362852676586925	-0.8233346370363899	-0.0490563018435761	1.0138181113351443	0.3977139153896085	-0.2113900428706012	0.6378543925439945	0.7953441599297442	0.419479277168719	0.1256179184190422	0.192185607861453	-0.7772310306419642	-0.1929010355875917	-0.4979236938391975	0.2285176651166995	-0.1601062459921816
11	1.2773933812692762	4.442556492170485	6.045317363920431	-2.732843629876226	-1.062537234474231	-0.6822086590589302	0.1295141249695266	-0.3367771868119931	-0.4936170821838321	-0.7214031661109355	-0.7828308923667625	-0.3153192370629103	1.2189380070004423	0.4231132265031547	-0.1848860345190326	0.497295074061903	-0.0642514477489469	0.1023310585697069	0.8212887441455425	-0.2328012777595929
12	0.1418619587097418	1.7750497092412272	1.1583762245674931	-2.011613530344844	-2.2808590994056885	-1.276850229160357	-1.16588841934111	0.8377938914905023	1.4730636798936485	0.1404514602894655	0.3327314368645114	-0.5911889814189326	-0.2689271250682132	-0.7013258591535879	0.3766396091373627	-0.6974465735763228	0.1330055941462624	-0.0458475742986974	-0.6659732141924071	0.3342660909735522
13	2.9135856457033835	-7.364044785588405	2.3537338731620023	0.7380692575665169	-0.1843560756369946	-0.3141274259799553	-0.9739354969303716	1.08535194140201	-1.3482810785667891	-0.3045064951499336	-1.483723042358191	-0.0817265503309929	0.973998249554878	-0.3399298219615829	0.7779531005370641	0.5318382513021603	-0.1220749050612781	0.8324872218068757	0.636878284509871	-0.3504245593821653
14	-1.2573762970349391	3.915997462230685	3.8876341503877527	-1.3535893057299635	-0.8260407677581938	-0.6689848444171256	-0.7455797399154545	0.2764519978602671	-0.8241957923662899	-0.7010789665644348	-0.0462239897213	0.3994695876431802	-0.2779875972865184	0.3896234697513812	0.1577959930099686	-0.4473907981877448	-0.0402283205737064	-0.0391127475730568	0.3390677746765451	-0.2242300450816823
15	1.3889791803297933	-1.2555286880428222	3.6523416101957262	1.8080416321748856	-1.4832978808851536	-1.080765925901578	-0.426111430176201	0.9910693288425314	-0.0547450966941451	0.5527357230369672	0.471084452519049	1.5492933687826795	0.0303168086276102	-0.7932271619994715	-0.4091004360542429	-0.8882532453992537	0.5788679398787557	0.1090294309487946	-0.1057472932853027	-0.0898725301885838
16	2.720705673319435	-3.0302708767600874	-0.5823111152954901	0.5385762855287926	-2.262372764635007	0.0538831650403528	0.2747255826612882	-0.4774707981422246	-0.6416411280087506	0.4489193484339961	-0.1380485196746567	0.0913860332635323	0.0574276730936276	0.7206547535381205	-0.7219907006334491	0.8645335814569791	-0.1237418749594596	0.143096771015234	0.0833462547069761	0.1058955191887744
17	2.6693846131899206	-2.1551373595263814	4.5171531776771685	-3.3756520216709847	-0.6479851436179658	-1.3312081544272845	-0.1268939468552172	-0.7888836610640341	0.4148608412146042	0.738203232545853	-0.7412045722780382	0.2378989719768469	0.7053669799670814	0.5367600714199874	-0.4279146789336048	-0.03197583388032	-0.0449360493176549	0.6353102280725909	-0.0070799611772915	-0.3205999070519936
18	3.439265329238608	2.1400260975577234	-2.091354503045271	2.8896744210878627	0.6329218895438409	0.3772903411316397	0.249440054880873	-0.5042836841831964	-0.3571804842564359	-1.1110940514054344	2.334482274391912	-0.1251541651478742	0.1463042190720074	0.3279550091746229	-0.7590849421552166	1.521410538594666	0.3846741050677564	-0.1109053905158565	-0.6246293610629206	-0.2215840338213364
19	4.888404470395249	1.549887864324138	2.0665863933431248	3.015414701337013	-0.303588585304329	-1.0396599159527191	0.218538360217428	-0.0530159180986409	0.7417584485833113	0.8927050776172256	-0.5025454642725383	0.2266993722082926	-0.0236442026695513	-0.7615433030829202	-0.8853816323050454	-1.2354767143004142	-0.5581666163988388	-0.0940797745715362	0.3233881407140142	0.0991004557976844
20	-5.08352207949188	0.549708519951697	2.7569854017484188	-2.674915600099501	-3.566868175205741	-0.4102335971913016	-1.3658352844243409	1.2140800699448562	-1.8162578392256	-0.2156935805195987	-0.36428596326782	0.3875069860969713	-0.1580322629522861	-0.0951925042742267	-0.3731065620040228	0.950703075813536	0.4733647102718421	0.7140649985351859	0.2554175435451444	-0.7336430170380743
21	4.69590012057744	-3.3345507716757363	3.328848689691365	1.9103843344656344	0.2889236826655832	-0.8764526157223296	0.3467701178114115	1.6505034530096054	-1.901566854669572	-0.3135949849323014	-0.4685739550065851	0.982074321038528	1.4243683356674952	0.1670432703333944	-0.2176077719568612	1.6315640691610338	0.7374044599909808	0.2274805710813086	0.3601806242628154	-0.3363724530354548
22	-0.9592507398694408	4.27693625196396	4.0952492038120765	1.925079873146112	-0.3441850765484169	-0.870646914925687	-0.6864469817223924	0.0494723207498175	-0.0896263120998849	-0.6616261939916515	-0.2209867468273342	1.2949726472805168	0.3154063134944316	0.6094633331737143	0.2129454874699758	-0.9924490137921956	-0.3338598200423945	0.2220409104171106	0.1667206363148334	-0.1387582808125649
23	0.5957218314340929	-3.8317811989405217	3.764551389040349	1.5411863415872933	-0.4253405003013917	-1.5347726799458146	-1.1472728402434331	1.5206692972036464	0.0441149657683399	0.1823670345438761	-0.6193553246909059	0.5825793391532379	0.1829846281459488	-0.7427650392950441	0.3035605157484893	-0.3869954138639883	-0.0217618133436012	0.3609531920654343	0.0085568884977913	-0.0108277315922519
24	-5.51746553968413	-1.7101123551522543	-2.3900699788040365	-4.001536867959574	1.8698757477519408	0.428328736505402	2.236654068590626	-0.2906243298276862	-0.6756585068850716	-0.747966464021854	-0.3749556207138146	-2.252225486787585	0.3007895295690872	-0.3991903744106331	-0.6038181563836149	0.4746586109122103	-0.3291263121974161	-0.0595862602525156	-0.1885315900712232	0.1930868599360313
25	-4.133265781436206	0.0401390313787469	1.4210798811776428	1.9073357311762127	-2.676889633162208	-1.4749070269491442	-2.6034460258429224	-0.1663108365942349	-0.2964258147868119	-2.5053179507288657	0.1825228367521684	-0.8464001843980995	0.4071259734384895	1.556968568251154	-0.0697318005885145	-0.7956233916342806	-0.3165581987582577	0.5061699735138598	0.4982783630371283	-0.1407608359292669
26	-4.53617281507408	-2.774382783613312	3.194855153105194	-0.2239441827887933	0.4927299710419781	-1.1625868069716292	-1.4429617776210062	0.1112413279679032	0.6533424020052183	0.2041204234765812	0.1803629147224102	-1.7950111229163852	-1.015014196776583	-0.942120533711222	0.3921233822184744	0.6271772738555094	-0.0878807373459829	0.4845098305087598	-0.0206975697767699	-0.0328875241111563
27	3.4893386180190924	4.052718478675994	-1.2741320464384145	-0.6261047601123321	-0.9612438268754602	-1.4569121619553842	-1.969836887067876	-0.1530076403560052	1.4589129673890429	0.3813057909769062	-1.258273772674249	-0.6474379349615749	0.100492139912788	0.2488859040584223	1.3013027459305837	-0.0340460479114193	-0.3437627021839013	0.2371707218486352	1.2015860708206445	-0.250783724419271
28	3.013610236517513	-1.1281755726115423	3.8002223385206753	-0.531717099691333	-0.9699720978300695	-1.3418247623395283	-0.4299096545834526	0.4788973707541473	-0.1380616379589452	0.4210564120710989	-0.1138219497774156	0.7979317963910777	0.0220023610550548	0.1352266382159683	-0.6988846493388161	-0.1678166664531866	0.2918483403503387	0.0978208925152268	0.0798902317114365	-0.1000413845674379
29	-1.122106852528416	-5.121485763392978	1.223648100864849	0.9205532996431334	-4.1492830957314135	-0.3248161225245853	-1.4506828257024669	0.7616504992137862	0.2672288268661833	0.5519467742933306	0.3252908413473409	0.2227421561482501	-0.2798042161165881	-0.7820966431664402	0.7409386801972131	0.8521180404322479	0.0505593387505605	0.5321442313793947	0.8264548459341707	-0.225220014462756
30	-0.2606833878680219	-6.027092004373728	3.884637179211924	1.0424034637666733	-1.7049376270385963	-0.8121270391996029	-0.4738957644237285	-0.239223542698248	0.2770296850568345	0.2960502905206323	0.1150523695852444	0.2567220227941256	0.1935120964614363	-0.3041192110676896	-0.107774111062846	0.3432864052535697	0.1332019699745117	0.476091598152067	0.1079495573616373	0.0403327414267722
31	-0.3854056952636582	-2.2794229006562428	3.0262632778975265	4.024291992134108	1.2210317765897756	-1.7075603952660083	-2.3011996898731244	1.6550355053598482	-0.0712420688030524	0.1425942211505775	0.2148041865738202	0.3733614388887858	-0.6644641008276508	-0.4454608024345354	0.4208553523606104	0.7936037618595065	0.3988066220448629	0.7250713345923716	-0.0954977305714432	-0.2849608536818535
32	-2.7614617246014577	0.0616917783391212	1.8033091708290343	0.2911142424081578	-3.5722294595470463	-0.6644941583849661	-1.2336765368272733	0.4127682872167675	-1.558541340044734	0.8224707639167901	-1.5402024864211317	2.1721900607685303	-0.7894532306292277	0.5979378824643327	-1.0551420939862206	-0.8630502910200507	-0.2105755379216056	0.5498827580435093	0.2183355920823704	-0.2142215101396831
33	5.104392220499504	2.2680861951712967	3.761899503810805	0.7789454101604267	0.3657960092387888	-1.2858953595857523	-0.0734231138592047	0.2869492374820659	0.6168937146917021	-0.033326802992381	-0.2966396245420616	0.3438623995009831	0.5830921415810515	-0.5224648941408709	-0.4637022626685239	-1.4430602033522586	-0.4774512747473765	-0.028784762436121	0.2253028453651264	-0.0330506145462883
34	-4.660613661586401	2.229902198953941	4.6416111687129975	-1.2385641086604675	0.9996452079667472	-0.2165020798757995	-0.2363022477227314	-0.1276878505726699	-2.1350528331607888	-0.5240609671669605	-0.6911234138027017	-0.3949563851026543	-0.6183698789849785	0.3650557853079803	-1.0072465781379851	0.7484960750942292	0.1112510459874165	0.2413457126884746	0.2936063802678976	-0.3068835070427798
35	2.577916407382015	-1.9580153467042791	4.11537908713145	-2.1666905962280243	2.922027308730108	-1.7436871394761984	-0.3539137255422151	-0.3905537870493454	-0.4436693137305494	0.5781029064643055	-0.7870823579807881	0.2516624302464478	-0.1927876064182249	0.8801261424974207	-0.1950244569885173	0.4253219317436899	0.1301891504997534	0.2883726030157378	-0.0715565046620465	-0.3451409994688919
36	-0.6829242320006315	-3.2645827775228184	3.4290545711471863	-0.7455500351849	-1.2290591137716298	-1.3555830083372775	-1.4076849669964222	2.0549588008600144	-0.2436841064350798	-0.0729329659038173	-0.2910132882970534	0.0851754814368437	0.4786441303149189	-0.8080145940433779	-0.5114761221900865	0.6201423815128372	-0.0812003476128169	0.6070382344444989	0.6336601809724751	-0.4430712364366918
37	-3.6213838788059234	-6.354896705287015	-0.7628785949265697	-1.4034986714879647	-2.7966253266326007	-0.2092370186862391	-1.6441724475688329	0.759305704198912	-0.1053997805727324	-0.2958355737336904	0.1454267078216647	-0.9492019431333424	-0.3460557181066619	-0.6977153277507995	0.7326756711151309	0.8370496205618742	-0.0972593339038028	0.4402104029684113	0.8477712121093166	-0.2094283760999089
38	-1.1516764395371175	2.3649756283194208	2.932394062480568	2.797158911962476	-2.1554984550185985	-1.8978546387317976	-2.444241356021005	0.4511765293268297	0.9707354411255796	-0.8204981705592618	-0.781627763607519	-0.8843028215110582	-0.1027027998896023	0.2396778767824763	0.494312087524281	-0.8095110865214538	-0.7806300812230795	0.8018038673980394	-0.0375953276206271	0.1464121509838105
39	-0.4504516879887581	1.7738372195994825	5.5330904561171605	-0.9684907882030398	-0.8749238937156959	-0.6976976543149336	-0.7383083669215456	1.2389194993964487	-1.3167655210344409	-0.8911865173779571	-0.7530832936962303	-0.4357193292503538	0.7450569721585971	-0.2462869005838932	-0.5260988293781148	0.9089258480414208	-0.0942485779621613	0.4825232417677514	0.6248409514213851	-0.3521121146736443
40	2.7115595626132305	-5.27755623423505	0.9622954572197842	0.2697669911497211	0.4021808217693774	-0.2953341329726351	0.348190251643965	0.7531962573799085	0.3254440822827926	-0.4724264912830487	0.7673949754525803	0.6166526236705732	0.9408227940941424	-0.2470467882375331	0.4444335935409382	-1.5335380472575275	-0.3699316835067094	-0.2043848218144217	-0.3604477682884823	-0.0946072702506959
41	-4.30747416928404	0.7890896415953111	4.258579310707339	-1.312707732519252	-1.9478527325338848	-1.1371576725288408	-1.5526207112099488	0.8978567597391773	-1.9899661347372373	0.1352322434736235	-0.48186372395414	0.7882654865566643	-1.2458476509951062	0.4471509431228604	-1.085818187337158	0.0474400737563466	0.162194441111098	0.5362778885932864	0.1517705330140639	-0.6045986510794932
42	3.3263849543081307	-1.383673135451406	2.779240177051405	2.171159968320863	-0.3049287640177027	-1.7671602169799752	-2.7781448819134247	0.1625276415479568	0.6439654605350601	-0.5645856386338759	0.2979176340239159	-0.428250015678751	-0.1438700978249869	0.1322554118149383	0.9539701190583748	-0.632917144254798	0.2260642523585019	0.8786026694175251	0.468130802104918	-0.3802958066178408
43	-0.208684383960056	-7.703416632223932	1.6007325363989395	1.8457986861773232	-0.4793385788490951	-1.102715720648484	-0.0547170761476731	0.8084184640709041	-0.7631715634152276	0.224831419939498	-0.2931984339188053	-0.0214299247761129	-0.3219295042430019	-0.6671883741226701	-0.9707616168479634	-0.99233287476793	-0.9223869808882156	0.0588338809414425	0.5219522563942451	-0.059215663094839
44	0.2047684873450124	-2.411965744129468	4.048849817938357	-0.2804300632049195	-0.8538648593843767	-0.0033668772166857	-0.3374681684291101	-0.2891164516940456	-0.492196235800606	-0.1600107569402242	-0.2355190677865001	-0.2017211142468902	-0.2933862771278299	-0.2591799633844545	-0.3622155271864047	0.0923241794719337	0.2167089656295969	0.1409755277604925	-0.0063625919794052	0.2054267831651111
45	-1.669570444376182	5.319831518896429	1.7592079220323202	-2.51871756029678	0.3990643630571213	-0.8709976490460507	0.6549027532512159	-0.9348888912323048	-0.6830275984925192	-0.9570421509091748	-0.4092730867740056	-0.3077840875519531	1.0800319591548018	1.4146246068878412	-1.051250257982546	0.3036394090037214	0.0904407268509508	-0.050593255540839	0.5655829524962304	-0.2948088317107742
46	3.975986606715955	1.5020834201463455	1.633890078750862	2.81106293995329	-0.7534548863020163	-1.387631014468007	-0.8615386432821612	0.1870204057977069	0.4142963688363106	0.3738510072562417	-0.3675961819846042	-0.0880997817990447	0.233938215946857	-0.2264089956039221	0.019466819313048	-0.0556148971177502	0.1461939235907834	0.2052857533477665	0.2833899286949748	0.0513609473542939
47	1.743413350369624	-0.3204240201278733	3.607327648295517	-1.954624759778825	-1.3597652101759437	-1.182895184751399	0.7178003981711907	1.005647719530533	-0.3381368681652579	0.9110033920631222	-0.4892994937918101	-0.4553044933994847	0.5186960022266724	-0.8619425972487029	-1.7178552186460907	0.8858113917766247	-0.5201724959662066	0.3036180845804781	-0.2785725051324679	-0.0361322697116324
48	-7.363466320983464	-1.1728913614204504	0.0028031458607131	-4.7477034923505785	-1.3353157124757902	-1.4208342427108225	-0.5562159694163551	0.2775753089637049	-0.5271988430065027	0.4678698772059488	0.2294651645151101	-0.5979361541370949	-1.3804832696783116	0.2674984684299808	-0.3739396236741124	-0.1758277997913301	0.1402329394117323	0.1088273121462537	-0.2833039191831137	-0.2332044930036914
49	-1.0087396220740472	-1.0153584061180283	2.8963197402500134	0.1770936139811514	3.6698683751363887	-2.3303845078567926	-0.8613799344271609	1.1489505489746603	-0.2493120290424646	-0.8052660217158627	-0.0721038227007914	-0.4833905025042231	-0.3229179643921966	-0.1012054441885652	-1.3486750899274336	-1.102446719227093	-1.0168513672967905	-0.2131345312671937	-0.2268241603618417	0.019578736775673
50	-5.649994755607156	-2.5459810974459063	2.399351007766096	-0.1953728668739439	-0.8506978956616891	-0.9177327667487498	-1.033747023223098	-0.3066797993838399	-0.8098700412448498	1.1316567904029922	0.2031525369693784	1.1426919737165822	-2.1520256939215905	0.538257152741064	-0.0538215038546256	0.2295900787077824	0.7105159052915341	0.3017301546377526	-0.4660432500168401	-0.1234698809881549
51	5.414462444810266	2.0321712664075595	-0.3067659251060817	3.7679066655172	-2.519559423063324	-0.8107384446781447	-1.2895879917126027	0.019903513617514	-0.1077458011224981	0.4075523593144188	1.768318552065205	-0.0188882766028068	-0.6981640768042858	0.3688051922434496	-0.9754146281066384	1.5179746749847929	0.1939012076559734	0.4278630481821077	0.4734133499028718	-0.5655068672899506
52	4.817856901406577	-1.7231860377821486	3.3477763696727605	4.678638400511241	1.3107326009941112	-1.7135171189006906	0.2072673397431064	0.1628799230190196	0.0594084876028548	0.6387697066888653	0.0520467896754527	-0.4715787584179285	0.1725926067331933	-0.5522744996778073	-1.3661509278587234	-0.1028589012083825	-0.171364988459753	0.1460991337693011	0.8708482877692933	-0.1871820148727976
53	-0.7313664504175369	-1.1045956487269095	0.1689343965169769	0.9408915010594808	-0.1146322800986041	-4.001577036844941	-2.006034597681543	2.3126713443608686	1.0735697177071546	0.2131080305532824	0.5984393441422585	0.8545680618107436	0.0572576619447815	0.508960482192915	-0.4248908600447132	-0.1149606873085607	0.294144344677435	-0.2299404022366287	-0.1717237261508675	-0.017703520158546
54	-2.0080827982369427	-3.0426999552454563	0.5436794202930557	2.975686656491748	-1.5381046474218891	-1.03679311014242	-1.1310807113192052	-0.3802428342705823	0.7455412349075803	0.2817379287797903	-0.0875112554279679	-0.4855644223819393	-0.1988578123926529	-0.017299234283012	0.5474347711277074	0.4328570871323819	0.4938207740272318	0.4779997993524321	-0.1871452927400962	0.3131059781720204
55	3.836777190497257	4.45600452788405	0.6850657545776528	0.6456761159015247	-1.0887148573824987	-1.3086960993495191	-0.7322062345829057	0.3153393003397546	0.3677071156600209	1.8151295259564608	-0.260743827732755	-0.1115280539758618	-0.7143214318577691	-0.8306619656001041	-0.5286369104012083	0.4297011138891115	-0.0063663052702651	0.0484663473086544	1.065630838887925	-0.2474673893266845
56	4.070092017660008	-4.691188051084771	1.7038217780208058	0.2697423937163687	-1.265829113920038	-0.5919868223391243	0.1324636228858526	-0.0937366990359755	0.0076292835021009	-0.6539804137222023	-0.1943007151742916	-0.7155141051624891	1.2831017614627953	0.6604912349003911	-0.7302323209037782	0.4985491898490609	-0.1210104350113169	0.4534919356692948	-0.4536827600872629	0.2743910798841419
57	1.9217958883960569	-5.176802665747751	1.0761669390910804	-1.6796845757678245	-0.5474961105714335	0.0679566013051014	1.0020735967397538	1.4783625831058522	-0.75488394787314	0.3243855267468196	0.156725857975397	0.2159559327298481	0.6510956711996059	-0.6761238087335606	-1.0531847260872498	1.0104429282550609	-0.7311893467134916	0.0863269493182523	0.4115197973950568	-0.4134866122156757
58	-4.401355560564153	2.509312964960753	2.589475625158089	-1.1027933570481832	0.6116378489591519	-1.5208332138524527	-0.1085018319266826	0.1558524395214391	-0.7329270922674742	-0.3070760176633273	-0.8322278626920029	0.0930264266091782	0.8562876899622367	1.1633265251017768	-0.9947090223130468	0.5466515674191078	0.2548639817175349	0.1196957187122687	0.0757119117295221	-0.1209737228762679
59	-3.2237598723994245	-4.283004738783919	2.0118659462686663	2.0836054783171267	0.7859545311937453	-1.9016856696430624	-1.7041397331686865	1.07251408599652	0.2966732179257039	-0.8009305922974159	0.3062442173521144	-0.6688057167462098	0.187196254975948	-0.2788357344317695	-0.5954611627125539	-0.0437627100592746	-0.2609022036926938	0.2620310078258543	0.0653409720102811	0.0168340022452757
60	4.9343478319746845	-3.2570168212535218	1.1679868900201555	-0.118642434214637	1.2623585003003692	-0.5328214836061891	0.2907691832859651	-0.6591839983247709	-0.8555926986477336	-0.0090488708513023	-0.7461847868081845	0.8821478342671618	0.5194836690125655	1.3269061072731816	-0.3284343215272907	-0.4537677677440276	0.3360471441685682	0.0569753454694998	-0.1783450425902035	-0.0582404522663195
61	3.7287681666936288	5.237142723240382	2.629803472153731	-1.0055827792404075	-1.7131895792805736	-0.5514758952182149	-0.903151561113555	-0.6886915824865305	0.0313243867373063	-1.0918206310220386	-1.2646862983598428	0.3441396837194386	0.6955285562492293	0.7680426360623365	0.7312940191045127	-0.8095534890543293	-0.2971652228129919	-0.0596960937282486	0.7412457368664942	0.0868218030921768
62	-2.6213946018849064	0.5108003627618384	3.821052184889527	2.8575167031720787	1.8081132622662783	-1.5103468621260958	-2.0701197160514635	0.2036047809726895	-0.2667022605486377	-1.1264254935485492	-1.3957687175911833	0.2120577169498325	0.0633991820173953	0.7710197922725079	0.6874572302776292	-0.6999308150558441	0.0471643589244628	0.5014003488886127	0.0434986362971248	0.1375738507670036
63	-2.9666717501365	3.2379938617163337	4.877941827549292	-2.8807923648028595	2.520292931459231	-0.6387838355745581	0.3733339942859839	-0.9314086882682242	-0.8195425421421523	-0.4890211910961926	-1.0014880725583897	-0.3797630343879135	0.9269753214688627	0.7878532108376817	0.6405197714625244	0.6642834155301588	0.5834383144083162	0.0553604091490387	0.6513172978006327	-0.2567616243443419
64	-0.8901720051839006	-4.838720697484013	-2.2907756691838985	0.4667107717395122	-2.2708523666069382	0.1587757387438975	-1.3585772540744951	1.6987176458170763	-1.9402196170539416	0.2647286601388072	-0.1167681209739034	2.077170661134412	-0.5609250498492919	0.2390485310610017	0.6736799039735315	0.4570956298043435	-0.041710717572829	0.1040997844242073	0.7573478187079541	-0.513255799615608
65	-5.376473103369318	0.7014519260363489	3.451083392549779	-0.2511402920095396	0.6898069776417692	-1.299809156379287	-0.4123046537026607	0.0508378526812585	-1.9176935544661693	-0.4854447002918471	0.3033275083223773	0.2611660552645833	-0.8851655079871144	1.3893726238180193	-1.4668112781503604	0.4644095394736321	0.3425863114777179	0.098556734638205	-0.142171342760081	-0.3830101564443899
66	5.03535960318249	-0.7795347421420792	1.3285756875642742	0.4456586517670775	-0.1732156835451128	-2.047971760026372	-0.8549452620367841	0.8362838270362154	-0.1238928287328566	0.9159668057211794	-0.8470141525557598	0.7971336999244905	0.3474869137368834	0.5392003937196463	-0.1611713262394127	0.1911642417507594	0.5555460444136571	0.1829952760637108	0.7175479251375574	-0.3465534642104669
67	-4.380938897472474	-5.476703684125301	0.0804278174686168	0.7102095968884381	1.2145160361712577	-2.0341206747435807	-1.841786199227604	2.178361586654699	-0.1616295500937217	-0.1167588583693126	0.9551394502482874	0.4350640117208293	-0.5189613554706582	-0.0230776273520731	0.0459151279013694	0.6238927038687984	-0.5759962322891419	0.1534886198515475	0.3982856952490738	-0.5976859675879136
68	-3.4082595722433857	5.447108285464221	2.3071877932720133	-2.5230412288945256	1.73602398011354	-0.8940662415261018	0.1990724776082242	-1.0419542460711322	-0.2179028821773028	-0.4084888108252154	-1.0067226342885238	-0.9170441289887296	-0.1258568063893328	0.5697814636897931	-0.1229047661882747	-0.1984779889160567	-0.4207033061048826	0.0609110723908339	0.1665467283468817	0.0781125821053554
69	-3.9776238914138857	3.6489234455883097	1.0604841641840637	-0.0608673599293485	-1.5788269086742908	-0.5136402391618029	-0.3023524041475252	0.1932862638695454	-1.5242643728209342	0.1680979704793512	-1.1688736693165094	0.8892875532040119	-0.6614692258519135	0.3438747740980332	-1.144510535686405	-0.8104316168054241	-0.2604737685523759	-0.0196243415132035	0.1045479075143819	0.0543220817010348
70	6.633777325910924	-0.5468713078154078	1.9735523666628787	1.3011040464279926	3.1048507026739403	-1.3677472392054364	-0.4663049803372932	0.5882654585782028	-0.3383328652149449	-0.8890907920015538	-0.6494950389593425	-0.5099628419700952	0.9734042547788172	0.2017412635664293	0.0164182875902758	-0.3172075248849541	-0.1503439820845387	0.0815275439968881	-0.0074615228827124	-0.1053788000135198
71	4.28903840510956	-3.506109136981578	-1.0227745459912618	0.0137777296903021	3.992681703913572	-1.1102356345024065	1.5983018216551113	0.4028188550271849	1.0319809908245428	-0.2973615725766978	1.676207304555161	-0.7148638910620804	1.3976110385682716	0.1733403525534278	-1.2572485348916351	-0.0317921291113361	-0.8886430578921172	-0.3047562309884346	-0.5810012835086535	-0.4416332806184697
72	-2.949241702260449	5.167451941088848	0.7394573311950012	-1.6765671323964482	1.1258356518501884	0.0607245102879572	1.2339828762270972	-1.476059857921758	-0.6067013343720018	0.3119640109562274	-1.5556466238135391	0.7077675939182358	1.2563323462950675	1.058452926849636	0.2494160982152555	0.8128137069994373	0.7734020492753693	0.38812924125957	0.5582989313387205	-0.3004149417868826
73	-4.778077253557667	0.6070051299749547	1.3348937027037728	-0.3867619088371778	2.237395938696835	-1.4605478709877362	-0.0737028110349324	-1.5361503634121547	1.6143603760787455	-0.4342858740821891	-0.6110724922468426	-1.7623689536901015	1.4645510930128085	0.9611125276223972	1.343959578325193	0.404362103924562	0.2767778192899832	0.3159273030430116	0.6037691048272773	0.0076833354653538
74	5.290082946887866	-5.7920472242855645	-2.061128747753334	-0.7602112261617346	-1.3138915160028617	0.0870228278020475	-1.7992143795250204	0.2541931005294202	-1.4421592561628356	0.2220010856365453	-0.8733359726826483	0.9393789990096266	-0.3299358970086494	1.6717214067883963	-0.5625632630970836	-0.0689843247012952	-0.0767199312579329	0.9653971873038858	-0.3487943190578715	-0.2903034300930005
75	3.9497671637733966	-0.8970766582933184	2.546284607285311	-0.5906137291602658	1.907754322456352	-0.6665722489708203	-1.8344119768076208	0.4924586187915452	-1.5265241132832943	-0.3733946223012945	-0.9167596961487536	0.1852280230090279	-0.9121904576062684	0.2990395407042249	-0.0889923963034471	-0.3395370832670618	0.1157587281892211	0.2397083275915046	0.2191271631444511	-0.1507140353908673
76	2.0392459828009866	-4.54970018615149	1.824066294756114	2.8313103799679507	-0.0993888784997274	-1.1104180548139952	-0.3129106009382472	0.3832971104423421	-0.9815705303998395	-0.7754005962779618	0.3606207901758348	-0.0871641893058114	0.4866901666643706	0.3853587897674693	-1.0858020480368724	0.2504770236055272	0.2342560673947751	0.0335400161782113	-0.2260241951503214	0.2380229951163728
77	-5.062873044687548	0.0323011877709621	2.5197386215823188	-2.020158386790415	0.9602324329066754	-0.8469266053293696	0.0461217281317747	-0.5287333252015429	-1.1549305436545052	0.3012981707561122	-0.4512207714260211	0.6283519317386865	-0.901389639415978	0.942405763549683	-0.7014204433736042	-0.2570843064954277	0.3384490591426121	0.0284319825046817	-0.1791666088473302	-0.1959442513395752
78	6.028911320754872	1.6134361333663354	1.1296388981248555	2.2735014857370874	-1.2025361930690686	-1.5153573465167236	-0.7985377455217897	0.2600968627067814	-0.0469551016782863	1.2980229350578223	0.0349884715614744	0.6023518412753148	-0.3204178030519529	0.4107605975006692	-0.9678948072625362	0.835707212120372	0.5330483182056696	0.2760215451589725	0.7006333517073866	-0.3450512026243664
79	4.694568693557391	1.6280992168501531	1.142938145440925	0.9463146793749412	-1.5374137113583153	-0.1077038907822975	-1.0218489798422272	-0.0074317447838758	0.7986921131087175	0.7007133274209847	-0.7501125197398101	-0.9371399308637134	0.0889372137257459	-1.1343138716900896	1.0419428311117498	0.2352575064175719	-0.6406052166207588	0.4516469890612067	1.1285325824573196	-0.3205370831866285
80	5.003566311466554	-3.299103060557495	0.8442911741736652	0.7245250346360931	1.4960904796047458	-0.9295461481253549	0.0615135638253168	1.065839938715122	0.1962273270239438	-0.3037453569635924	0.2358916602565929	-0.7197211379803967	0.5027931255466278	-0.4842482330963058	-0.1804031212940957	-0.3635757003167056	-0.4186096079497361	-0.2639644493218112	-0.3017694790581746	0.02912697380123
81	3.067796538286496	-0.6037860371115681	-0.3269366168142802	3.629354563471749	1.616567476142542	-0.1405879091415345	0.4646901986126774	1.2956922829896982	-0.3501950645832647	0.0404300169182254	0.6350296617784482	0.3502751624028608	0.2516762133255987	-1.3241088737127775	-0.4353987854516008	-0.1452586824369644	-0.1437444272152312	-0.5415984793281365	-0.3181276362703773	0.0734384641511494
82	2.1551550246826445	1.0541184742108922	1.933517348009299	-0.776427186970265	-2.131629990981672	0.0069133428962997	-1.9497010466003968	-0.3908033307462375	0.4907836573614648	-1.2401792624907808	-1.53906835601971	-0.9593184701462328	0.7172454711496137	-0.0540072214066889	1.5333169652024443	-0.8308745370405958	-0.4788527143333703	0.6413256921862998	0.7030594558657715	0.0702292651485287
83	-5.586288603313898	0.9491097696935784	1.259785923541709	-0.7475132837470059	0.3854201278059149	-2.417337576888841	-1.7339881061624232	0.4297333883942755	0.3856477944935501	-0.0160518113645837	-0.4263878603374939	-0.8924444590213856	-0.3169913364807435	1.1268213136089429	0.4518043948163166	0.5757223078904302	0.3119735184595569	0.5769728036965847	-0.3919115016146772	-0.1265873352919544
84	-2.819561615442152	5.104221980398936	0.6764217766921476	2.5409222490548	-0.8154437935831744	-1.3470534333691946	-0.9155564932599436	-0.2410339174417863	-0.7510733744458631	-0.2996012610213052	-0.3483564842122232	0.7988471895549605	-0.0953449040199956	1.623593742999642	-0.4724921909548323	-0.05452882491526	0.2034162251411622	0.2239256816704549	0.452407425657471	-0.2166167712347326
85	-4.326901529111668	5.00698231687435	2.125017199322733	-3.8056594276442457	0.5230462131397537	-0.980965004900228	0.1984655338067842	-0.2167142663715359	-1.2839797595663254	0.0226655109691973	-2.3309684111299847	-0.5904233367013632	0.0609715829187642	0.3762475592003618	-0.3640020769966208	-0.4160738873391755	-0.3757781500703203	-0.0103482112822594	0.6122743730795133	-0.0658843963671222
86	1.7156568338736045	-2.4676217355919685	-4.714516454341983	-0.9239606474126436	0.3124340560516643	-0.2629370542129168	-0.3079008266164802	1.875472235342276	0.1095633228562387	0.5062384078033408	-0.7966723285619982	1.47094314490991	0.8432443006720476	-0.1254187733091959	0.0027153690811259	-0.3073219223871836	-0.8067107124084381	-0.0168124841349877	-0.0266572836121294	-0.2979760678681429
87	3.8859843009056094	-3.757278553632815	2.7628377024835817	1.81407374141264	2.5182227676573703	-1.2519762437983608	-0.6899034715287353	0.1583445696054788	-0.1919873592716219	1.1574762846358764	-0.0222563277862112	0.0455554453115603	-1.4920547888451203	-0.3811557312185911	-0.6612380120778285	-0.5286325700047391	-0.0938783827265823	0.3391503556786193	-0.1819558556978062	-0.2102607884907192
88	-1.1638994946069852	3.0753909278282063	-1.789132666929775	-0.5913355352743093	-2.8226378496534323	-1.2566448566800803	-1.039038522210097	2.3499481703259875	0.1519287373524913	-0.810725203669332	0.4075791241146705	0.2418373637432456	0.4171010269155886	-0.637378545987886	0.2045465786910965	-0.8958530542635664	-0.3900661176378783	-0.105131280080158	-0.5829285825339188	0.1007909630395915
89	-3.985594260492389	-3.971063890533219	-4.279679136399334	1.2166247856749646	-0.1040132343281712	-2.339178460889383	-0.8091738305125151	1.0122237567448664	0.6195869862385375	-0.7525237126486319	0.7878048327211128	-0.3139381272513404	1.749820458039718	1.0192285724251384	-0.7085168191064293	-0.1862499940480516	-0.3038014784662259	-0.2528990007716059	1.251433298572321	-0.2742135031805364
90	2.7145577731680306	1.98588509066158	-0.7501014654968123	-0.3224488441710473	1.6945045394311968	-1.1542237856141293	-0.4500946245987034	2.3705341725632785	-0.1947056312829898	1.0811083351714676	-1.583362375096291	2.6396870699366097	1.2887767933815617	-0.9300211410955512	0.1894422437308085	-0.8528499446799459	-0.0927148402851927	0.0354117609201518	0.2221004935850583	-0.4623004227085299
91	0.7165328473394283	-2.0028262200470084	-1.217147019088597	-0.4720991460504162	-1.3544251948521406	-0.7714791187421293	-0.4793350537041458	1.4514345547628906	-0.3494677420541134	0.0993103896405178	-0.4897853282995738	0.0543619466486973	0.3954110408058788	0.0207887370436274	-0.0068399443465141	0.734396114717731	-0.4426167888337062	-0.0358991568491047	0.6292351889329328	-0.2135459517773212
92	6.7905903266413565	1.8993351319622431	-1.0377932393082758	2.421743001947016	-0.7941481934841192	-0.6661932428856483	-1.1242109110427467	0.2160329337536026	-0.2356096138973424	0.4508852439176889	-0.7272121599890068	-0.2137334408919873	-0.1001256552721123	0.0034374478757221	-0.5143571592039367	0.3711930939420899	-0.0863621805705705	0.2150787520491449	0.2762852095337269	-0.0662638463215254
93	-2.46516367913942	3.3164215752798767	-2.326948429401459	1.528017214606498	-0.2226485513226599	0.4434916534310131	0.5125641138750989	-0.203555201700059	-0.8733179734023371	-0.2190969257525774	-0.3286242017279567	-0.3963683035946825	-0.8236995089555634	-0.3644648304621256	-0.8932701329819261	-0.1258057346635142	-0.3477550842814871	-0.27458526064645	0.0269464524308435	0.4103843629554036
94	-2.5384221865272014	3.704708623267042	-1.065428126906	-1.23254590934342	-4.021351549326654	0.0711524916380872	-0.3877426655692471	0.0991496422053259	-1.1376694670125116	0.0392884279602971	-1.032636812044112	0.4037304262856658	-0.6248452083931575	0.0449875661065419	-0.5420490041988879	-0.7254820018064564	-0.190452148665112	0.3116763078518476	-0.1228882827059951	0.039207984598637
95	4.364586751856423	0.5943424757137737	0.72687721784365	1.4145325064548313	1.0604671017894738	-2.703120873743313	-1.3889587936889978	0.8844516296869749	0.7569200045037046	0.8876098386019	0.2085690366351594	0.5139892738658958	-0.5443749143233205	0.1044081625690331	-0.6197649000760324	-0.6428663462781966	0.1742113250411712	-0.126342798310677	0.3586334035717318	-0.2063477647614084
96	-3.4206840277083024	-1.8525990165183148	-3.2135960577881955	2.1076422339949783	1.2202052665358067	-2.7181702498216653	-0.0141657769914598	0.8027978210689177	1.3269237833353382	2.452576697793951	-0.5337982180652202	-0.5475897351725436	-1.0116813199841843	-0.6940674484017109	-1.1897708740289137	0.07064256989206	-0.6662671463262761	0.0769233376449209	0.0980382645123416	0.0772574112884254
97	-7.028129557667418	-1.364772014644316	0.5588681993561366	-2.0056974643375813	-0.3987896894461897	-2.216094946930736	-0.5701909192410373	0.3244587549029205	0.9780114914713276	0.6970857153406447	0.1837633912193882	-0.3584157729376489	-0.3438165367016843	0.1273768878276939	-0.7709384865905102	-0.7611576410992692	-0.5224920335706564	0.1407677921875392	-0.0581971414416155	-0.014653111750206
98	-3.2821183379841954	3.5850069546410603	-2.128365384047144	0.3622118176934759	-1.3627507316425884	-0.0310184623380189	0.003914813565883	0.76370911929504	-1.5335443274592966	-0.7113020899936553	-0.5964097478327571	0.2234942104306814	-0.3210400895859671	-0.0414672090183394	-1.2815183579613896	-0.1849559583945557	-0.2128139620935585	0.0381097997899255	-0.5537168007229649	0.222291831467507
99	6.16772537524505	2.6576920426546167	1.1449340348545392	0.8126165445578817	1.5232060012616166	-0.6364160246654551	-0.2644616960937416	-0.8486669679240286	0.4527937028666673	0.6807045637798337	-0.1617281716352164	0.0550934825832616	-0.019457333088205	0.1568692642351479	0.4033707201738101	0.2632005942044045	0.3803009727953401	-0.0724705992539431	0.5195184391372596	-0.1814106599217342
100	-3.256003465021388	1.485647127166104	4.800344214377532	-2.687743520590262	1.3645450725652672	-1.4738584235022651	0.3652898841787877	-0.5656281045253806	-0.4725670814567633	-0.1516404040360159	-2.073883330236013	-1.0568032311871498	0.9297026911411272	0.7483748412639422	-0.6751004976682831	0.4927396157219221	-0.5641183013717879	0.3881410465421491	0.5345470355698243	-0.1693933622838996
101	6.47815278117602	-0.8463850390434612	2.570436694661044	-1.0968912371909614	1.9752520997783665	-0.3311552092090375	-0.3893096736376567	-1.2939460950166186	-0.6449272452051145	0.4849714549211972	0.2657822476527886	0.2773430207959091	-0.2499561295047563	0.92839650784844	0.0346098878146845	0.6634503240099247	0.5639843761599479	0.2378948043341326	0.2545888338432949	-0.5165036722008051
102	3.9637388771029074	-2.851004386551004	1.854456008792464	1.7838586894081612	-1.107991453790067	-2.036400382818063	-1.515050141365636	-0.3721807376772261	-0.0640067837043116	0.6941860486276209	-0.7898350589037425	-0.1916479981502927	-0.5279248837352242	1.0611123598929169	-1.2250418281924462	0.3095376446507271	0.221426859648752	1.0274300130750942	-0.0069088136151851	-0.0423598243189284
103	1.97942087730589	-8.830639725167512	-0.9802570264651116	-1.9870309005442743	0.3765508581393852	-0.1125435742021006	-0.4491577477827579	1.3331074107070329	-1.1719297697689162	-1.3171298325407366	-0.6588187298590552	-1.8174363443546344	1.0581826200122857	0.3805865595677105	-1.5270592394817877	-0.0055272638795798	-1.4546513851711815	0.2390220111873129	0.7119219209492282	-0.1657814396717003
104	-0.5997979096311687	5.758986568444524	-2.1727791797706084	-0.1822572790633767	-2.0629907293834826	2.296514806578773	0.7423468099880903	-1.4093590416626218	-1.0053034552427396	-1.4501163340132524	-0.4476558570520216	-0.0402475346160109	-0.4956154318532206	-0.4043825768431404	0.618126033172639	-0.0745485339459138	-0.0459180229189108	0.2350167261412645	-0.489296648655662	0.2638039882748964
105	-0.1370583848266213	2.4358246648041164	-2.197261528788837	-0.2060563120681511	-0.1986418654431929	-0.3267430169900978	-0.4774184570197786	-0.0778008933514087	0.5966221162320546	-0.6056883830175013	0.404031043254795	0.7122492598872758	0.3282941966396357	0.7844727692623472	0.7129407780993828	-0.1312472945343309	0.0194306151781098	-0.1688593379288645	-0.2498764744470296	0.034158651732929
106	6.204762274058303	1.2884162708087925	2.0016352462485463	-0.4650921023211776	0.6854480409767163	-0.1319236187872769	-0.926753845138288	-0.9102055825572536	-0.2960743338345399	0.0626971353907384	0.1973863288944154	-0.394466385398811	-0.7669562854457048	0.3149244520516419	-0.036623230016695	0.1152567620473473	0.1690177457395705	0.0151519229967862	0.0425079448708114	-0.0357087469863404
107	4.889974062878093	-0.8792522768998762	1.6545786528767252	-0.4234974315220317	3.6106893896902506	-0.7340510399953653	-0.939464930499545	0.2310922627040881	-0.0275735952089459	-0.5368332989122957	-0.5271494586185758	-1.6231100983872455	-0.1217092272752324	-0.5038860919382415	0.4501093867998689	-0.2297025346047681	-0.3325708791972659	-0.0381236995217759	0.2248406215304488	-0.0501945352213524
108	-2.384438358083296	1.344890306464383	-2.617745026553796	-1.4843395318428474	2.3942865197768484	-2.446967799283237	-0.7829313843132102	1.0635308382124755	1.2578881771302008	0.3626270582546274	1.807755589520168	0.098998190482078	-0.4871278175540752	0.4326360769139548	0.2697937064654168	-0.5183518065674192	0.1941425275566259	-0.4248510731165777	-0.5549495252119758	-0.1280288986314111
109	-0.6704162720910829	2.3499024911503743	-3.829233149267304	2.696147992719093	4.206430902872518	-0.4999792232027085	0.5426561141628117	-0.4858358709756238	-0.3704713171130582	-0.1882705797056341	0.4519875792926252	0.5331077844914738	0.0440576580318428	0.7050275911724704	-0.6424305270626869	0.2503150284987491	0.1848881735034282	-0.2203055306735988	-0.0342896389556894	-0.1337164676492643
110	4.628896954901776	-3.067444877040696	2.826850654129742	-2.657297261145408	-0.8186788295632326	-0.5485690321516481	-0.2694632351982822	-1.3561368708506372	-0.1713561595669692	0.0550240091192788	0.5958480649790888	0.2277336533026979	0.0571677824080581	1.302135564921997	-0.9313018677104744	0.2784522084409321	0.4652610947548481	0.4042065949810907	-0.4824840178467848	-0.1533670395751705
111	-3.7776421348358338	-5.160228817109285	-1.061277385542408	0.4619749650207776	0.7785328901638309	-0.4934216250161869	0.5617998265748358	0.9113096677899826	-0.0222344195640791	0.2485167959746339	1.5911006330629984	-0.9578292218857544	-1.1535497592265005	-1.2012404261832117	-0.6434203256794584	-0.2660119193622435	-0.6326711184346288	-0.6116850718760884	0.1703865536234818	0.1027368685052221
112	-2.344850904408131	4.268431200322818	-1.2588176578836543	-2.847431647585536	-1.2668213157527894	-0.3112414766112765	-0.1969786362420382	-0.3529843853932881	0.5060878028111477	-0.0881707074800426	0.4299169333383562	0.3380305169118678	0.8298974979520857	0.4400867023895145	0.8744460820786015	0.3239677957733063	0.9174553202364856	0.3601315667127915	0.177760907995248	-0.4263608010886677
113	-5.162023196278493	1.478478685419809	-2.318150510270184	-1.6642642530523464	-0.7824026149612493	-1.0145653311471472	0.2621529160473326	0.1991327209973015	-0.2160797927743449	0.8439472561914447	-0.9382229238692388	-0.7897387415421999	-0.6508367519522444	-0.117430614869086	-1.05284317479762	-0.0534575456726869	-0.5862956467334286	0.0861326146147691	0.2149461462839159	0.0867199875100426
114	4.423522262674664	-6.569866193340506	0.611282764762801	-2.31859212219622	1.5700635764323394	-0.0974100704706026	-1.388054484832347	0.9062839783634508	-0.9352692904475864	-0.2691371537882399	-1.1254107781517302	1.0313702843470691	0.5502669519059502	0.222791533576423	0.0345464116145874	-1.8214921285231744	-0.3090627288151097	0.8419285835999946	-0.5501177649432467	-0.4830650889333329
115	5.728631865088369	2.7688087291342254	0.9476659356062912	0.8689344158434924	2.661200584515612	-0.4018354263731156	-1.1688943896820003	0.8185397521357523	-0.9414639322389288	-0.5280943855756421	-1.0831456770902737	1.0274058601652136	0.480177994808205	-0.0608671887777596	1.1384199053556676	-0.045185834839459	0.4511900099709371	-0.1138855804909508	0.4915685053048459	-0.2006815103123602
116	4.970993924447415	-0.8542852915124787	2.6901926299405217	-1.3921691929661133	0.6281871528848342	-0.1560551879645944	-1.2968390361094269	-0.6716359775371927	-0.0332229540510735	0.9731867316483294	-1.0115232198669926	-0.6745277445976345	-1.3491201447968348	-0.4795267204761622	0.1773774836040038	-0.3061564600224208	0.1906238804440867	0.5228416573244419	-0.2942781207795395	0.1043853758275195
117	0.9055038491741514	0.3459263106098763	-2.8306574700302223	-2.047624066854548	-2.093542289899588	-0.0010648507400512	0.4622710553587286	1.0647424090839657	-0.4300136717272171	-0.8978863518462037	1.3891950633431502	-0.4125026623293149	0.610698068340465	0.4338293430016975	-1.021342823176281	1.5565338512687528	-0.0479822855609939	-0.1841032952080465	0.0374799257910698	-0.2453619533274227
118	5.406513921078391	0.5242549688987633	0.6709250777271258	1.1411741757581613	2.0204496447403955	-1.6449480704795514	-1.4490532019637945	0.2566414601985407	0.1505735252583693	1.39641779219664	-0.1348301202032137	0.5852330098289187	-1.7782911399013983	-0.0159455201244398	-0.5602151018890789	-0.6722462919974769	0.0005844195055046	-0.0061097389322239	-0.1706822370949208	-0.1453875043836752
119	2.6616256167195784	-3.9473752808004434	1.6727488855885746	-2.6080186668934657	2.362256218089573	-0.6397975564085714	-1.1281996327590829	2.194261305381321	-2.061601198929936	-0.6849236593906236	-1.1600494300705062	1.5962871485536674	0.8463487144370951	-0.165365900106547	-0.5690699832388306	-0.5402773635127694	-0.4134606237803517	0.386937406605089	-0.4030157874297391	-0.5258977304224515
120	0.6399801900503008	0.8872626363577293	-1.0453116331976673	0.9808859254979598	0.5456509467999986	-3.1964355269981803	-1.2925099973431828	2.4180105319149163	0.4057077961016939	0.4739870190209563	0.0008177741955409	1.0125140215042006	0.2976394587106732	0.1793614660641473	-0.2572222813153546	0.1891697462295133	-0.0406449777471379	-0.2573877037444096	-0.3164374084201018	-0.0902298945820532
121	1.7446290247131793	1.0044410295527304	0.8677388653939027	-2.6108243400063835	0.1756040645353067	-0.6537130743757418	0.1608436657710168	-0.3857234278881236	-0.1007763409256843	-0.0851587603387395	0.2045390491149293	-1.0900330704014891	0.1345648784005107	0.7190707269219309	0.038748453076276	1.3231703694768375	0.3995352444052079	-0.2669125540944888	0.4163816384603489	-0.1326685765537258
122	3.4781087425439865	-2.569462032777128	0.176535459741838	0.9431953188919362	3.44682740038187	-1.1508872591122818	-1.249386386049343	1.3941407555106868	-1.4107953686848878	-0.4416573042089775	-1.5626200285371097	-0.1113095303545339	0.0614191898936447	-0.1526066419380747	0.4667340503143036	-0.115746125773236	0.2620964766143501	0.0812515212616917	-0.584592561103916	0.1114631587712549
123	5.824168886786947	0.8674685797194858	-1.0991232760951533	2.081384570967304	-0.6227167035774244	-0.5652628819811776	-2.232171779148315	0.570377565983847	-0.5273440071426418	0.8820622021201598	-0.1275831974381224	1.2363115471074388	-0.7804660324016339	0.2036016223102379	-0.1704135538290616	0.1956844806172263	0.8102225829921934	0.6643196662692932	-0.5997452064582394	-0.2328381616008346
124	6.952698257604037	-2.03261130726565	-2.8895088672484817	-1.4371442712796547	1.872065586095364	0.6133013874702895	-1.4092520398127366	1.0680012155716447	-1.1479980995467582	-1.4444137075620385	-1.863893917467968	-0.3469924531611656	1.4658987089259805	0.6718210711424675	-0.0279556861817384	-1.3198084583896148	-0.5707184876637534	0.3300818049863674	-0.150089360662486	-0.0973413941827785
125	-0.91993476721816	2.4654916768580937	-0.4398036033021781	-5.316929543169744	0.5317554524907635	0.0674109480549409	0.6650104951917815	-0.5355828817965609	-0.6130371166888584	-0.370905206806505	0.7567625671630952	-0.4041508597664442	-0.034800642929774	0.6331127742870493	-0.7546362739511254	0.8760346217471685	0.2969716660765271	-0.1300353139084931	-0.0219993709931554	-0.364201310011937
126	5.191450034733107	-1.8799831746098865	-0.7052335223893571	-0.6276049637656609	2.153284047181014	-1.4600678003093828	-0.2360397825022548	-0.2754318206092812	0.4193194099648596	0.3476072964072043	-1.4253826228417257	-0.1061096736176576	0.3484078814604459	0.9582260485655	-0.7486281609538291	-1.0681388644169043	-0.4806190129289291	0.1454143931936153	-0.1270331541716576	-0.0397666305669761
127	6.013774443639504	0.6804871665444242	-1.362954079999544	-1.255273408767268	-1.3037356009482437	-1.4201900549349924	-2.3208196626968647	0.634262575343925	0.4639572734132708	0.6636018531614345	0.4408598913432494	0.7319893425626827	-1.257946867882243	0.8465308743314424	-0.8532369618392126	-0.6415811793864618	0.0365967249518603	0.4875765844175534	-0.5406788409676775	-0.3934065085208114
128	-1.2396090370163804	-3.1261942951115604	-1.4743792721147857	0.2470571736006999	3.8158160541256585	-0.7028409548637322	0.4722564451111228	1.1750159930201924	-0.7791671677927536	0.0220882148579197	-0.2038398423015072	0.5099103181922331	0.1891537162203001	0.1335413652648043	0.6396528707957739	0.2566288014298362	-0.2282637347105052	-0.6886759188729987	0.2294177460923823	-0.1327156177045618
129	4.217279106618529	1.6978271448109266	-2.8322363652197007	-0.4960284362822857	-3.363148572902695	0.915379195452938	-0.561299463532416	-1.1164323683964703	-0.0671315121085425	0.1409925846807842	1.109993041696297	-0.0445884056685788	-0.8120610157040709	0.667798848293323	-0.4879759867124251	0.4909560800378142	0.1543426894355313	0.1734557369985483	-0.0604767592207178	-0.1722524449367823
130	-4.094292233366072	3.4881258361007927	-2.2421330109576525	-2.4291986465946227	-1.0663971429603478	-0.4718143857391803	0.5750635388695979	-0.3264802832638445	-0.0143382141032586	0.7748385932128661	-0.6483247145174876	0.0127204793761066	0.2106872429813542	0.166845824076109	0.123883623331543	0.0708142147908933	0.1944046819508968	0.3356183912379935	0.3196510619148593	-0.2688850568647214
131	-5.4749885092159625	3.635917198603313	-1.1013754768208812	-4.51176569785231	1.3419451509156062	-0.3408770070582827	1.316682776261926	-1.1783705091803824	0.4052764037588861	0.0690488930037565	0.0338268519746643	-1.829881533499757	0.3393480563227484	0.0925976835273552	0.7170170549689088	0.2789674403171419	0.6084283784950457	0.286264160692774	-0.0796422282730215	-0.1901270800480569
132	4.854494739336441	-2.0094186191041383	-2.56883089894322	3.677321790186389	0.4353831665616603	0.0998736342164745	-1.4790769020907053	-0.9510203333224858	-0.4437619018666727	-1.160788132109133	1.5523843624918516	-0.6661367667590401	-0.3578417161719152	1.4395798888330409	0.4041193396953231	0.3902388670954936	0.4739067801450225	0.0227930469271095	0.1686243366868733	-0.2439923322158352
133	5.0892836526565	2.7498249534630017	0.7992753445187539	0.8940223016967952	1.820295570044284	-0.3908789738028178	-0.1446677508927099	-0.4929514725627086	-1.1471625146220572	0.271321362973598	-1.0266503728214411	-0.5838039199780667	-0.500219089097623	0.0156198543173431	-0.6767602846405056	0.7371920115084362	-0.0160649915040658	-0.2027526645899546	0.7704966360024148	0.0104661839933624
134	3.328342253399521	0.4855381063893421	-0.6129404816081354	1.86179124162244	5.202127891275531	-0.9375043291619436	-0.397189483658833	0.7774595721940472	-0.4099545660536177	-0.6409608085656233	-0.7990574395656599	-0.1710495704360859	0.5916334355087045	-0.0796221600916133	0.5985433763985695	-0.0783253401146542	-0.271123518286877	-0.2337710741590724	0.201894202384695	-0.1951905910229476
135	6.562690459922949	0.5260028217780718	0.4295839887001229	0.9728802404828816	2.2089321051370017	0.2828991967708942	-0.2374659860595347	0.9012834832056598	-0.8864678474482912	0.1566825722378693	-1.2850961425168332	0.7729998776634588	0.3631798576447451	-0.6220841180893508	0.4963138197510401	-0.224015121890433	-0.0492483777547143	-0.1655966823816894	-0.1096044694483868	-0.0430698787198635
136	-0.2613748183386639	-2.5315486063998374	0.8263787890524228	-0.7394164153924496	2.4453153883949383	4.977405912173932	4.415488804053725	-3.5970617448010813	-1.2790982476791233	-0.5502201082738163	0.1937831203999972	-0.6370519072518075	0.2732172470471106	-1.3712609796971975	1.8160735006982724	-0.0060910146444546	-0.0958246598850032	-0.1121023744431537	-0.129269373144913	0.2346791104448908
137	3.95433619112956	-1.8135816128154896	-0.5329052810700652	-0.99731679069769	4.792217316250415	-0.6079561118345866	-1.290759652212779	1.646833913756243	-0.7137240163858859	-0.9357380983399431	-0.2413147570292314	0.6928506175227014	0.6669516709461227	-0.4791581496537453	0.6591568031372743	-2.0089712454586017	-0.6128748599495559	-0.1112156556940957	-0.00862224296751	-0.70229039051353
138	2.674216095632973	0.1455280084327913	-2.02520381181973	-1.8394207949368293	1.0799687302007612	0.233234066868877	0.4493547405366396	-0.9337016718002822	0.6474145034212344	-0.7745930385084921	1.3132121185840102	-0.6461377924121443	0.6106770020182246	0.901666428202642	0.792728071036751	0.3735688384424137	0.2164463054058536	-0.3389242574831994	0.0651424926751094	-0.2362952274189065
139	-2.245544419908375	-2.449427543116097	-2.36822351093942	-2.030344793201285	3.0899384231211684	-0.7921242626525755	0.6775788578513282	0.2968199011196049	1.0244576068938538	-0.2482532724303754	0.2281233894233149	-1.1221847480578455	0.4385099539642532	-0.3710986736190698	0.1108993553927595	-1.0374113080737355	-0.9703415530972984	-0.5237009798490602	0.1045381624977732	0.0663395847487273
140	4.293058701442221	0.8493075258685646	-0.6042192227908074	-3.681745432508946	0.0910789895718231	0.8780380617372883	-0.3985909486554195	-0.8049851394657921	-0.5888447914006076	-0.0517419701473829	0.6939704325339785	-0.4141082666922315	-0.6787773533866961	0.4338092872219512	-0.0484531091910094	0.9894885178775472	0.489446482525637	0.0311214776500359	-0.3925346436679522	-0.2296546054118109
141	5.551401432724118	-3.2396871407465824	-2.496215693521596	-0.1993543332275411	0.9192390313559962	0.7577535873495256	-1.3155805711790212	0.3047745362835314	-0.2885057521921266	0.2844769451265383	-1.4833166936869322	0.6619351474954431	0.2069183293693157	0.1794402673324739	0.6968274367642122	-1.6878816203777325	-0.3502548688790441	0.3567303567798954	-0.2171320864253534	-0.1679170494696467
142	2.733338933120601	-0.6071477840325056	-0.5578143940207532	-2.5889165604340523	2.357534770265154	0.8470573245790929	-0.184401996100556	0.8730335466710528	-0.3999867061250204	-1.3752656524726847	-0.2502232425439797	-0.8738778357180603	0.6685481715252202	-0.6098133756928625	1.044484057998626	-0.5537794183843784	-0.5646468248358112	-0.4383384292692154	0.2307551370698224	-0.0396372399081275
143	-2.4304785818694885	2.506855921464226	-2.721873346426965	-3.4175203773609213	2.9268790704800978	-1.5445474151943026	0.4423055335332346	0.0177935415866663	1.667030647774936	0.8065553353061359	0.5096843499545097	0.4876068914520512	0.7285674813568974	0.0206522130876187	0.4586461912920994	-1.2297906892431776	0.0371189381605148	-0.062836493921395	-0.0802979119279658	-0.2400135320723371
144	5.341696060540949	0.0646830272949724	-2.7391857074412664	-0.1752586905700948	0.303627593603025	0.1231956523140764	-1.6098448446143383	0.4528357225737309	0.059371798978105	-0.7400356074478014	1.2761730984567752	0.4699185886754424	0.4184453663062655	0.548854039191589	0.7133970635433	0.7573294103262475	0.3919446908250783	0.3605108603070024	-0.2835144147469233	-0.6884239959603913
145	6.6300416175536165	2.5483719978184505	-2.721347081869028	1.1101725350563625	0.4243237200131666	0.6050372701717945	-1.1504209711682964	-0.477865169654585	-0.3243935965627611	0.4331966887011871	-0.4108728454310882	-0.4202714570602897	-0.9765276225135792	-0.1171195566411462	0.1264300581039661	0.8353518065873894	0.1925261822016686	-0.0971383766044302	0.0780228410781287	0.0070455601039758
146	-3.60632076996095	0.6761478930682369	-3.997713467982348	-3.1318491908330497	1.715389926144006	-0.7993992584208387	0.1253273052256691	1.1005054972106905	0.3640367692707431	-0.4151965876030241	0.6715953360299042	-1.1240270024459669	0.4575725920688782	-0.3338993456572687	1.0226145105671227	0.055700458063847	0.1467991111853812	-0.2247441524977345	0.3806665508300089	-0.240227697048025
147	-1.7513259411213418	0.1016918891499937	-2.456827228561964	-1.3323517645236844	0.8696103841606018	-1.0122006841946574	-0.3427824176699072	0.6049639081885267	0.3229641876725568	0.4155970690054642	0.1822280626311697	0.0929310455753924	-0.4124583576977585	-0.0014793125951726	0.1579002094659882	0.0288836154197657	-0.152516782221624	-0.172368746443787	-0.2675474220990868	-0.0239707153536055
148	0.2322376145245557	-2.8949715505943727	-2.578584029863756	-1.1060389515860558	2.0811388324344366	-2.1194209988093755	-0.2226287389409389	1.069278937444892	0.5085062891470034	-0.0618833567478918	-0.0424982066126685	0.4229399062155661	0.3853612520362439	1.2218656897046714	-0.3836861558933018	-0.394373543625497	-0.6184248547327542	-0.4884446082530222	-0.0605840051475912	-0.1092107762396934
149	-0.6098073628987897	1.0508603035732524	-6.048697274048188	-1.463737609226614	-1.471501913429211	-0.2809665281239519	-0.6708003490854589	0.060447070968749	0.3572956855560565	-0.1823444337058541	0.0077115523181187	1.32851973166553	0.3166650498529471	1.0209210612657706	0.2012945266237222	-0.3766129745246221	0.0355326333537611	0.582263248229115	-0.8937976519651389	-0.1801401246222371
150	1.1830260325010031	-2.1327483456361978	-4.318471074207399	2.04977720963935	2.744677248080034	-0.9966377888297168	0.2305570184643189	0.6210163141536214	0.7097225571215833	-0.3713640824219484	0.4600748594396416	-0.4579300256874656	1.12164850696427	0.1522861439941927	0.7275352610001233	-0.5568031747069307	-0.3630418690451649	-0.504103799968117	0.6220144997257844	-0.3364699257016155
