label_id	feature 1_shape_CFOR_raw_measured	feature 2_shape_CFOR_raw_measured	feature 3_shape_CFOR_raw_measured	feature 4_shape_CFOR_raw_measured	feature 5_shape_CFOR_raw_measured	feature 6_shape_CFOR_raw_measured	feature 7_shape_CFOR_raw_measured	feature 8_shape_CFOR_raw_measured	feature 9_shape_CFOR_raw_measured	feature 10_shape_CFOR_raw_measured	feature 11_shape_CFOR_raw_measured	feature 12_shape_CFOR_raw_measured	feature 13_shape_CFOR_raw_measured	feature 14_shape_CFOR_raw_measured	feature 15_shape_CFOR_raw_measured	feature 16_shape_CFOR_raw_measured	feature 17_shape_CFOR_raw_measured	feature 18_shape_CFOR_raw_measured	feature 19_shape_CFOR_raw_measured	feature 20_shape_CFOR_raw_measured	feature 21	feature 22	feature 23	feature 24	feature 25	feature 26	feature 27	feature 28	feature 29	feature 30	feature 31	feature 32	feature 33	feature 34	feature 35	feature 36	feature 37	feature 38	feature 39	feature 40	feature 41	feature 42	feature 43	feature 44	feature 45	feature 46	feature 47	feature 48	feature 49	feature 50	feature 51	feature 52	feature 53	feature 54	feature 55	feature 56	feature 57	feature 58	feature 59	feature 60
1	-0.6079874691157019	-0.2854546991204347	0.5432574684771543	0.4963129671515367	0.5920992858495389	-0.9175603762017086	-0.2702351659427739	-0.0917574568974755	0.1138218551368168	0.979128077582206	-0.5700174826423751	-0.8282392318244107	-0.1124987267389511	-0.118094246371798	0.2054663922546411	0.4197643561367523	0.3554651216426517	-0.5323380321614555	-0.0759473911864219	-0.6056178952812146	0.4146607769034878	0.3558508892418595	-1.3909194255189834	-0.5518730722578915	-2.111518420155207	-1.0268739316943514	0.3109107023252482	-0.3668689456752616	-0.4309695738977169	0.1678527307599205	1.2828222272530878	-0.2416554584035689	-0.2864825126181478	0.2643587953971675	-0.2113988884981628	-0.2644620776138291	-1.349251906286842	-0.3194055226103957	0.6191192061743911	-0.1155241852226293	0.2073201676692843	-0.2224883521085177	-0.0575532106534855	0.3532635604311783	-0.3008263494624325	-0.3293684460907281	-0.2343397116356361	0.2002402339873568	-0.6533057802060429	-1.2819303455125124	-0.4955829571361189	0.1364445835141907	0.1966719012760539	0.0716003319472895	0.8665444491225435	-1.4007645513998477	-0.5563604390379375	0.2420257704962172	-0.2052083716818019	-0.1178935233855218
2	-1.2262149926436408	0.2060702752125223	0.0303146321016407	0.5678703895526223	0.4508567612692841	-0.2805408337359273	-0.0347619923067542	-0.0545822225423665	0.1393883016570536	0.7437710120324649	0.1587432290410988	-1.0690108903134086	-0.0385445502088634	-0.0441958730575651	0.0550727298201474	0.1725773105262722	-0.0601325564115043	-0.8556398353584541	-0.0519366142509654	-0.4136023233833501	0.1007477270942271	-0.324435120276292	-0.4605818090060993	-0.8538555527718517	-3.0476411071837823	-0.4977024834947636	-0.2411614171884908	-0.6590707226055088	-0.0149314739594652	-0.1929356225312595	0.8686861878685539	-0.2373120321989181	-0.6362757640179094	-0.0552570177166015	0.311787030670299	-0.6649414052850318	-1.712312934928566	-0.0880105838285809	0.052336410243908	-0.3752521886498691	0.2644064082211595	-0.4438381672709747	0.243351954609768	0.3762447691680197	0.2264149099795289	-0.4183952373300428	-0.1455100801355199	-0.0816620966886081	-1.690895618780472	-0.5747390616191081	-0.9251672942230558	0.5552991664353921	0.2341920469739016	0.3969358442453865	0.6106159664337916	-0.3961610445184726	-0.658123213859279	0.1968135476933465	-0.0861953609050366	0.1962380592513337
3	-0.8358233073231478	0.2875194335865039	0.3474900009672848	0.5522808902554666	0.4587506358102174	-0.0161230849613227	0.0105532487517628	-0.4044862743303329	0.109121921373135	0.6416521589925961	-0.0517696138597501	-0.7599465406746664	-0.4751259501721385	0.5624786721875094	0.2910183902216059	0.2186850626007688	0.0153601648623402	-0.4745304964952617	-0.169324563228246	-0.395525652916505	0.458848971870301	0.0447979409801824	-0.4241779693051937	-0.4908993659757237	-2.4325927104221967	-0.2532043500415923	0.1985320483508335	-0.2560179187072924	0.4116519343484882	-0.0880596021986058	0.9542480553518082	-0.0868203848372579	-0.2972809551331727	-0.2079288285513701	0.3320999193691683	-0.433650176362742	-1.120876519794334	-0.7114920038018543	-0.3665830820556077	-0.2512243105123146	0.0719110329869601	-0.4525049035159746	0.202547200076391	0.4245591006830476	-0.0883788067526468	-0.4464722185536682	-0.5240007599380373	0.1274523841527324	-0.9957649961306267	-0.4546383373087971	-0.5578806718282019	0.1613495749295477	0.2153949331286326	0.0007634659265458	0.5524161453411736	-0.6382523294450553	-0.4449378492474432	0.1701472564345854	-0.2538817348988344	0.1128840959072197
4	-1.0580532145818278	-0.2952421726072165	-0.5338854493443634	0.6523699623520063	0.5705214266082872	-0.4824556949762812	0.0268273554253311	-0.0886965276365781	0.0496787146999666	0.6493811416837454	-0.6290052055199402	-1.4651917217095909	0.1303642268418975	0.3069965099174006	0.0794717522251102	-0.0267828754635264	0.3232792191889081	-1.0270812745770015	0.1070335161033907	-0.2336300193184377	0.0681698081719426	-0.1071448852495809	-1.4705330843400697	-1.6162456457110357	-2.8099173978147647	-1.3145562427268098	-0.9762863304409776	-0.1894936560617404	0.1535826103511627	-0.2993303477764801	0.6022608945052541	-0.4967286754188723	-0.7986432539661918	0.1487642597227703	-0.081979961195292	-1.1719477219763987	-1.3003314550185652	-0.1308597599786068	-0.0831374819156339	-0.08314306600134	0.4107910454072914	-0.6420677510676446	0.0870738973143347	0.4969583340449481	0.1433996700329293	-0.1201265696260486	-0.0577743254422201	-0.0597965264169222	-1.4610039798299388	-1.4981765467507364	-1.7076005304339583	0.422534140256356	0.572078449958128	0.6374876354813712	0.7951721949926946	-1.385813498699496	-1.3475657645996224	0.1082716343011047	-0.0521514276243619	0.0679913368204865
5	-1.2742514273082262	-0.9244836159526172	-0.2718412244680883	0.4668803007079243	0.2093572763293165	-0.0090233348169442	-0.0619465828026251	-0.2074140838363079	0.0624973740099621	0.0814749414262439	0.4048242895033378	-0.7591531450999793	-0.049860946251461	0.1429114624676601	0.2623305612228626	0.1414329100471512	-0.2314731927083894	-0.2549969931624678	-0.26951203736147	-0.5835780200413216	0.1297308333221122	-0.7168034802154121	0.095827008644624	-0.328391203887151	-2.7312173082315208	-0.8188538352013222	-0.0935021713771597	-0.5267262208913208	-0.2310574738933152	-0.2060732902220722	0.5853379991863183	0.4439739756462568	-0.2128666770422373	-0.1479282113341042	-0.2909301766069105	-0.445841499081741	-1.5214218317982522	-0.2564517293837154	0.0257953373846377	-0.3384782065107725	0.2261803347644521	-0.1494256188591745	0.2496359012712189	0.1884619226164514	-0.1066900828563765	-0.289162683314205	-0.3126968531699764	0.0351773962853634	-1.6561373751052846	-0.310634083802793	-0.4692397104394348	0.0240150826610043	0.0476296356109564	0.0352511384291471	-0.0397982870801417	0.0592217651393842	-0.2086524723088352	0.2970933103735238	-0.2010502622677033	0.1432073773000884
6	-1.482624599265128	-0.2020498307563398	0.394373525516456	0.0805998346679299	0.4194165568627171	0.3932739452810087	0.0304730298388639	-0.4068607408563945	-0.0486787614838388	0.1432331704384835	0.2301714120691576	-0.4046853944460247	-0.5032274917231394	0.1582041119697121	0.3726866764310206	0.0392232685808611	-0.0800092531788652	-0.1898646541347286	-0.3961389908574032	-0.6380021273514931	0.5534411621191253	-0.6766349453083225	-0.6437975897228609	-0.3549470330590316	-3.1818107028100417	-0.8536517943738575	0.1774281895890941	-0.9588614503445864	-0.0493331921642813	-0.164438923744171	0.6486166914572637	0.1783724865548119	0.0314855409816117	-0.5871473087563558	-0.0406024779521911	-0.3511269354537789	-1.9356661021733603	-0.9050632549497828	-0.0550097090763929	-0.3212052475509014	0.1931731737412279	-0.1981586358656928	0.31202878004919	0.1266661925362679	-0.0739776249099695	-0.7694669306566938	-0.6893848695140972	0.3748314399612539	-1.8232084760926217	-0.9492862300527518	-0.5643339019735674	0.0605492763431569	0.1446784851588125	-0.0254446305007529	-0.0046013949780144	-0.627815906504531	-0.1829087665943785	0.4058168698702691	-0.3015914381314739	0.4709623183150535
7	-1.2076883795869056	-0.155439354381258	-0.2283419762205991	0.5890788924117043	0.5823680612321656	-0.186946102622982	-0.0022983136369852	-0.1062769574769322	0.1362713380007675	0.4575018878314882	0.2297596861532038	-0.8942828092950343	-0.0781109832641183	-0.0504928287817927	0.0539240013510362	0.1300668190562162	-0.0119826686128055	-0.7062526766349903	-0.0492254733948981	-0.2347861089861207	0.1744174414260372	-0.3697866902697954	-0.5105667938979237	-0.8385592738446699	-2.851344397111961	-0.5699359399412494	-0.3421523139854707	-0.6938158572204239	-0.1775788906810557	-0.3251048953214852	0.8499348971645146	0.1197370706909786	-0.4404022192503195	-0.1011523059256887	0.0477597510191374	-0.7804831943782289	-1.7067684544309032	0.0250983471182912	0.14579653326446	-0.4276805083444095	0.3635096408184848	-0.4817469502735044	0.2408075006840554	0.4970021254407012	-0.0197721541898148	-0.4235968020451756	0.1611829212620505	0.2056018737712397	-1.56267638537622	-0.5664188807929658	-0.9036353678722696	0.4648676058416776	0.2737227041542587	0.3181102024235893	0.3793382618013684	-0.3937087331212461	-0.5472052110369634	0.1998354417867232	-0.0607405192120498	0.1216001972757485
8	-2.172028024412753	-0.5601061780762924	0.369302978590921	0.1098613284823211	0.2455272272715011	-0.0304763666358345	-0.2221136777267826	-0.4647626296035241	0.044959945182333	0.0463434353599487	-0.0697038496908633	-0.3410709498327537	-0.7845088673794576	-0.0522346417469616	0.399440731962249	-0.0795367649102876	0.122787948546871	0.0454109307778594	-0.2370390124693331	-0.5503180256343323	0.7620167511342251	-1.3667709153390415	-1.1159328102195958	-0.4435904691303052	-4.027371622956526	-1.2504521720230954	0.0927551247969755	-0.95885862911083	-0.3239272708819468	0.1170316391001463	0.357745181610571	-0.1104080731095288	0.206820560444195	-0.6516819346604711	-0.0173092689164529	-0.1959718408021438	-2.233534762428224	-0.9435406964635874	0.0621024477388461	-0.5119880164017467	0.0752260551960615	-0.1970315061367247	0.0653480764713971	-0.0268095160276173	-0.0280397335237608	-1.0397551161523957	-0.6465116095044557	0.332367618087477	-2.67347939031504	-1.3176506362872429	-0.5994189319271699	-0.0701483174119705	0.1439466340403425	0.0728742141887457	0.0572680684771783	-0.6963284350366106	-0.0305297873595139	-0.0073253766193217	-0.3438174378849424	0.3898162775550755
9	-0.752068206018413	-0.5225530683925965	-0.5861018618203089	0.6997224385565197	0.5359432478069519	-0.7281085128384441	0.0213242847569486	-0.0097917360846976	0.0463277648786539	1.1239646984851162	0.0196416175031526	-1.3875868096942627	-0.0170862602019377	0.3693450847615539	0.2236288277351708	0.2792566739554705	-0.0235009304559124	-1.2293283498303	0.2638386969984169	-0.2992101980775283	-0.2075885364493359	-0.0420279954602301	-0.4558500164570271	-1.1396370375755311	-1.3019797899497565	0.2946224440717206	0.0117898211076326	-0.0464332159750995	0.152967183969361	-0.1333409886377639	1.0454630087721053	-0.5450010874830139	-1.041503582959899	0.015668005239549	0.4720832590198536	-1.0083310129920733	-1.004946004222744	-0.1636110350252053	-0.0138914259931473	-0.0672655341163663	0.1053245595583823	-0.4413103032468747	0.0854130301631972	0.4772550407066958	0.0865689507757333	-0.0585644909023197	0.0451094887055456	-0.1638938850308561	-0.3448459309815854	-0.0106729019305373	-0.8727211403868738	0.3730664826293436	0.6867248197051169	0.3503327015008903	1.0059018426208366	-0.4921144948029159	-1.0202484262453948	0.1880440841317185	-0.193360793943122	-0.0780028086992914
10	-1.7937465950660196	-0.0266199938615188	1.5659590665765324	0.1351582985505817	0.065216868308539	0.0117652945333533	-0.8226199529452849	-0.492816565348569	0.2011545195225199	-0.0554053248917434	-0.2452337527178192	0.3187192690605065	-1.4903460414771463	-0.1483381577667801	0.8009485634232548	-0.124982439017504	-0.0094483549731346	0.004728413329474	-0.5365410650046252	-0.9724606956345656	1.3250425123819631	-0.5327599581142133	-0.6827994900540713	0.7359415232530435	-3.430800999810532	-0.46977413582704	1.4886909091311746	-1.7887862665760628	-0.3151616068162807	0.4181645259864845	0.3576419041221235	-0.3197381116580783	0.6230638037244824	-0.5661745784664183	-0.1454691957736158	0.6454199214003062	-2.7645863851595243	-1.1721105745393052	0.2591269030320628	-0.9432744322358968	-0.4516449901837665	0.1186719040312116	-0.0758025377804731	0.0284570433581643	-0.1207704159748591	-1.3618093929299515	-0.9883512733762304	0.4228501467166036	-1.9373639096611592	-0.6797427155704225	0.7225498865643805	-0.2396182176732618	-0.2575421998234581	0.2778938291812416	0.0639539256556869	-0.6938926852958294	0.767816721730985	0.133314993479118	-0.8598254052553412	-0.0452744843116935
11	-1.0271690570776553	-0.2917204135156432	0.5308999014174047	0.8557929624596894	0.5967624422002902	-0.4318419506493814	-0.2274977837015344	-0.2342272730099441	0.0476129029126276	0.4637158390718181	-0.2907049159039854	-0.4216286863926533	-0.0765310920295674	-0.1264244515607484	0.2866709212076344	0.0909507871536223	0.2287899028103917	-0.4306259272225701	-0.1609823820591253	-0.5342378008812525	0.5858711987598939	-0.232294309722345	-1.2339432376384618	-0.4934069542063675	-2.8477911300324266	-1.1651726887769989	0.1768870618494198	-0.5444391418455781	-0.543681087957019	-0.1582108694261446	0.8945410014041721	-0.0983558258862328	0.0883371716066727	-0.0639102732234157	-0.0085678148814443	-0.1655760723587314	-1.5389721023824192	-0.1793368570630006	0.9005567380538699	-0.2706410369345781	0.1623682212645879	0.0579278756324246	0.1173187173669559	0.3273528988141385	-0.1266410112173857	-0.6477725128116129	-0.3489667718509206	0.5251863307593783	-1.40928286198673	-1.3415191313487471	-0.5983832405927461	0.0920268875924505	0.2683821965140061	0.1328803705391743	0.4412516678659859	-1.0034425185553564	-0.1823647562892056	0.3011926390429349	-0.2980563901981846	0.0843726587671706
12	-1.1162699907108022	-0.5064448502017561	-0.3907305846223556	0.7200614358851674	0.7479044656649544	-0.9802465830032332	-0.0372337787703557	-0.088151457581755	0.0421526212207079	0.8922515120406597	-0.5680435478025314	-1.4545411939500044	0.2362928160749223	0.3118087390631743	0.258816087841061	0.1170911456332364	0.5812155916553633	-1.1898289149264882	0.1495984580905449	-0.3431993799706101	-0.1084163857547013	-0.1587360905450805	-1.628035100082546	-1.564359719437879	-2.865802840104147	-1.5278940793114235	-0.815128404965902	-0.2085682417362298	0.0322959505632738	-0.0909322093110996	1.0252516995123242	-0.3092762393848267	-0.8964398326805509	0.1874722324441344	-0.3136499773219292	-1.0097319002482958	-1.3715771150681937	-0.1689737657467489	0.3500871435010418	0.0794701273753546	0.5309829598754421	-0.5767642359779817	0.0431343004733637	0.6915763850531084	-0.1403000550026519	-0.0705494559975925	-0.1277079608125755	0.1652603321286659	-1.4803101550047444	-1.7260084139550738	-1.624694204793702	0.073359986844225	0.6866527387958073	0.5882797106584171	0.9437962927291804	-1.40156127023446	-1.1817013406263477	0.2385232397001019	0.0307675960408783	-0.0589313956653769
13	-2.0634362507133504	-0.6339490530926453	0.3376123132367061	0.6324905123768374	0.3383568193435259	-0.0649939318827269	-0.3641276958390715	-0.3352063635252849	0.1245609463036846	0.0273889579515476	-0.0901153580358469	-0.2152043672232884	-0.6921313914974588	0.1711950426262614	0.3875426587118264	-0.183730404717014	0.1046396361053998	-0.2815693237234631	-0.3844566000654156	-0.5243048208603279	0.760626930947448	-1.1944469055959137	-1.2618393364526956	-0.4538839125732385	-3.9322749063779057	-1.3158959440619435	0.1414810483515896	-1.159237696394555	-0.2074132453078153	-0.2225244322966697	0.0344694347917751	-0.09807103814564	0.2005717780714719	-0.6531792587218809	0.0198642141825591	-0.0984255586619939	-2.1529310322681385	-0.8348658889020193	-0.0103042732608009	-0.442651735447748	-0.1199899202729907	-0.1307168891196922	0.1610126425223035	0.1102545211206798	0.1421034031127391	-0.953972910760518	-0.5533634021428577	0.509406624806853	-2.5838839482568634	-1.3702242808224787	-0.5658638266153693	0.1348571090104452	-0.0733134590000229	-0.0003831054330523	0.1363532799611089	-0.8713022747351364	-0.0385642137345261	0.2195717603666283	-0.3209535865916533	0.4725489743783996
14	-0.937041580870519	-0.6858783898052101	-0.3242034459498235	0.6660510260143029	0.7357989283030928	-0.4742666763029075	0.0117617997239629	0.0207103941667659	0.0286932031403426	0.4702526023627387	-0.4610947269171084	-0.9264613374751782	-0.0731237726472713	0.2216100744695412	0.1304360483452817	-0.0180959039832639	0.4516543838014676	-0.7323208564919275	-0.0857097056818897	-0.5416881389892476	0.4916037550834291	-0.3765464036727121	-1.7833786574548482	-1.131802061174386	-2.5811394778771266	-1.7293977184858085	-0.8958119635963109	-0.4163679935608073	-0.0727190725658428	-0.0853628732004199	0.7437621471292548	-0.2110310029204309	-0.3163838282346305	0.0770045959896799	-0.3685568075276506	-0.6829859215192453	-1.1012979342305276	0.0011852536909707	-0.0518136777726238	-0.2283524050554636	0.3585963091154411	-0.4268726613738003	0.2063856696145722	0.1915708250031622	0.0261054629598357	0.0984248900843283	-0.1984844247312969	-0.0387274306482601	-1.5052290830078277	-1.8870843263034836	-1.3280337876191115	0.2502334973511783	0.1280729293938438	0.2333890198994719	0.3090001448161998	-1.4591672334917922	-0.8138611517573524	0.0813556815764269	-0.1808553997399824	0.2053248688513274
15	-1.1041385241887332	-0.4450675038733014	-0.4373314993705447	0.5351845198392307	0.7283930010041166	-0.2430944933527986	0.0458898673777365	-0.0188182980286624	0.1118023274886046	0.6090748089976059	-0.3777104836393636	-1.0317609996557229	0.060145839851679	0.0833692421400815	0.020271199369569	0.0705803153497781	0.1662196419298856	-0.7111240818284824	0.0766945372138556	-0.4132182708554794	0.2192770618087494	-0.5072370528799219	-1.4474856392588709	-1.2432471273301444	-2.8999148120122187	-1.352195713826715	-0.8139339804596977	-0.3469916510651725	0.1286016532442664	-0.3232656829026863	0.6697041561867407	-0.352323635317477	-0.5192957098172754	-0.2616824794837223	-0.1442571083242383	-0.8169105240385954	-1.287176051705866	-0.2001111910648211	-0.2962629623921479	-0.4186452267214088	0.3572786626216477	-0.4607215811904775	0.2103429647438476	0.5548505399281902	-0.0908394777598648	-0.2669167074314366	-0.1170662934625575	-0.0962744327764994	-1.5768532619078086	-1.5457908669394742	-1.4557001403116427	0.2247649832672492	0.3950459813710221	0.346149970053937	0.5501806423553814	-1.2031830208995322	-0.9072604106189835	-0.0583779057531437	-0.1041983401046374	0.1512606091772307
16	-1.4060433032701414	-0.1081427214020152	0.6109374478978644	0.7054549297418775	0.5902119783891298	-0.3129807099571715	-0.0160750244293176	-0.0589030925898399	-0.0270834470027342	0.3014599599134099	-0.1338464698286667	-0.3525012009440342	-0.1699265934953987	0.0081249675419494	0.1164355575743338	-0.0294523349045416	0.2751755612223772	-0.2183768654712727	-0.2721129820989362	-0.6762316712118721	0.6614529793138075	-0.5421106869345366	-0.9070283164379798	-0.3170950010272446	-2.942135747984916	-0.7838318469886447	0.3967002696877009	-0.6708378038874355	-0.0701399925102117	-0.1809319735441539	0.6016422203735083	-0.3293918160089395	0.1761224739459741	-0.3606832784783106	0.0871962727132626	-0.1077574976593589	-1.7830901564641484	-0.8167139889967745	-0.3378322383004982	-0.2920570434302705	0.1476696092286762	-0.2253073984366338	0.1963810537562165	0.2882397877213761	0.055654619197569	-0.7963775674857757	-0.6085875460188281	0.1412797001214654	-1.6157181480202911	-0.8327054945259533	-0.2907743557211648	0.3734191018094608	0.3224619853553616	0.1892818110885967	0.1864544149916703	-0.8332555728941413	-0.1505347957291443	0.2402954042545138	-0.3025669202368485	0.3046749338535258
17	-1.265978117773106	-0.5158411895787334	-0.3288878854714503	0.501383260243256	0.1128727960944622	0.2886938244369595	0.0507295515536176	-0.1352152010367981	0.1088810152747347	0.7719155533958743	-0.733551169521575	-0.5328169034882262	-0.2073445512284841	0.4411818724576662	0.4495673569408076	0.0684120484403176	-0.0318081539001748	0.0580979643057624	0.2954253336287679	-0.1238555276166943	0.2984104231140227	-0.6288819826016064	0.241476302022316	-0.4025046513334103	-1.948057746724287	0.6832720622375379	0.4536368775582253	-0.5066474925535791	0.233226529432726	-0.1760846457829171	0.7907613915037413	-1.0835029593233358	0.3270751824339868	-0.1873679847039503	0.2011032613467573	-0.7069963748067973	-1.4239251456780626	-0.2057719519327897	0.1327389009192782	-0.4337352019407526	0.0844202246561558	-0.3216739229337558	0.0770306492822445	0.3086848022713412	0.0419889844437301	-0.1977077752055338	-0.1790686103603762	0.0433648002985026	-1.0133127293696342	0.6300459781778884	-0.2235431005454402	0.197800086387942	0.4286719969759666	-0.0090839555459185	0.5644085269029826	0.2205360173640822	-0.2549770541967537	0.5150963432477002	-0.643279735802669	0.277925217710612
18	-0.9855419469194242	-0.4054836225024607	0.6949469081281021	0.4171103278519983	0.2815388844275368	-0.0798256383412949	-0.2117602464857972	-0.3768304236020686	0.119335059306285	0.7809211051072574	-0.1765434280785442	-0.2631174139749264	-0.5853909907195065	0.0031908424568021	0.489749030649047	0.156415825900095	0.0829756723419144	-0.1647720408731106	-0.2034677378584963	-0.6211451239388763	0.7379813979384681	-0.2777665191479498	-0.5102963286871938	0.0116126229536552	-1.9832128110163056	-0.1863423417910312	0.9062986842368964	-0.9480542278227232	-0.0026721651372279	0.1985408563712142	1.0866135562754091	-0.3759031204873597	0.1889429996866583	0.0679865932611086	-0.2570876227367302	0.0820104226976341	-1.7154035730286603	-0.6718387640299643	0.3048049286239483	-0.2779260420628578	0.121532550909253	-0.1399977205800231	0.0332913135261536	0.2041775015735745	-0.0060424523598489	-0.4963955292478929	-0.6166482935943411	0.3604597116329359	-0.7308692536164485	-0.4087295675098565	0.124243111174255	0.0688825807896916	0.2045786650635552	0.1558902622298326	0.4282735329001761	-0.5983349027326312	0.0846048569911745	0.4953492120379669	-0.4823739843009679	0.2115438966302743
19	-1.1494800744460498	-0.7026990071707042	-0.4964058625359555	0.6002231483401597	0.8906395750515268	-0.5106749993585453	-0.1986470326746963	-0.1569286642686584	0.1144497513167943	0.7296531971178583	-0.5226316054827393	-1.0413431772038748	0.2115613512843294	0.0931073606212884	0.0382868692458313	0.0351882023570375	0.4423665756803263	-0.7983156313038208	-0.0564260330181516	-0.4325564092839276	0.3232414685781821	-0.6119482311623149	-1.7834143153605575	-1.2800944972126451	-2.935594617926584	-1.689453065570094	-0.9118809323150124	-0.4148496624334346	-0.1799369649414072	-0.3203021667873225	0.8533631711837792	-0.3237844641915719	-0.4901065280059566	-0.3290080139923518	-0.3828019972603631	-0.8619589002381769	-1.6112421736416866	0.0522145012026742	0.1890052076300936	-0.3286756766882932	0.3862752784784883	-0.6395312928443323	0.3506874064577147	0.5539430930958151	-0.0692225371082773	-0.3005463602860149	-0.150841817055669	-0.1287028706699077	-1.60927847434953	-1.8778157869502912	-1.5567058434572167	0.2466106058298612	0.5222257218206657	0.4699207258924163	0.3908449340109597	-1.571136871828586	-0.9620627951328682	-0.0276314071724785	-0.0831615759389004	0.0514263059292635
20	-0.5716551111633525	-0.2994262408167463	0.1976186785716813	0.4509408560825476	0.2519982170070629	-0.1145718451104247	0.049212033342373	-0.0691688330691234	0.0824403139713874	0.8514236966475677	-0.6093885594292578	-0.547612642684357	-0.087864055092423	0.1933797898359759	0.3072410198783271	-0.007765162243946	0.0225831473964196	-0.3750289230112014	0.1815991020573378	-0.280254560258343	0.4288477736861533	0.1560811093313613	-0.8034624316355088	-0.5901079816199175	-2.03814712012209	-0.4761783142158662	0.1962353888945576	-0.1470016945175798	-0.074505450681839	-0.0354842180597343	0.584688248229452	-0.7910384276632418	-0.0627738180419712	-0.0566948246684136	-0.0305311629519189	-0.3715246845351225	-1.15055507103884	-0.0261859635991675	0.3186098740604381	-0.0329582990966699	0.1576571972001835	-0.3133813032038306	0.0965762306631756	0.0743732713822551	0.0305147280954161	-0.0050846909885233	-0.2668716495461215	0.0258092876289051	-0.6488573747422595	-0.6131931351041842	-0.5276931086761834	0.0750674968210964	0.3783683280668786	0.1802721556956263	1.0066582389417211	-0.8692442278324073	-0.4312390494870119	0.2423808468237547	-0.6680491981388303	0.0542925066961543
21	-1.1956346821723245	-0.2175691772902497	0.6450329302618998	0.4883512774019947	0.4356106370444763	-0.3502580996388241	-0.198524321285111	-0.063945111544946	-0.0732103404066719	0.4698394168818742	-0.2135846757688626	-0.3255197378816337	-0.1781598228269136	0.1524319447691162	0.4098513963128793	0.0244888581052424	0.3071392287123953	-0.3753739779678817	-0.0211298426789773	-0.6997483666693088	0.6113177399929433	-0.3730432147076641	-1.097521516900168	-0.2966999275167268	-2.910466110602392	-1.183152556288967	0.2010486131553386	-0.4080941146747556	-0.0829416201563963	-0.1829821305723108	0.7594959434337247	-0.1788170671144924	0.0972875767015368	-0.3148316231985368	-0.1598659806569371	-0.0963357067401924	-1.3171346867000857	-0.7392108838319714	-0.0534050551727252	-0.2045588043268604	0.1601583964685899	-0.1353778357545484	0.1432862188564841	0.1766723618559817	0.0440599338289354	-0.4268952989172584	-0.5896914276462957	0.1990151771365548	-1.659017672144431	-1.241795242769748	-0.4197757585392407	0.204841550224362	0.2558090316871806	0.0722022391468664	0.3997560888514705	-1.0508408138376208	-0.0777501452711919	0.2958624365703697	-0.2716599563305925	0.1408138083359022
22	-1.2017870476837138	-0.5398134093557312	-0.3174726852070395	0.2039294050940587	-0.0508193890914836	-0.0049481744719138	-0.0551590668964317	-0.1871045044233153	0.0260620490080932	0.4713029602125902	0.1655510332415675	-0.8486387554166233	-0.3132613481021097	0.2741177680835123	0.2423711818589728	-0.1771924590527339	0.033824731623479	-0.3910364994794202	-0.2114080817551038	-0.2037098162087819	0.1467836826318582	-0.231438667674288	0.1732017220971364	-0.4884572529240243	-2.433918860610441	-0.0251877862130989	0.0371364131665969	-0.4067856418577439	0.2131744537150747	-0.2073728857672153	0.7495445184012883	-0.4746203117477688	-0.214693021134827	-0.3208280098986621	-0.3025318420203449	-0.7752045367934663	-1.1678348014868407	-0.3732212502359694	-0.1457435744319243	-0.3366159518326405	0.2245745007114215	-0.2081807317919545	0.3377317355594386	0.3809453868632897	0.0648022820381047	-0.3806046599279176	-0.192610784116108	0.0481092474552101	-1.1854478901344596	0.0241418499588399	-0.5575523420289281	0.2433281439382585	0.3857129546631894	0.1765351358117175	0.1022158741502837	-0.110618533166884	-0.5464709267766379	0.2587844740588088	-0.2157219862625892	0.0704523928554192
23	-2.0644099317661944	-0.2506141163630264	0.4757321984263198	0.5012062523327478	0.4009546783881768	0.0269906909752061	-0.2740276220583617	-0.1605908931417289	-0.0965213006885996	0.070798055335312	-0.2373341679519345	-0.2671149834950215	-0.269639847906736	-0.1266312135282612	0.2435322901045555	-0.1334733145588746	0.0887957054902752	-0.1703445466744946	-0.4776377519818136	-0.5615854904526041	0.7728872434744778	-1.0364930243439958	-1.1282763289553426	-0.3697774924363268	-3.886998809550392	-1.051437894009031	0.1821007759813779	-0.7541975758489701	-0.2282293427804588	-0.1838563181506953	0.2675088631279674	-0.1633455246069414	0.1587696651200638	-0.6039601824041874	0.1798619525696376	0.0153654143157893	-1.987620660195468	-0.9296189129038464	-0.4048191099825873	-0.6695017078356259	0.1463370848643499	-0.1322169673735358	0.1532382362377898	0.1647885304976131	0.0532460651515553	-1.111903074562126	-0.7255653492741665	0.1205689181018112	-2.4996081671174126	-1.1708978573577378	-0.4194566805060438	0.1823765166564093	0.1841760209496559	0.0913373953649501	0.2051541423926465	-0.8041175865165869	-0.1028572884059948	0.2737905257298576	-0.3864330669355572	0.4105576872501489
24	-1.1379379241273364	-0.7186945756683722	0.0364784380563212	0.4556010426973191	0.1958753004668858	0.1899812101027769	0.0365986240937892	-0.1138900355772482	-0.0162757455618214	0.0314262863070586	0.3473423554337791	-0.7356612689800741	-0.2798482807023057	0.4024229129776698	0.4760473228076558	0.1147206994501389	-0.0869589672070255	-0.3131754076236492	0.0363101820117219	-0.5239960343143562	0.1571843195769335	-0.4876014430676939	0.1240614002992206	-0.2861216208124757	-2.2979285670775447	0.1124420523747393	0.5026940609584349	-0.5039475568235505	0.1085628114637415	-0.119043258062387	0.5734096901721464	-0.1246238668805849	-0.3486771713899862	-0.1789306227893006	-0.223931440679785	-0.5638379526938597	-1.2774019781812933	-0.5141931341397102	-0.0365903077131218	-0.3761386808665146	0.2016412746026364	-0.1922776294060297	0.4071840649920639	0.4779156814413942	-0.2065516951663443	-0.3047969917103833	-0.3329418282906768	0.2102971750232224	-0.9627801714290004	0.1547349815340291	-0.1705116428274951	0.2484429798756656	0.5013010449052946	0.207384111387344	0.0305005301033559	-0.0945909431162341	-0.264060971968862	0.3321227548610586	-0.1281616770224917	0.160223579323936
25	-1.4572874418117467	-0.4318240528813644	0.1079465153451066	1.0064829457924498	0.6044699295629858	0.0798111287070019	-0.0593392194950456	-0.1382898202403307	-0.1009342286911888	0.3566707903172341	-0.0463634873015028	-0.5852305094512869	-0.2071193232172916	0.3248022167073245	0.3844032026053063	0.0948970184425452	0.1447973268099246	-0.4371822946661285	0.0033515348909591	-0.4833360510229796	0.4154290422672249	-0.7214502701060989	-1.1127423362237252	-0.7023767858992045	-3.290610764699676	-1.175545552229856	-0.1781665412256781	-0.4901692106369748	0.0416949300611441	-0.1994917381243141	0.6314001749083191	-0.037533683293989	-0.0427916715345606	-0.3889433991638306	0.0980575717491563	-0.3904232073885845	-1.5670585593436115	-0.5607097019421919	-0.1843822341330147	-0.3300578723856584	0.0337796186846041	-0.1994875212968883	0.6480116069015212	0.4730801862994925	0.0132254086790608	-0.6103531820556283	-0.2046473274017972	0.1311489029004634	-1.9572712011094184	-1.2782686388608375	-0.8867467136556979	0.5920272559819274	0.4486797620097499	0.1543573298368812	0.2468276171964278	-0.8262479756997232	-0.3479482117788144	0.4476297205154704	-0.1782460866368932	0.3251202945521604
26	-1.5113194327413817	-0.1361189980806918	0.4508696951491264	0.1154030967667598	-0.0802121310013193	0.0935084220039309	-0.0151143800231217	-0.1340840490372229	0.0860699732426212	0.0848469733202454	-0.2741623886815612	-0.1594424217996781	-0.264583268346063	0.0678516464143377	0.4093739226357509	-0.1659398650784866	0.0930589907422979	-0.1654803739235746	-0.841108527018047	-0.5171396433595306	0.8503929430878123	-0.5814312875784531	-0.6588871097944087	0.0962043988098795	-2.90855952775346	-0.5040939801863549	0.5455309233258403	-0.7555936580544302	-0.1789156407001941	-0.3506666782411836	0.3001220794762005	-0.1460486594715945	0.133779896070515	-0.6631046642259198	0.2284612942662511	0.2815059194139739	-1.848969542977831	-0.8928278080337397	-0.5807848410128513	-0.7076591509201556	-0.2501342113107934	-0.4839970008765381	0.1533634516879799	-0.0721403510352458	-0.038676052941012	-0.7943036952166266	-0.9073703188534016	-0.4747277809294805	-1.92440394744178	-0.6514780586828657	0.0902717613847987	0.0536167356885511	0.1984862125930717	0.0759104725649133	-0.0399347623070749	-0.5352457251169023	0.1649733511287014	0.2125617103364732	-0.4177030139843134	0.3058732586859018
27	-0.7836470295350038	-0.3974968698629941	0.1220512941523932	0.7375876242011257	0.5124840921841962	-0.2136537020223753	-0.1084991689726216	-0.1085379124727733	0.0861189892229783	0.6117000208537655	-0.2591224709325295	-0.4856507147004452	0.0816506039419276	-0.0547088200462133	0.1500718348716161	-0.0652055568442697	0.2105584795004244	-0.4564233956537042	-0.0307234780920984	-0.4458070020850617	0.5829756841387951	0.0441261145179239	-0.7040120831608725	-0.3528768281662882	-2.279311132494812	-0.657628232836275	0.1300551090818591	-0.4322471545669557	-0.0460249981134985	-0.2626945166619225	0.7288198751915651	-0.3011005519063712	0.0281739864846368	-0.1686229650667021	0.0013213883777851	-0.1860750538717559	-1.250510924590788	-0.0729168123316629	0.1549283127995376	0.0714987430056996	0.2728175311093473	-0.3004749013814017	0.2738765545743723	0.4029126952614364	0.129291563030841	0.0344240026916577	-0.2642589994073619	-0.0889914475761279	-1.0655095895067308	-0.6672594615750294	-0.333121566639432	0.335842945218181	0.4703989165323083	0.2841950245163214	0.4438900697603609	-0.8947326908857796	-0.2984046688877244	0.282768279883635	-0.2451830152385807	0.2377527359734756
28	-0.38165682294624	-0.233688414934825	0.048277643664162	0.5793966182308643	0.4769108721672982	-0.1669974586142126	-0.1131494351816583	-0.2194654830332041	-0.0328165882007952	0.4669370557450134	-0.2251236132295127	-0.8708362561158667	-0.3872223866233502	-0.1401681906224632	0.0250028719192638	0.1039192699318842	-0.0154928516035212	-0.5873992289336554	-0.0324685825791853	-0.5647547150111374	0.0373809693287437	0.3346052565449271	-0.3008816898256197	-0.4206893243093289	-1.5698551951383402	-0.3222015070375721	0.0106828083639487	-0.6306809515005545	0.0377357640390971	0.2092549355906727	0.6456237494638901	-0.091746512638004	-0.3958540846354798	0.1110981898909015	-0.0693743910805368	-0.4169324809790409	-0.8143534130515873	0.0375270074956238	0.4836085644467719	-0.2325688508094754	0.1842238949793755	-0.2275319282125564	0.0917803505759575	0.3192921306040447	-0.0974485714837939	-0.2707131002293514	-0.2307434500186809	0.2407966549522381	-0.7233299172066447	-0.421208850660808	-0.425594539475099	0.2368451079929519	0.1828530510688621	0.084799815923084	0.4804633705683859	-0.8216004258476528	-0.5435350478423617	0.0280882184277448	-0.0809274763551194	0.0404675295521947
29	-0.6744484086718896	-0.2571216172950812	0.1365655298350137	0.2909570865288686	0.6643932831506509	-0.3117787897686747	-0.0822400767011067	-0.1324097795719937	0.0313918822513161	0.6308344301413644	-0.8345762212128898	-0.9229138178960156	-0.1308909946412149	-0.0221854431214307	-0.0045331840053266	-0.044170187442555	0.4003949694598008	-0.5354691712941406	0.1187571544223436	-0.5529910245776484	0.5000565004186013	0.1413232387417983	-1.3433504264011618	-0.7125179634284822	-2.4907300664948666	-1.1874223119883132	-0.2326360113288303	-0.6574027275132454	-0.0521000529703918	-0.2226443880805645	0.8031346842287892	-0.5448833271317197	-0.297662796081781	0.1192644460512264	-0.1824493614324633	-0.4117983750547234	-1.363909071607472	-0.1923498863547433	0.1760608519921834	-0.2939109439583752	0.235731819877459	-0.5107769172146106	0.1791103343743769	0.2885487497591777	0.1197265592390432	-0.1532728233347776	-0.2871824830053855	0.0935474815481874	-1.2355600946187744	-1.3708754476033695	-0.8188076514653513	0.3943668756820126	0.2482845439073193	0.1919663005045444	1.0091325412446286	-1.4122001476314303	-0.5958647880791368	0.0715526529261041	-0.1897316461541245	0.0850198740494879
30	-1.1870443467149507	0.1299357274361792	0.064549103735279	0.7227255155515813	0.6138251731129429	0.1510586467641353	-0.0607173725209328	-0.3306994254572805	0.0948419745383559	0.4037860425044115	-0.0538945075525159	-0.9255685095825814	-0.2928534392185242	0.3359893259891475	0.1751452884718539	0.0268828278878634	-0.228393535143475	-0.5533708719598218	0.0069186670076009	-0.1921804439662962	0.3473870273959023	-0.1721762528153245	-0.8675146420205504	-0.8809916236155402	-2.998743338960214	-0.7185957527657307	-0.2342924570962534	-0.3907898692145628	0.2950802948946881	-0.1184104201571695	0.356592681451539	0.0146282286424448	-0.3412593448138747	-0.0208490243787576	0.314405421270981	-0.5221753355531902	-1.3741018476460236	-0.7084521940431832	-0.3856221039543774	-0.2901198236405493	0.1973523246761694	-0.2039025637228815	0.5226599864990843	0.5135198666766634	-0.0265440767215923	-0.5446737444629399	-0.1381040091319927	0.2561100721523796	-1.5481245005545268	-0.9451695101205382	-0.968528650777255	0.2320535089110945	0.349183236175669	-0.1411223376464585	0.6279614546995236	-0.7401381544562486	-0.6022647197276532	0.1796594910131099	-0.0667238262835213	0.10403568681994
31	-0.466054691532322	-0.0579828387847889	-0.6958837962938382	1.0225983557576082	1.0282210807102532	-0.8640220831371396	0.0215510352590311	0.0216951281820375	0.0375351209650838	0.9034745624082764	-0.3825856334566302	-1.7508188568983876	0.2600712048478698	0.7191358241304783	0.4916840729305576	0.3834159632510959	0.4686977990962228	-1.4261770005415495	0.116354860867977	-0.2678819732845239	-0.2064141605154289	0.2412926410818769	-1.2493155837568062	-1.7200616334158685	-1.9153666934854328	-1.1155562704291735	-1.2103792479018574	-0.0852090282729873	0.2928456805316256	-0.3261031671054535	1.0047564790737464	-0.1356909297781477	-1.172502555473065	0.1244170596643976	-0.1495652158157427	-1.4194357359920675	-0.3938045349405104	0.0600788360220176	-0.3613359279732699	-0.2496636077249964	0.5815758340283707	-0.8498033604903057	0.7134284340315697	0.7397755184393736	0.0879375504970329	-0.1882192165872669	0.1654284914450563	-0.2004326630273886	-0.8802001180255961	-1.2329184929701635	-1.8153969982673672	0.6142925880291119	0.8569864449807579	0.6991705545453715	0.8263862033256688	-1.236526416960846	-1.5594934031598262	0.2779694452339092	-0.0493785805905911	-0.2746746096677428
32	-1.3930798668122173	-0.6042112252040357	-0.3090121676965254	0.6231918141102208	0.6434615898358033	-0.0584372129770398	0.000296975493681	-0.140103949026573	-0.0314854459607244	0.3101314733294167	-0.6802773310175285	-0.8574342499035791	-0.1567569000305181	0.1285455256323397	0.1155189118715844	-0.0352755800854587	0.2702179962264717	-0.4370888125901655	-0.0064939969441508	-0.4329697700546793	0.3623666234450322	-0.4712084847516051	-1.7163615084943191	-1.26526344974906	-3.1176814138346463	-1.611817774278478	-0.7751656459117507	-0.4989008567293067	-0.1044145335831596	-0.1962794286762434	0.3979556504108461	-0.2925924159958013	-0.1967053513323569	-0.091175000059345	-0.3385127867892736	-0.8100619960163213	-1.3755196842689843	-0.2761989082193319	-0.1101487690344273	-0.5325222869850899	0.1009599224548567	-0.4094765415896241	0.4715392309077898	0.3930779605433195	0.0147598192722721	-0.4810502058379289	-0.0331337736931225	0.1634685997602462	-1.8803685748037733	-1.754173577467095	-1.3568113978239518	-0.0358743816435515	0.415645428693	-0.0521570583933901	0.4136613067710179	-1.6024648796470893	-0.8607534441772491	0.2182532213000894	-0.1781644747968155	0.2400194490996941
33	-1.548535784252146	-0.1686522201700273	0.1342002368460904	0.6655667286207392	0.2459858964718234	0.1014372215754466	-0.0093733994428199	-0.1875252999949747	0.0174406297929049	0.3110144682079494	-0.1707328451277512	-0.5543818175621458	-0.2087250850887366	0.1705123801289065	0.2504705109654499	-0.1233403186810135	0.0956708197882346	-0.3276149027450068	-0.0815189828969014	-0.4210793188852764	0.4470022538240763	-0.4784267542841675	-0.4116518236785764	-0.3618004334258522	-2.4144323763103404	-0.120545254641502	0.2600222253731472	-0.3849277262232051	0.1373555107632682	-0.3196375044732069	0.6021586414332081	-0.2753003353887996	-0.0096700822295685	-0.4871655284039579	-0.0095813378788334	-0.4196480341221069	-1.5259505397465118	-0.5706720290045451	-0.1943061032484249	-0.2226886551277495	0.0834296837798112	-0.4102921203072346	0.5156537312491796	0.3339697312222411	0.0505129301776648	-0.5161547663774888	-0.3139977190645429	-0.0081193420533849	-1.3773538441681432	-0.2705723667035946	-0.3129121005744291	0.3507267252284772	0.2058548029927158	0.1634199590635239	0.2839995498179954	-0.5159304878040039	-0.3236358291807779	0.3012950160236873	-0.1036431018631114	0.0966289808463735
34	-1.0534534447738455	-0.1781363874899524	0.5980022979074309	0.5643452860926452	0.6002757431067978	0.1126350099126011	-0.128098645677772	-0.3016995010718937	0.1458043719365058	0.0603817067536491	0.066783883443775	-0.324333731005771	-0.3459119968459324	0.3151871800159638	0.4405336332733782	-0.0912653998940937	-0.0326599625372651	-0.0126297609245542	-0.1677669431647986	-0.723479245896894	0.6390407512371143	-0.2984006450582804	-0.4979623850542389	-0.0828421557854941	-2.876679564812368	-0.6687295454589584	0.4989753107406219	-0.6396681199726552	-0.1665067439568068	-0.1283327080454667	0.4660036155753959	-0.1582860465823015	0.1406868494071067	-0.2044454170413293	-0.3413640608351052	-0.1723859497260189	-1.5698275239194364	-0.8298288538452641	0.2765232846941509	-0.2138634066213236	0.088590530564079	-0.2654908849224731	0.2363368301042876	0.1625927755735932	0.0328432853561178	-0.5971744246848538	-0.7041654562234829	0.3297004452912577	-1.53668831175584	-0.7101302639906519	-0.1910460403105419	0.1769234521688658	0.0799509145662376	-0.0061242985980709	0.1112897786777221	-0.3973629444355628	0.1212123449642583	0.2966066788938972	-0.3575300930026702	0.52478827357949
35	-0.9904226888572576	-0.4303279820204282	0.6973463250684941	0.7684676004757516	0.3985034671357917	-0.2147456179487973	-0.2235891469011748	0.0454800375964615	0.2414467443785585	0.9448544707700473	-0.1001069181077467	-0.1526791607825655	-0.0763591976844052	-0.0439155433102538	0.4610551556862029	0.1678213046948756	0.0314874443103539	-0.1893492397714999	0.023140807710272	-0.6028253377951727	0.7491058576328395	0.0933774655578618	-0.4138867936625412	0.0671324179272518	-2.4707262832287054	-0.4186783319143421	0.8355611628456405	-0.4347771359025627	-0.4757677350621648	-0.0820308239827871	1.0879898421725365	-0.6043973603480317	0.1102358286372755	-0.1115814532546634	-0.149832988730741	-0.0627729455172749	-1.6123270315393756	-0.4064138094642861	0.2527067827094905	-0.071836710994579	0.0520661580701823	-0.1870211701849108	0.0571275058333928	0.1529725691326533	-0.0942336619935675	-0.3721919999551122	-0.501950768075175	-0.0890234984150727	-1.0557183436901878	-0.5616557566942553	0.0844328193977528	0.0077280198693486	0.1480336372288837	0.0558005787415509	0.6455853964848963	-0.7034251045673012	0.0152408116588369	0.4354790918446202	-0.4487534505099278	0.1518733843687109
36	-0.6416811318583755	0.0217977283250749	-0.2307117598369947	0.7739669931932531	0.2926190667938245	-0.5813863886376559	-0.0449298536937102	-0.0748816406680084	0.1343076202895009	1.2369004463310755	-0.2600482212342376	-1.4248317748056292	0.0476052484397971	0.3266220843481733	0.040377540332408	0.3285870168919388	0.0433758523612073	-1.1475562569447868	0.2089377735160649	-0.0630738353508426	0.0948201542088071	0.0818852088379559	-0.9244309677788274	-1.3535602213186884	-2.45441290537423	-0.8875993698695424	-0.6150384138162741	-0.1660787428782126	0.1790374306450178	-0.2872348911189328	1.2866805691241407	-0.5071705606240935	-0.9383703655559736	0.1309978419155966	0.2380018288474699	-1.0462243181299573	-1.1410548191895418	-0.0965352674147849	0.1427323117852317	-0.1728230938803719	0.4627932265247919	-0.4217366776469951	0.0124172731977831	0.208501970450039	0.0738843813645965	-0.1578848353066128	-0.029068174561406	0.063274744225853	-1.0565952134517385	-1.0507135016119529	-1.3979022371474152	0.1887921477332406	0.48370988946386	0.4438393729363576	1.0886855307000758	-0.8869171960735369	-1.1706115978608698	0.35714348886721	-0.3149363101497171	0.0236577666420738
37	-0.726466320657243	-0.4060552672936868	-0.291811687703239	1.2659032250653646	0.8071727992399641	-0.6907455676967849	-0.0441725595676196	-0.0576298636017648	-0.0361406576458408	0.4807848334258022	-0.0953388057216684	-0.8583311924727841	-0.2479271672991174	0.5300676676341528	0.4104862740513766	0.3338754791477788	0.5539209857822224	-0.6226709672254627	-0.0755891057201627	-0.2348041630080903	0.3171848279724438	-0.6266685403574259	-1.2069886279593662	-0.9217175966790574	-2.058425899716353	-1.5129605342378296	-0.8167515617260611	-0.0524789242296059	0.1544181237413751	-0.0378395315883532	0.9628946207395258	0.3324132005776643	-0.2245511646481426	-0.1523586822656852	0.0665507727397987	-0.5054363874701733	-0.413301179237072	-0.3193382538579269	0.0641215592982132	-0.0580412877790562	0.1746638717136836	-0.3509323842409437	0.3040488473744319	0.5315233984504106	-0.317117050161966	-0.1483713561215011	-0.0332261271025646	-0.213708194708507	-1.6623823728612086	-1.3570412045090938	-1.0128761129764492	-0.0909567310356149	0.4755251455091712	0.0622320430719849	0.4280689285155006	-0.9217396460257272	-0.6321732549581739	0.5138561585225113	0.0422580812335348	-0.062305820876069
38	-0.2731606962473438	-0.3032799165481452	0.1717808513813723	0.6115544196976008	0.884884506393646	-1.003563990154634	-0.1908875579027289	-0.126448672685139	0.1839785336556763	1.1119902574990763	-0.3215216365574358	-1.1221464434311688	0.1518970338264854	0.0271177381341423	0.0817978847833058	0.3486383762960691	0.5659221766461309	-0.9549945170818944	0.0079187847707466	-0.4117537596870995	0.2119504224920402	0.2738202257336868	-1.2868536317112451	-0.940306671946918	-1.9545102014958784	-1.3560741904475018	-0.2260866015003495	-0.2369709197561043	-0.3080603417770752	0.0751711549382044	1.0454927257405195	-0.2252015102241873	-0.822049755113917	0.1153399717392473	-0.1448181848003822	-0.6338315352576855	-0.7113951316905482	-0.3285067608930198	0.7928471805279308	0.0816382061226014	0.3475341925717944	-0.2754513022307095	0.0521620922569485	0.8256762457471469	-0.25025686895771	-0.1778367760858752	-0.2677304166060209	0.3410664523690496	-0.8254411536455657	-1.3768617110990833	-0.9829085463815548	0.5081416835154409	0.5807386909730348	0.2665095050722821	0.8694920626844691	-1.3019538277347429	-0.8631075424493135	0.2147519279937901	0.0797162532477307	-0.0655475410961166
39	-1.1751023289289777	-0.7483991114396746	-0.4322871374721611	0.3369751838391277	0.8003201058923928	-0.0136973635955307	0.0537039714282325	-0.1464068291820481	0.0403438623972627	0.3242489433439115	-0.2085820513783183	-0.8517170827019556	-0.1158915128357932	0.0689332672660449	0.0794367732406198	-0.1416651617629061	0.0891617951841302	-0.7482431412397543	-0.0615778147432659	-0.4502925049630411	0.3511710466617477	-0.8885652666223149	-1.447205826765347	-1.119005946782281	-2.907661199766	-1.6943929449001942	-0.8287789107701018	-0.3303525944144136	0.0817818847529668	-0.1929133245917099	0.5901454200888019	-0.1508239383966421	-0.261680168204262	-0.3507706019402747	-0.0501055352797323	-0.7160416297437688	-1.1017228577886142	-0.4662916639353812	-0.0918977706666041	-0.1532749756226162	0.2964842424539039	-0.4754290279927845	0.4876229608290171	0.3714120462441838	0.1904161285242359	-0.1824923514879295	-0.3479581407967831	0.0434221211616545	-1.8350394853188348	-1.5991452505480837	-1.323437157408075	0.5899642399082229	0.2336659207702092	0.3027230150853772	0.3211378435784414	-0.9987262783028692	-0.6483672349065714	0.1411823154607476	-0.1874625175164134	0.4551730574983236
40	-0.3034698564890234	-0.5184875458402829	-0.5763267238987763	0.7427243597300845	0.7793369712009385	-0.6430248240687287	-0.0348211348065135	0.0307676040642446	-0.0568160379819017	0.8535431055072369	-1.049765544508669	-1.6643804992391134	0.1122578441179059	0.5204912645602814	0.2908375855358582	0.3167193913306928	0.3370501637003843	-1.131367901692729	0.2809782978614076	-0.6888599343437913	-0.1064090326543938	0.5804885555283212	-1.7964591602263758	-1.664549805310016	-1.911831357172284	-1.5521188421745231	-1.0962199037272808	-0.1929676087907084	0.220900505243813	-0.28098279291439	0.9630663793439682	-0.6475711420702834	-1.073656146049018	0.3852610791744914	-0.6189475776698836	-1.2903416648944872	-0.6173657722777413	-0.0085638742740326	-0.1855829438475476	-0.2355277241958333	0.447385306644549	-0.5425887516146884	0.2739835127565545	0.7681320368265311	0.2711454762387212	-0.0421878564648238	0.0772522264080215	0.0548185743420313	-0.6677239411030771	-1.7943937870524311	-1.7566416775642235	0.6012090493140354	0.8616878934282871	0.3554862100791889	1.021226757765174	-1.9055674248831584	-1.513240820010196	0.085953872557609	-0.0935589165507806	-0.0930935827598037
41	-1.2951232437590314	-0.2495496466053484	-0.0093158430344519	0.5229745434627708	0.0462292361285885	-0.295352982235802	0.02034527388946	-0.1195048382174061	0.0427135356987762	0.5224416989210674	-0.0437035729499151	-0.7829801091523476	-0.2703135553962569	0.3932211291604505	0.3014093286019428	0.0125650192733584	0.0838883069090795	-0.4704558456396277	0.0450382784603904	-0.3135300996026655	0.4197728595014092	-0.3613419176306246	-1.2308643367053178	-0.9632844023578228	-3.1014440702599533	-1.14543432866582	-0.3895625090981547	-0.3665973961486268	0.0412815359284953	-0.1856208114275217	0.7172985192444661	0.0102994230241568	-0.2639807311270221	-0.088261443269089	-0.0480011004984033	-0.5721229462242303	-1.38747363630482	-0.5242830150417911	-0.4313210829955217	-0.3316799903136916	0.2756800976904807	-0.4190061723916729	0.2634502561455071	0.344935993604115	0.2389005109939474	-0.3834060094074436	-0.3165924084663917	-0.0453462063319987	-1.7673039372206722	-1.2849468185919872	-1.0419318921155991	0.4378941562821422	0.4879164232165579	0.1723776532391923	0.3233674185147733	-0.9818580015498132	-0.6666249039593382	0.1579672037277748	-0.2095015542489549	0.0282757978040924
42	-0.7492268541412059	-0.3356638265917302	0.3857841872369092	1.1208415115810555	0.4205487258854185	-0.0061035738078314	0.072506834685358	-0.2205292872116704	0.1457584911089722	0.4978799300061993	0.1343418117905015	-0.5070979351463119	-0.3242914870549401	0.6193394076385897	0.4451977264813351	0.3573731627950869	-0.0301415113819415	-0.2109045322618319	-0.1673982848120059	-0.5981116279421068	0.5182565402731092	-0.1658263106297934	-0.7873702390768167	-0.4029541047165086	-2.514940264721456	-1.067504774903134	0.100008651746063	-0.4210701099067186	0.2228799211863037	-0.067814040146636	1.018012888518644	0.2252846410496953	0.1198381220073223	0.0588040667981113	-0.0649038185592579	-0.2465147310219191	-1.0826413061711158	-0.5839593870898044	0.2026093951927019	-0.0529144861748531	0.1673066271846252	-0.1414861616728059	0.4198666150301919	0.2921592995421599	-0.0658737499965235	-0.2411743050624424	-0.5617460628568576	0.26569746658845	-1.2903546906586394	-0.942816678943716	-0.5209001639746087	0.0929061345018009	0.326356904590134	0.1424883757482169	0.2193366139951061	-0.6443780427577592	-0.2110536725608638	0.5256685492971898	-0.4362604326639143	0.3617377790834297
43	-0.1581035888503936	-0.1505259323300389	-0.3649400177908823	1.0538046318205672	0.8031712001576412	-1.234209229916423	0.0078836529508391	0.0648235852052714	-0.046568412727458	1.1400338890832216	-0.5832678312240961	-1.7331868069751992	0.1950543928757567	0.9886973918038944	0.5899009034429581	0.585870629819782	0.7797747382922716	-1.2941248529148683	0.203628804645471	-0.4402578859620725	-0.2073836879592251	0.6547208888765459	-1.4415241207023126	-1.548474195999873	-1.526029780907574	-1.2964070260299971	-0.8140450827472328	-0.0458644826649194	0.4480781951474468	0.0369263241148993	1.2738001788960864	-0.1126750994774626	-1.2435179354093515	0.3554243873033936	-0.2412400917174517	-1.222407474333866	-0.1631553969767316	-0.1389271433319001	0.1133715220207618	0.2294926758070901	0.4683253280101562	-0.7255805403695565	0.2268667078251758	0.5907313529656296	-0.4877924218761818	0.0005231747819715	0.0400196866471889	0.0212051573643762	-0.4653482326276776	-1.4203523329836598	-1.558299149755502	-0.1161295174922107	0.6982874223416147	0.3927245287447873	1.2255973537204083	-1.4614358925430426	-1.4176804230272495	0.3230366910857833	0.2152490454281376	-0.4736583270246325
44	-1.5347320548330972	-0.9588232906405004	0.0203248200445846	0.4183631034602153	0.2768706847979826	-0.2167734301599937	-0.1222234111557823	-0.049546265959188	0.0464895494487122	0.0931973769285441	-0.1213297332566758	-0.4755559231648716	-0.2026372588348239	0.2052896253126068	0.1031575598878913	-0.0894929865229414	0.2950923707678632	-0.4465332655748459	-0.3026031899389665	-0.7125042391219132	0.4152732671604304	-1.0234810470864817	-1.5987092565191223	-0.7251808092023249	-3.3134892049592324	-1.9061325936669944	-0.3476003278058921	-0.3464237029610006	0.02705828570786	-0.046770907485597	0.2009815046939422	-0.142394042399526	-0.0504614329418284	-0.4240252878742483	-0.3749791350960061	-0.3215988573020931	-1.3865584907217443	-0.9126655423873964	-0.2251699851974343	-0.0799762777783403	0.1499330750036476	-0.1880492919252291	0.1236200259163637	0.0908117132841181	0.0619597950356949	-0.4773544038246156	-0.5372355206769023	0.3322159632068301	-2.146656617545616	-1.8541742877999388	-0.9251860931841588	0.055974577860697	0.3105623160841649	0.2338696153329049	0.0021301731940117	-1.1078303408387409	-0.3077976825859925	0.1567970956489444	-0.1306958116712437	0.2238962630673066
45	-0.827567622475369	-0.3740566937099518	0.0749520332674784	0.4842381266949427	0.169508937049399	-0.035804661374026	-0.0616928520162502	-0.2546397582525	0.0777235813366619	0.6305134261202738	0.0723202557912232	-0.4341375957535607	-0.2378061653903916	0.3025959780397993	0.4020479071474863	0.1001700310638793	0.1391021980031077	-0.0093810174191948	-0.1981851486003207	-0.5284374349650403	0.5847471598706989	-0.5399694320518069	-0.9723057260809798	-0.5195668083454095	-2.5906112353031667	-1.2949369772823052	-0.2611237816670655	-0.5712906290967621	-0.0267032184547393	-0.1748494370544576	1.0014437055967076	-0.2580733943726223	0.1707527268398441	-0.3632114060399082	0.2552725965828473	-0.2134250961540675	-1.2608033673293355	-0.2902867204859519	0.4519766692767264	-0.1083982153901873	0.1072926335255515	-0.2455872217229358	0.2256814911865279	0.0594867479464655	0.0466989711835796	-0.43239851902502	-0.5419375807801828	0.2638995396429232	-1.735858943117068	-1.1214745720019677	-0.5909861673770385	0.0669379752567795	0.1442167003683827	0.0447768540201567	0.4271371298732323	-0.7046985088736482	-0.1899880658371107	0.1236704158192922	-0.4067486700271427	0.0759765313348668
46	-0.6536654189999209	-0.3165428483488384	-0.1310052733521161	0.5379909755196992	0.7719539470413126	-0.8507920742493182	-0.1271564909342958	-0.2192351147333226	0.051151958263087	1.1182723623907986	-0.5163182117993772	-1.1278789087169758	0.0742014103029325	0.0488741129702852	-0.0165116926771258	0.3738266539871945	0.5386235562747291	-0.9049427084918767	0.1270549824392789	-0.3350102753268542	0.2531865284218787	0.0195626021928986	-1.4569668420160915	-1.1751229841108428	-2.4218460832421256	-1.3321746221248112	-0.5444129490956777	-0.1751386434148818	-0.1188676783139911	-0.0672325902589331	1.000020836522562	-0.4453278669342615	-0.8355347419565783	0.0110410200928804	-0.2197888245884613	-0.7776527504851884	-1.1625652581563444	0.1562152606310956	0.6546380710956992	-0.132228419157809	0.3841560747332446	-0.4431427742575233	0.1889393392924298	0.5771781092460112	-0.2047915215724602	-0.1445522730375409	-0.055290327740572	0.1280047338518093	-1.1144190629333115	-1.518704575943412	-1.2222686226883337	0.327413730148671	0.4038194036195563	0.3860563389846339	1.0464029394380068	-1.3495343044962025	-0.9093898791951333	0.0797695099963522	-0.0926377112637841	-0.160366781327423
47	-1.1632004772463047	-0.3839078601494423	0.01366828254531	0.6407044927076548	0.8406566802255291	-0.5240317384821975	-0.1655611683596796	-0.0690866468922254	0.2721713774105826	0.8336724583496392	-0.5026583550148573	-0.94806411104824	-0.0448087835875723	-0.0367723427612851	0.0564380552262595	0.1869985323921499	0.3292155723099392	-0.7991125020867048	0.0057587748085367	-0.4156010319175964	0.4415916852617627	-0.1800521181639726	-1.5020274548958452	-0.9986946459097992	-2.9355811035499206	-1.3702407368017435	-0.4336287889174248	-0.5224445196550545	-0.4455017537668189	-0.4325792990518713	0.8690348726639854	-0.2981384952714156	-0.5007510653870919	0.0772589285352826	-0.1106531701374458	-0.5634041523311335	-1.5881737702129983	-0.036278557937554	0.2795866784236249	-0.2546881910530845	0.3650781848901129	-0.3895454065936941	0.3437933107278066	0.4143104992848025	-0.0998847658359617	-0.3013797288440283	-0.2422749814804582	0.0650040017973149	-1.6833961302950744	-1.5104754430722591	-1.0348842441223582	0.3812415417747967	0.3280767704105964	0.3638855618541396	0.7808081621296501	-1.3633246088339503	-0.7018175110923452	0.0631786915822745	-0.0494962941288597	0.0635613109600396
48	-0.2431755828295234	0.0487104992515601	-0.0734475224451567	1.1991852837482155	0.8174979402126878	-0.4848549700897853	0.0436516899910171	0.0214253246832233	-0.0587951079731254	1.223929559440012	-0.4779548761271415	-1.231413076494274	-0.0681901024447165	0.4604128322948113	0.4574498544665912	0.3980066741502751	0.3152675419485598	-0.9932236236943142	0.1124356210211912	-0.2951818709023885	0.1020000131418801	0.2632535603730166	-1.0376592130960949	-1.1500000080123394	-1.9068654551548845	-0.9238351942128248	-0.59003308440431	-0.2276275944918333	0.1232071984235163	-0.1643692580212821	1.4539138159577183	-0.4196554473093351	-0.6895757533706088	0.1991197484628321	0.0639969626155971	-0.8679231940266463	-0.4158691930706952	0.2563092082624633	-0.1808222928657327	-0.1792956384074221	0.3297082835740899	-0.5284210139528814	0.6158065535122337	0.6875391445134507	0.0677502066400999	0.0231985162370229	0.0405645268786645	-0.1896594148661671	-0.7043122579674069	-1.0790813439791629	-1.2086900123074524	0.6605174059514777	0.7600576882505563	0.5305053679988184	1.09756403662557	-1.0870616082457774	-1.0446461527957294	0.5416096791886718	-0.2753768309068358	0.1001460302785483
49	-0.9099702226363432	-0.4095338395874497	-0.2977364477697806	0.7329015292474388	0.3575304002667721	-0.0001710296926915	0.0610260151565623	-0.1070575239487879	0.0159430992895884	0.4798696022613518	-0.1444136327254257	-1.2204701861705187	-0.2198181992484823	0.3636881101458127	0.1217367029505198	0.055633560628324	-0.4032677603730843	-0.7902736898750573	-0.0733461718153435	-0.1503120285697219	0.2651839685618991	-0.2230285093907799	-1.3157066492947382	-1.3515551902504137	-2.6527965044322093	-1.4124048915861276	-0.7455127934265502	-0.1696021125576383	0.0609089451692367	-0.3164863504046586	0.7677770300273009	0.1961707447725833	-0.6160763224886184	-0.2294197436065888	-0.0860656545778177	-1.028181064633091	-1.1631512809791136	-0.3387102624867844	-0.2357065320984606	-0.2206483911047012	0.2847009333859311	-0.4037869301403654	0.3990771962968622	0.5262614593526527	0.2455443639470384	-0.1483953658795436	-0.2384264795317668	0.1189341202927388	-1.3565993830154897	-1.4992750637229897	-1.4550852741271358	0.6295771641562415	0.6396659293403323	0.1516617961439996	0.4201650724058972	-1.1563952208840889	-1.0878690510373994	0.2876474533157978	-0.0996516007418402	0.1437030767166348
50	-1.0387053400903403	-0.1290781979172877	0.1301850543808567	0.6000794604019843	0.6357193032769598	-0.3316363271498849	-0.0162859284915472	-0.0218405073299024	-0.0198305125766171	0.8547147248695878	-0.322497652712451	-1.0416897756759649	-0.0646670734516802	0.4456935537093973	0.3171463860292622	-0.0891096526872332	0.2620208759847637	-0.7783861361083011	-0.1887544438897316	-0.3609612980118213	0.3446051343916447	-0.1302606086159227	-1.125217260169884	-0.9396548265789566	-2.8567468772565285	-1.019259431349933	-0.2360843926906373	-0.1168429652075095	0.1373533869954247	-0.1490348783251391	0.7657836926297629	-0.5642843152380235	-0.5514953130225708	0.0117358962431609	0.0874428233974045	-0.6071723952371266	-1.276056496023013	-0.2101412521441461	-0.3605764080956106	-0.1479246541317282	0.4210272254291085	-0.4534499647922604	0.195505126229931	0.6093600586353483	0.2310846673127576	-0.2701625232418054	-0.3178992520113632	0.0144669322049765	-1.481617527621616	-1.2065542798921456	-0.9804485513217616	0.5775170391150342	0.6889661353130744	0.3792624557133468	0.76807968296937	-1.0764408240748715	-0.8206073222988531	0.0342865671936207	-0.1999025178687225	0.2134052198266767
51	-1.3739625258069306	-0.0886929300336083	1.3689327544647345	0.4294125120187149	0.0064544277230969	0.0134219768854456	-0.5228709275582966	-0.7416820513484057	0.0262857684313451	0.2070994452755197	-0.1506093509936219	0.3331281391458525	-0.9637281731071629	-0.1292824278325806	0.6147214701556025	-0.0961485380569988	-0.0878945819759491	-0.0357593893139869	-0.262380544450064	-0.8495236854546486	1.322559843898662	-0.2455303064724477	-0.5691256014209989	0.7164090952456235	-2.928805903837864	-0.4910074396315944	1.328049423708349	-1.365120206368556	-0.4930961057609452	0.0987118729554629	0.4738364761854106	-0.5075278920183505	0.4981357206779959	-0.4336169759498458	-0.2192904388226744	0.4384689575934923	-2.206238180018804	-0.8968040222576523	0.8633879744201463	-0.4599820449949044	-0.2212833346385789	0.2599439544097137	0.0583919744194825	0.0008730681800124	-0.0144463100082278	-0.9079322420348744	-0.7754029052591322	1.0996888730542935	-1.4581726388246103	-0.6587868694703061	0.6087178378317861	-0.0498105401192887	-0.0276492877896452	0.3213709465552301	0.1724625713460664	-0.7350800066520731	0.6988968142259053	0.1039705956500069	-0.7869190289545513	0.6028871493106215
52	-0.5614545254135654	-0.7237380310829691	-0.6373757565468546	0.9050801869358652	0.7906652203997971	-0.948504054023955	0.0048926484975232	0.0929677356566405	0.0001135711384228	1.284371688074955	-0.6308703401941933	-1.5489249034459107	0.2707147080221229	0.4441727860587507	0.1263198920606971	0.4346620997057155	0.4133196513347988	-1.264306572075694	0.1097893139364141	-0.5267291561600367	-0.0181283923622019	0.0605983696134002	-1.9276364696535075	-1.7016053085950311	-2.2216741188944016	-1.7626747667085587	-1.1314376353835494	-0.0773951204144021	0.3392747012575484	-0.054982144274278	1.2831907338903277	-0.3856558604884806	-1.111428805466953	0.242000091300971	-0.5226395062483546	-1.271048328889414	-0.4906487324477178	-0.1856903542120339	-0.1825547962226312	-0.0577289398054354	0.5939087479458108	-0.672918165040852	0.2803492410522682	0.583936284474921	-0.2027085222091776	-0.0595906209068549	-0.0337739637373741	0.0037994716223178	-1.0187210041887451	-1.95371891848162	-1.7874871550562843	0.1018268338640319	0.6579274374496832	0.4804277631931377	0.9770864513036462	-1.7053451667836672	-1.4367758044687655	0.2974159761563713	-0.0647045602825323	-0.2156780447216953
53	-1.0957419793179095	-0.6231932619671967	-0.6708229647586595	0.6581009588098072	0.6365699508566767	-0.3798566933364672	0.0207034127087895	-0.1449479903386608	-0.0553208406586837	0.4188230513571711	-0.5208233458703824	-1.2713765557253038	0.0709254510962368	0.439528210941284	0.1148571656249266	-0.187261152939105	0.2337263984158028	-0.8759670357871379	-0.0456261717996459	-0.4962544929751578	0.1275888742267971	-0.2669865512495469	-1.7388273164902297	-1.625925635036956	-2.6616196036401503	-1.660858404352054	-1.2985988961962636	-0.3691366650691434	0.3185416376698603	-0.258798094595046	0.4678134744049711	-0.319778648174268	-0.5722391104259366	-0.204692364131074	-0.544447997835477	-1.1929120851430317	-1.0893310862626682	-0.0483693387712674	-0.3839801011207111	-0.4035510683479514	0.3205280212197565	-0.6744419167303678	0.174178930477925	0.5739903210662839	0.2949807034620136	-0.3768781930234143	-0.0607779305592919	-0.0624581433221199	-1.5750456697456	-1.7998156325408774	-1.7400871616818714	0.4409951337408783	0.7385230686456633	0.7139998884212811	0.2480996219493103	-1.5837361634477718	-1.2262687823817504	-0.0224236517224289	0.0242805327681989	0.3188685821563264
54	-0.3624161244682637	-0.0203203163777037	-0.0281805595327448	1.3725514211047545	0.7198231944238148	-1.1268717763442802	-0.0748415040104183	-0.0985651782707624	0.0517903564665864	1.5816660011596266	-0.431968912027266	-1.2905722232840078	0.0638128766589326	0.3883888403395931	0.2045920015749858	0.8750672583807326	0.5584615304235868	-1.0904510748031149	0.3193112291032362	-0.3718174116263826	0.2330915923105491	0.6276972361872817	-1.2634048333992711	-1.1527013423346602	-1.8656701612521005	-0.8595551539987851	-0.3542705106232495	-0.1204039536064141	0.1160451256586785	-0.1043309005615076	1.7401428279305742	-0.3191966244784137	-0.9704653074227876	0.2379647912402709	-0.2129004814630577	-0.9541153975538772	-0.7941505071831811	-0.0989338338750809	0.0074999332816014	0.0518056525950939	0.4092098239264217	-0.5613815813931583	0.5068845512612674	0.6329282739966121	-0.3434774003494934	-0.1209587735225868	0.060740358248627	0.0572596427238699	-0.4496076900090213	-1.1140939984318765	-1.1062748143199654	0.2402272803161949	0.5962243880466771	0.2748179631138918	1.3499549260652417	-1.364373298451078	-1.0766961894265523	0.8093289959104667	-0.0507905358946613	-0.2356962939881376
55	-0.7007742048925434	-0.2983350978005319	-0.2945094771871113	0.7744413090989024	0.596837994126701	-0.5827189642390589	0.1158538438033691	-0.1993971434777229	0.0334477257080937	0.9187681076133956	-0.4342942331710802	-1.1051824553141418	-0.1328212902773229	0.1881876697861018	-0.0688745892402766	0.2905566727255191	0.2044052456767976	-0.8505075933220799	-0.1655146070636325	-0.4373644395788839	0.262507591100412	-0.3069568068325329	-1.4161621398048656	-1.1458706885481882	-2.4596412025315897	-1.2612091024065637	-0.7329231783754849	-0.4514197954595411	0.3188207432854076	-0.225538558852927	1.2135098788466372	-0.2716091629271248	-0.4622983514023777	-0.0866043441957914	-0.1722250089216193	-0.7822233708599822	-0.9143915026656708	-0.1763900762409863	-0.2079616468093109	-0.2843903117509418	0.3578629584756067	-0.3732422171019435	0.1777136042608678	0.5051610064653591	0.0839769102970623	-0.1772674358885897	-0.3011000826486809	0.0274115896241787	-1.154315680458299	-1.4384129907942227	-1.4151146792964289	0.32013007188275	0.4304825731432566	0.1698202808535558	0.7203593813767375	-1.276181296800628	-0.911727950662859	0.2167391175900956	-0.0834492624008983	0.0392668678705479
56	-1.0504813511177622	-0.4488108017470873	0.2588928029283823	0.9471405171568884	0.8011150422155658	-0.6509995834385902	-0.1165017982250788	-0.0448111668866275	-0.0472465169149153	1.1673045469037129	-0.4204935539182073	-0.7160034535341333	0.1004943025078585	0.4151173752891068	0.2295433006402987	0.3775261149572401	0.4987277132070833	-0.6670846574680835	0.084541118618454	-0.5030844817894262	0.5909727022723548	-0.2586471780076899	-1.4334667245393329	-0.7436884310863427	-2.755882917171472	-1.443040044507758	-0.2162883287863783	-0.1720992317646009	0.0016811586008871	0.1210800541171338	1.3799510366800636	-0.2987826485758137	-0.3430078505660936	0.0522455138920122	-0.0159356930503689	-0.323356544051377	-0.9080470178850002	-0.7213233806308106	0.0065946564407269	-0.0844579932935591	0.2644319536894736	-0.2690327778653886	0.1249426686744694	0.7048433121002505	-0.2107423661442589	-0.1723657519465639	-0.3907328507698278	0.3043137904415788	-1.6199090267588605	-1.418590435635776	-0.7540973365063699	0.1389333229604286	0.8604240994194021	0.3915868876819224	1.017308927970901	-1.1589639630735475	-0.4835711101787623	0.379509540810597	-0.2506570137540171	-0.0471711690402959
57	-1.0464891484410157	-0.2742445111827398	-0.5516021663264663	0.9756489377294708	0.7518190612933559	-0.6116926863297876	0.0896204633391203	0.0052018185197965	0.0679239495764073	0.9738018087694106	-0.6891748439238915	-1.4497139556665113	0.118958569573493	0.2961526192755255	0.0837149632547076	0.25145531854918	0.5271500752568336	-1.0230199416558516	0.0884870008350903	-0.3046546129365568	-0.0756968534272214	-0.016747874988644	-1.6202585741070197	-1.7383322022792418	-2.386466728255844	-1.2426516945113109	-1.0585308232984958	-0.2807074948197381	-0.0175911382545294	-0.3270741632965346	1.105000081185048	-0.4428109081333229	-0.8544916387766955	0.1034144086956013	-0.3072620507110442	-1.2599013289411665	-1.1762992562024444	-0.2095960629303477	-0.1895310592088263	-0.1083559132788022	0.2700463319628353	-0.7445922630911632	0.4347249376037304	0.6380269929199331	0.3810084812518124	-0.3409933957947585	0.3226183013447754	0.1797803088548403	-1.0427538351255023	-1.4389887770653869	-1.7682270457373428	0.5287903623915774	0.8163786515425459	0.2291227617083595	0.8124268502393064	-1.5439609639164231	-1.4216647894732108	0.2573088025484147	-0.053731560931622	0.0286196019977175
58	-0.933778298996056	0.1719541426442015	-0.1990022570344671	0.5092654465961761	1.0112439896450818	-0.8643182975335122	0.036838951778547	-0.0412542764384441	0.0596684863261908	0.6374288715111135	-0.0299269663766732	-1.2882934058148492	0.2302601713284923	0.30448235381456	0.3315841802253676	0.3602727435367261	0.4659975007902404	-1.1098895298581573	-0.0411544996610692	-0.0820556730848396	0.138783267329049	-0.0618993793145322	-0.8536343932893269	-1.257396622680102	-2.4313727975666155	-0.5530874756666928	-0.4923289247229112	-0.1694819618356489	-0.000302938738795	-0.166428212931744	0.6609185461572078	0.0632207994489169	-0.8198958570069541	-0.2190287873916255	0.1119206691844687	-0.9925469150114676	-1.2026428570998098	-0.5382317357773923	-0.4670598183447955	-0.4079090848528375	0.4237279949601354	-0.6690563370636335	0.3530470085854149	0.7323251414889739	-0.1394696860707896	-0.4513049466317929	0.0179665290232806	-0.0280970098620826	-0.9489173021594592	-0.8296483352281685	-1.2937520187540743	0.3657210841555726	0.6263348904071769	0.5175530579153067	0.5498502596815613	-0.93062750177286	-1.1136822310811056	0.0570069533306776	0.0565228712833305	-0.1187528676178255
59	-0.7381824684014728	-0.4586624911022761	-0.5661885102997503	1.038229869414638	0.6536416658107131	-0.8270056154925531	0.0119401632849187	-0.071447530167295	0.0105765307444333	1.096407307691871	-0.6768212850693578	-1.6247657058758764	0.0436501477747141	0.5800928835789145	0.2420623524705736	0.3352699752617911	0.471365732538096	-1.2555222376498107	0.186692285919086	-0.4710424314342047	-0.0719916151815273	0.194009544941733	-1.670315498024458	-1.6699443777025984	-2.4192586085610777	-1.4643189592309085	-1.0465314859140733	-0.2354666226235962	0.2502408692380961	-0.1572549462906499	1.3355791510248811	-0.4011983535861828	-1.0013238802457636	0.4456030087180151	-0.2718627355614451	-1.241475743054374	-0.9783468494859244	0.085756888486316	-0.0894063125479009	-0.0917234837539264	0.4506324011295009	-0.8343035781286297	0.4017301437180374	0.5163552552310384	0.1111223419549559	-0.0615792552683277	0.0400699684066869	-0.0724762733241987	-1.1601385166851013	-1.694628619777501	-1.74164307511718	0.3968947979426259	0.6876402526224881	0.6519292760831986	0.9173258083242668	-1.6327822667211551	-1.4850068099633944	0.3254752472253921	-0.1411494267869778	-0.1874095567057625
60	-0.7277482490963563	-0.6757539308196931	-1.1014346185698396	1.0845758240942505	0.9876762920773808	-1.0467039139232317	0.0260935656158826	0.1061967738948129	0.1279933459869664	1.2279494141708005	-0.6262829089810307	-1.8439945220391445	0.301404267532983	1.030889907058306	0.6167444459304632	0.4887008773350821	0.5994486329966104	-1.439579494914215	0.1562086216448523	-0.4153998423627993	-0.3080383671192899	-0.1372267154938087	-1.8290317591876013	-2.158872027802114	-2.123549475218762	-1.8761679197888728	-1.709839814398121	-0.0300655980845454	0.4785855318708764	-0.329009512025429	1.3769951757465075	-0.3514919715807342	-1.2785327951611307	-0.17553185444389	-0.5073064058666821	-1.6852354508075875	-0.6367471361169879	-0.1406646290290709	-0.3267048663208868	-0.1192254247284383	0.4993757824844617	-1.0347986583527249	0.4917020914275932	0.7599312867148172	-0.2064436999671443	-0.1417128243258397	0.0617490555530471	-0.3209411774150803	-1.202688395810251	-1.8671785296747323	-2.2779280916218494	0.2931005957880606	0.8413898738658699	0.5895548929793658	0.8694252000390443	-1.6650084270116443	-1.7891663312247033	0.3977007086987159	-0.0261747143386171	-0.3934043679364248
61	-0.9206365875098828	-0.7067321558648599	-1.015961324586405	1.1396102905894887	1.067257950205355	-0.9250932304016308	-0.0496109909410076	0.010314237679746	-0.0143835539523422	0.936544358724627	-0.8793445397383743	-1.9374244957661115	0.1755774992733091	0.8732022650505418	0.5664980263303554	0.3731790985070879	0.3743874189884885	-1.4871086501796842	0.3466765226082859	-0.5264049892596525	-0.3045124367533209	-0.1401648641847483	-1.9510175510705448	-2.0592413135113707	-2.0320077137187367	-1.8757126825800927	-1.7541124525882004	-0.2316760745629607	0.4293636505988614	-0.2727749447207961	1.3139138548081817	-0.4014156102620182	-1.203525902159999	0.1675159160159882	-0.526462499573715	-1.610754180785671	-0.4031504368212295	-0.0382420446974087	-0.4195177148687536	-0.1344450176570689	0.3702102018761102	-0.9647131793096037	0.4538629762094415	1.0217380300449754	-0.1443759394202986	-0.1116615661686628	0.1392419847076123	-0.1089466616777145	-1.3670929202290674	-1.9449072495647013	-2.2035212731944727	0.3637689139446858	1.1079991356048906	0.6867087224684096	1.1622606300948233	-1.6927884739206485	-1.7227349786812507	0.4558710223674814	0.1211715287348304	-0.162303428959288
62	-0.56784134195826	-0.3618299737208952	-0.4205385455489395	1.0549058408845429	0.8872792238613657	-0.4198338734103805	0.0801902365920595	0.0202135557456119	0.0953864066994291	0.5616350770508094	-0.8189652115009595	-1.3187208662838588	0.0186796686301807	0.2050223893379632	0.1764238670304587	0.16980833559342	0.3476794284878962	-0.8252151515551037	0.0934627745130499	-0.4808138568977804	0.1120015507425354	0.1837866595068713	-1.6460742396586636	-1.4894374837654742	-2.103728727848564	-1.2888854103520229	-0.8265123543968427	-0.1838119900074111	0.167429263958052	-0.2173199616221361	0.9374904698704242	-0.3547834144791364	-0.5808266692562807	0.1021329061434169	-0.3932470880276513	-1.0937078665268378	-1.0297425239958349	-0.1081483459372404	0.0168992668133119	-0.2874937447710434	0.3331959273778169	-0.535550457837874	0.5956400708746205	0.5261617395829561	0.0622216730749711	-0.1451131301909594	-0.136318635156978	0.0185892708276542	-0.8842446549919376	-1.5234117759440855	-1.5115178943777778	0.4789944972271209	0.4530356399201222	0.1823900964472948	0.7740276313611383	-1.6242966477242875	-1.2163835080433865	0.1938866453428269	0.0505895480047232	0.1745871653946064
63	-0.1418050515274309	-0.4124473831969997	-0.3364740840268139	1.3040015286884328	1.236759695717915	-1.0567158834795722	-0.0241669512705539	0.0323810852610238	-0.0301073910938189	1.492012122902897	-0.6770269021274348	-1.582174994023836	0.2677951950880685	0.4784867119852761	0.2887576060701131	0.7238272437983677	0.5802157828185734	-1.2580397212230356	0.3119666441392899	-0.5284328440241401	-0.1243869894766521	0.4454404949710515	-1.7530637083495615	-1.5353825291702885	-1.6072613403666862	-1.3637605655636116	-0.7919976700863243	-0.1448375092498208	0.2279222620702731	0.0588027136029021	1.6211632452979623	-0.286239624484193	-1.126179971434604	0.4794581512040363	-0.4699682176251343	-1.1296435214702751	-0.5817628156253063	-0.0584348588241321	0.194862653188015	0.1060708469384515	0.3702472174449001	-0.6640158246778916	0.6547900767188085	0.8580892156553659	-0.4971611088180011	0.0255518754340826	-0.0148118936136167	0.1016380625650152	-0.2162375250098072	-1.6401531476550473	-1.5434188302170606	0.4811281243647728	0.7742600817348938	0.3057856181958112	1.2419678107548229	-1.652921016674359	-1.3876367224921278	0.6599881170907272	0.0940303820301286	-0.3811076570134604
64	-0.8541863575564683	-0.1417880962455444	0.2071869969338424	0.5331573043596138	0.7334859779198749	-0.4957276770989027	-0.0748430698272688	0.018627306294051	-0.0757073528868846	0.6606471837984156	-0.6036981455396206	-0.9109445216864004	0.034295322358434	0.3843521789485301	0.1583860212861154	0.1484973769820617	0.4296528108579459	-0.5502645828186579	0.0838515789161512	-0.5253829558378438	0.4943633802875009	-0.0717338410550398	-1.1575521375275195	-0.8402599140840592	-2.0882869123215686	-0.6480211710907087	-0.0238790143608031	-0.1965470215474329	-0.0987374586581461	-0.1570492482303515	0.8134170394459126	-0.4170303882028999	-0.3599996772696268	-0.0217927305118196	-0.164475041355109	-0.506042316453261	-1.3515681057161513	-0.1441323463191068	-0.0112438454928571	-0.0612155366331138	0.2318948790406169	-0.3264017447629834	0.050935186374047	0.5364034549962391	-0.1956767724581287	-0.0524648646569732	-0.3254992289987715	0.0046298229534754	-0.8420085698291341	-1.0143716921797743	-0.7919102498768704	0.0393120919105611	0.4693180086647927	0.1472085031167219	0.8568799139448178	-1.1258328139113711	-0.5966525410440122	0.0441323924020871	-0.2478502890680431	0.3498563037494993
65	-0.4251844118815897	0.0460649986071459	-0.6930345151349653	1.1760873639834115	0.9048158553231214	-0.7217543711921259	0.0967756499633423	-0.0626326448382875	0.0220846716232041	0.8749856819201232	-0.4041670454634778	-1.830521677975276	-0.3460329914817676	0.5707329313429073	0.2171549934033811	0.1689288342021201	0.3596161030279214	-1.3824572470137824	0.0368034290787857	-0.2708512987748483	-0.3342102974519383	0.4015739581860693	-1.166308893281816	-1.853424228313852	-1.9584351141504293	-1.1202317249914964	-1.1423892332337318	-0.3294462920664311	0.2572129201026746	-0.1492669985745208	1.1202012228631355	-0.3465063605942813	-1.1136475157364931	0.3467126514152565	0.0381265740801577	-1.5305767192312625	-0.4744500207650266	0.0691491705652341	-0.100228687692245	-0.2124408526148095	0.4206168778835552	-0.952681818646442	0.636423996826162	0.7084398997885848	0.1114996007405617	-0.0696982119483201	0.1504575820469895	-0.2913168205673435	-0.7561284523254914	-1.209982166174366	-1.9192370596555464	0.6815949155971298	0.6263306711260617	0.028846359412942	0.8521392393973146	-1.3081191942795365	-1.7487492333708077	0.4087515703119297	0.0214801197414266	-0.0552287729911658
66	-0.819528669272249	-0.3666132710254939	-0.2524490755658422	0.9380338120620642	0.7176873932838314	-0.3022929456602052	-0.0060420533889506	-0.0533329001504338	-0.0853245732286441	0.5388003345265528	-0.3223354157107383	-0.973712108936078	-0.0210799704806859	0.3477203578735284	0.1448013587866625	0.0408655865647287	0.336609809013183	-0.7955583330411399	-0.0147252529875445	-0.327571038489437	0.2235971928961907	-0.0684736523256883	-1.4941581383253617	-1.2126959253395142	-2.4162438819873726	-1.4281091579714662	-0.8193685306367722	-0.1979955615089637	0.1472832266833433	-0.1120287651043743	0.8517595737022801	-0.0319164743056072	-0.3249193617686861	0.0045244234000204	-0.1963828501620246	-0.7542333916210109	-0.7484004917615106	-0.2025764074924944	-0.1765558463174194	-0.1555951140512975	0.0979364521120352	-0.524866384126665	0.4939834500315367	0.336553458663982	0.1960281171442026	-0.1226487459031593	-0.0188770089063043	-0.0727693821042574	-1.3250742821392434	-1.556543918718874	-1.3376887142894651	0.4557227908296798	0.3410798498094061	0.1842500571746887	0.3330475345289797	-1.3536010939854224	-0.9035652250008824	0.2611198424074994	-0.1212702001407258	0.264633996164417
67	-0.0907489801804524	-0.4754970292351037	-0.8614001360819146	0.997927867516206	0.9841668797909326	-1.2142276313345666	-0.0761863700544309	0.1295484129618945	-0.1089467751648781	1.3356604992729093	-0.7176763702317689	-1.976054304633607	-0.2430414321066275	0.9709481264660748	0.7676933725919763	0.6366703809659631	0.5043390962228368	-1.5514073880662909	0.3150448375231793	-0.5347133885502418	-0.3872385022886604	0.5871919136988135	-1.791210739870552	-2.061429244589405	-1.7423202061664855	-1.5255860634487746	-1.2766920003193292	0.0326987370090796	0.5853107811899799	0.0813675602045759	1.312103036546066	-0.4178004134459632	-1.4747614749780993	0.2396911404654911	-0.5735032680727499	-1.6755575181441498	-0.3971570272067039	-0.1463617464748029	-0.0395996892511727	0.0988036681664984	0.5791740888446295	-0.8513048306540669	0.3871593856590076	0.6566555258591259	-0.4667559730068094	-0.0445513334179724	0.0502445620247817	-0.1996753567486631	-0.3808414402678883	-1.75865981801644	-2.094181899185772	0.1753741663169528	0.7309985832729565	0.3034965658836186	1.1168305454294152	-1.75485804134871	-1.8423959916467705	0.3966234903660329	0.0224895017703629	-0.4745953089996471
68	-0.4248002034386833	-0.1744813154173901	0.0548731449091488	0.8569525539545781	0.5862461290475889	-0.1609097985640482	-0.0319315065531313	-0.1568602636429613	0.1579476700590253	0.8814320060335094	-0.6039595601044896	-0.7597359040309883	-0.2345345693181133	0.0866963541698984	0.1399108916486295	0.0714049607488147	0.2236617128536456	-0.4164766743661365	0.0020134919826679	-0.5070234513531009	0.4794122515451866	0.1450037591226659	-1.3846918494742098	-0.8606195354689494	-1.9411957950279808	-0.9742274718842748	-0.2612729055240699	-0.4157960974213281	0.0404339371888515	-0.0700672956473402	0.942286563704852	-0.4952240143944866	-0.3292678820580974	0.0370830019783484	-0.2123612443737621	-0.4490252760736948	-1.005498877704357	0.246400494712928	0.2993764155687161	-0.2634028604930701	0.1522758011411348	-0.3859559098003233	0.4260297621723663	0.3324502465883351	0.0483292647586332	-0.1920641726173195	-0.085376263730999	0.0877175914449335	-0.5439194330695261	-1.2401851545766631	-0.9934962646649372	0.3151196517871964	0.2997578384145818	0.0909674016369981	0.882709681503062	-1.3935255007765486	-0.609013438405758	0.1594282653783978	-0.133746933931027	0.3644720988353788
69	-0.1827556489247253	-0.2806285012604264	-0.1380172629438973	1.08712804625149	0.5811097893129962	-1.0348235767459526	0.0094465995498373	-0.0095374412250081	0.0299689896018019	1.1305752316346616	-0.3788147088422682	-1.0865414212599869	0.014505622263966	0.5734206469081108	0.2716084436791028	0.4487437544231443	0.5270468846693318	-0.932497482159632	-0.0304256755844819	-0.3582027210109226	0.4082891212020405	0.3240488815145983	-0.9578480103242296	-0.8793619792091292	-1.6087596341759405	-0.7999832572058807	-0.3087411226786776	-0.0915815714204695	0.4060594368323192	-0.0446810618939768	1.5225120997726942	-0.1245721674992665	-0.4943427981146406	-0.1558744819825139	-0.13236969915063	-0.7854856571626387	-0.3963616921624555	0.1175387175489296	0.1997086500990435	0.1360228905892708	0.3673432407904638	-0.3644074919034755	0.1321378019298253	0.5915421387780396	-0.2791752228850918	0.0421821967462801	-0.2067367252096658	0.0996906103688174	-0.4748234408196534	-0.9250461336608228	-0.9430623796517216	0.0410533474634158	0.6530179079855829	0.3097307772531581	0.7293585725234909	-1.2710680302729382	-0.8972062119764921	0.6163215428510072	-0.2523778128989007	0.0427194858090605
70	-0.4199067893471127	-0.0691559369938872	-0.0859287941697157	1.3439894684646128	0.6285812197127998	-0.8384793379762401	0.1017408917009762	-0.1262589935735564	0.0858041078613665	1.6946163777866798	-0.6666648452439772	-1.103115432009459	-0.3572417127230292	0.2784116563217766	0.0867682833759531	0.8620454871950748	0.2809692019590593	-0.8326768045805674	0.3139519286754534	-0.6179041522142645	0.2209455566986403	0.5221329739794256	-1.0914520663326486	-0.986345461337629	-1.830362099411104	-0.911559743480407	-0.4813491827625573	-0.2707240564567119	0.3892910984498613	-0.0060385483865048	1.8511619129467605	-0.5171984457866686	-0.6674220232362919	0.4383382896564711	-0.1610865533943588	-0.6711083385937604	-0.6729980363345238	0.233168230676161	0.2972688733472906	0.1655867646721129	0.0726378828102395	-0.2104580811096367	0.4498051717332518	0.3956996745173941	-0.2387057563810313	-0.0037680264581793	-0.1644841500177551	0.0504008731036217	-0.6496770554540511	-1.0514012678952844	-1.0698271441384797	0.2863775556861569	0.2180618763516497	0.1078080723043772	1.6112717452386045	-1.190271955846676	-0.7704287502243226	0.7627010474912458	-0.3588713067197339	-0.111634653881901
71	-0.3196059069577666	-0.3003823711062217	-0.1021451430634559	1.3309167730692422	0.7761662338638436	-0.9593869919008462	-0.0150027312620993	-0.0362961426396263	-0.0181081509945779	1.4244232194266957	-0.4403615877729909	-1.1066668655612948	-0.1400827494432784	0.7709887279564288	0.5964720292201526	0.6730501214109326	0.4884340773198826	-0.971853751591084	0.2079505114830718	-0.3714696363251364	0.274886575519792	0.3633641861897978	-1.39701359381338	-1.1088656298200423	-1.6076674683847538	-1.2086383559844829	-0.5599812859371953	-0.2488565449898467	0.1105008146248333	-0.0054626407805288	1.7370279139541855	-0.2680925791722153	-0.6256420939369692	0.1524767397804035	-0.2398379658488663	-0.8188304803579267	-0.1000406723605147	-0.0858992282810002	-0.0103116474727336	-0.1372155515046145	0.4130357515230293	-0.5528294507534806	0.5579163105438765	0.7269068502104562	-0.1446725033172666	-0.0858070182298857	-0.1845391968411882	0.1545222924517189	-0.4890413833384008	-1.3386700750070233	-1.1531129952718622	0.3982423643717415	0.872372470198783	0.2807394019919211	1.0389734748601576	-1.4504648165066445	-0.971364323769898	0.764677684733299	-0.1734351644929533	-0.1003998553761711
72	-0.3356967158501719	0.0050132214334503	-0.0965157060053021	1.4946798008438902	0.7373426988926228	-0.9758128852451852	-0.0272324062761133	-0.0230672583251758	0.0438779809526144	1.5549482877352288	-0.4996606692242173	-1.218985036072855	-0.096261778185013	0.4890506124852103	0.2490956576451481	0.8852651947370025	0.5174077648657825	-0.9871820789550966	0.2289609602414186	-0.3434490898166376	0.066038506738997	0.3855385643241289	-1.3023912013222811	-1.1628955062588875	-1.6127467026529732	-0.8613988224122795	-0.5712423821762731	-0.0335393453809502	0.2158020719823247	-0.1365406652668779	1.9842909620815825	-0.0687601162228332	-0.5973533177111603	0.2927401536135874	-0.1735160153248431	-0.7761810144669528	-0.5862274712102099	-0.2171766697624569	-0.073194219992216	0.0200422637765029	0.3504806219109922	-0.599837527405481	0.5711829790453982	0.7767687798194239	-0.1348711077985713	-0.1132616432801592	-0.0286689325218003	0.1318175241491623	-0.3561105060361282	-1.036141433265395	-1.2213153616326358	0.483858903459507	0.7078167521982559	0.3363797968990085	1.2401303162140684	-1.4029571201054327	-0.9921256033031248	0.8856678413442927	-0.3181525417851897	-0.2746019952504675
73	0.1328226281324664	-0.4844663083608942	-0.2438493157644679	1.8975546494573263	0.7818297849976835	-1.0159318674134796	-0.0073587025361477	-0.1260353230544056	0.0595615177695573	1.9215849815362784	-0.8437977910790729	-1.3377057645836348	-0.5318552706167563	0.4569087252337681	0.3894498222786571	1.2228259457029254	0.2631833522505152	-1.076277367452832	0.5833056188744332	-0.7533799956262804	0.1042744772479072	0.8184422123814191	-1.8206410013300705	-1.41408867733175	-0.506165850753586	-1.0898310385433665	-0.5293604599051758	-0.0787571699488547	0.4737629002923653	-0.0299599076218184	2.2887954705463933	-0.4687668065409317	-0.8350651608266395	0.5096425732946848	-0.7243454511480785	-1.0689201380344968	-0.1752772794610138	0.0173027269895436	0.190042382936008	-0.0236578097624905	0.3561950510679885	-0.4187273827484039	0.9758579053787692	0.58213620598101	-0.3745925186632846	0.0530694615244391	-0.120299024240615	-0.0056002439747602	0.3101335370418026	-1.5662957190226376	-1.368319675944553	0.5447806502363075	0.4934749314721864	-0.0199727994185812	1.5528163686062342	-1.8819298997111544	-1.2348185165657748	1.2785232589753468	-0.2111640926681173	-0.2509504627929294
74	-0.1853778054246697	-0.2106777990887651	-0.3670707009908344	0.9886357831068228	0.9470213996636252	-0.5575341494055984	-0.0096538177267062	-0.0439422203261273	0.0206308900303464	0.736639329786112	-0.5278966853725233	-1.233639266560886	-0.3174825115517454	0.7022015987151315	0.150245429735377	0.1949522586863821	0.4368458658203002	-0.8621923162677252	0.0144959940409777	-0.2550454947880265	0.2518992557806794	0.2157755772252362	-1.3181049477408089	-1.4126811482840242	-1.6901843922147717	-1.09694876559217	-0.7280038459405899	-0.1631280864747302	0.389806772599727	-0.2309637572425905	0.911978909970898	-0.2030851805360514	-0.6717276021732028	-0.1392821299957299	-0.1970305707045663	-1.0214784522859928	-0.5428229039603327	-0.1993561052673151	0.2694840423655956	-0.0699385073884117	0.179505392325475	-0.4116179910955128	0.32328674158068	0.7176572747122455	-0.1931239372255179	-0.0358537140785701	-0.1314077677698484	0.0669027581388335	-0.5370167599698474	-1.3624177576775949	-1.5797162163552572	0.2051696641728591	0.5856013142103557	0.0543830721020319	0.7612398557442147	-1.383884606183911	-1.1143265318059077	0.1503017304142133	0.0640271326716019	0.093675394109091
75	0.0119271334059911	-0.5312388468802518	-0.6802312222305823	1.4640247040854897	0.6046714013870171	-1.6231397360557225	-0.0446274020300184	0.0467977213216975	0.0151526397196658	2.062673068460481	-0.9559148514582372	-2.1642726710113283	-0.8442633932087158	0.5783066598345137	0.4829211820348895	1.2025864698305164	0.1843848578746992	-1.882303557176248	0.9145003693440654	-0.7402812188143979	-0.5392855408039792	1.007743135756613	-1.843515819821008	-1.919911492121518	-0.8961804286577819	-1.2765583819850397	-0.9046868588849424	-0.1085116759456163	0.557343986738436	0.245151459962023	2.1486748452923994	-0.7611931840658226	-1.6927800483425637	0.9784767947276224	-0.5888186346699475	-1.6261499971974256	-0.0848554436311994	0.0633377322315819	-0.1291927779027264	0.3588221368807912	0.4907288300600763	-0.9641812705147116	0.4365223954886476	0.7309551772339111	-0.5719553579930301	0.1206932293356191	-0.0968899148610493	-0.1966700920275654	0.3847400786265997	-1.6137533515101443	-1.7557503010653024	0.1656834111585841	0.4999117849412798	0.0077906620883974	1.9202550186289664	-1.7704538751381886	-1.874070971332788	1.0687303517782745	-0.3766607799192686	-0.8226577814240229
76	-0.8006206237244966	-0.3148356624474104	-0.374120463420076	0.9599024462674914	0.8466672436227893	-0.4224018772296737	0.0425919262530944	-0.1249553903155728	0.0049850205488068	0.5483159906191228	-0.2227891974168692	-1.0451541532318664	-0.2473550251037363	0.1826181464996799	-0.0508758557140069	0.2511033119302273	0.3827014378123154	-0.8148752755889779	-0.0067285856766362	-0.3121918967004895	0.3100490294352702	-0.2916902391121752	-1.453388964650966	-1.2476269500026462	-2.2861834158224954	-1.28577241518801	-0.943334665520908	-0.3282387993605671	0.3465306395360074	-0.045730798279342	0.7462796898388	-0.0203518479717816	-0.4804080782720932	-0.0008098952909832	-0.0724487592378957	-0.7959903610064278	-0.7871086032808434	0.0890692766184162	-0.0585091433097262	-0.1429788267782492	0.1690308578386451	-0.6347111239779502	0.4053156261738102	0.4458000182636179	-0.0613162497137053	-0.1892541092225393	-0.1332026687079792	-0.1988680944639114	-1.3968261135427609	-1.5112209061543054	-1.3614855681704976	0.3761841147161597	0.4118241510050432	0.2614464564216707	0.4540577502997579	-1.2388847380924193	-0.9257635807996034	0.3092428373796778	0.0169632948530165	0.2506803004126464
77	-0.1806667534900519	-0.5628095471910795	-0.6513907074309557	1.5324984427356645	1.2962824208351336	-1.0089704938011872	0.0322684874699884	0.0078089474723989	0.009392433719453	1.527069205578418	-0.8736487354308932	-1.950947674645752	-0.1163776583665151	0.6116608922019346	0.5226707099383463	0.976140884138708	0.4653211267339616	-1.4598430913009144	0.4638305592392544	-0.6744116072245503	-0.3816978964091792	0.6622775554515229	-1.897916523670844	-1.8367189612094224	-1.6438256093985744	-1.5452084251578178	-1.1985651305735932	-0.0546991655282187	0.2682096607248813	-0.1528336117241906	1.7472427113460118	-0.4820927642198425	-1.4241116781851852	0.6679016232871198	-0.5841829744000413	-1.4572154921069411	-0.3476104688017889	-0.0025080833755382	0.0248282831945217	0.1667486108880166	0.4712679035322287	-0.7174329293625934	0.8204635880348399	0.7647669066429623	-0.5783037203685653	0.0457207813553037	-0.0524056328405679	-0.0072623184507858	-0.4606985578971134	-1.8239905994754488	-1.910503238533084	0.5601718930830959	0.7616154749013414	0.1650344647835462	1.4089141568485242	-1.8555141054882405	-1.7190351634738783	0.8618293705693144	0.0730671959880513	-0.4606560133979211
78	-0.0704149392293307	-0.2529436994039378	-0.1596331038017757	1.5885969143587149	0.6569279268905055	-0.8317714305556668	0.0291304892248092	-0.0327648518222812	0.0083756935087396	1.6951331736979398	-0.4394812977097588	-1.2219468214701756	-0.3784495814405842	0.5463582037801551	0.3926018955052299	0.96902232475473	0.2612212791889676	-0.9868393064607937	0.3911023498168712	-0.310712236720821	0.2440933874990501	0.2404187140372402	-1.259535603777988	-1.1430121250884675	-0.8764203716451267	-0.723703226690759	-0.2419122497218075	-0.0882038933007423	0.2978812645028494	-0.0653370199314592	1.94807893480298	-0.3892603238977568	-0.8370828554092122	0.3573055387375495	-0.0411675110022411	-0.8174240334356988	-0.3543941306330693	-0.0436602992195579	0.2037884017101702	0.0608101157675925	0.1672897162182101	-0.2975341664274814	0.6587185832233068	0.4278226271259233	-0.3292426102966569	0.0195560692777315	-0.0620706496036808	-0.0290802014813326	0.0885793366676095	-0.9674715411519674	-1.002380329691163	0.3529902007337268	0.4067653717827617	0.139658795552428	1.4879998161671877	-1.1590629373505676	-0.9409487039500924	0.9295798130610587	-0.1432394032494168	-0.2046669660963084
79	-0.4011907525589218	-0.484865002913051	0.267869731883589	1.3020842243800113	0.6749000207774447	-0.3863130570666092	0.0156755415564762	0.1183214300586533	-0.0226163786199573	0.8706444638637867	-0.4764449984529226	-0.5059264253836842	-0.3197564005239851	0.1935752625023798	0.333192697158446	0.3177727224896713	0.3737875205386931	-0.4599045350424171	0.2784091959948542	-0.5743223446278964	0.6620768025474351	0.0664100608837869	-1.2993520922988966	-0.4069530386638189	-1.3064744339947345	-0.7825812655604358	0.4961147269902988	-0.1408720570803261	0.1053338813341301	-0.1581424601012578	1.3196598807222668	-0.214937813058566	0.0362696299278648	0.0425153122599614	-0.1185747935195091	-0.1620356604157395	-0.9847542066016732	-0.1015792189622718	0.3993267361008313	-0.0224027700503985	0.2262540407819314	-0.221732242182045	0.6061219334351141	0.4390610259855135	-0.1150801926439813	0.0050088601638644	-0.2543933831210203	0.1831621483491916	-0.2975645682953498	-1.038989299042357	-0.2705595549835804	0.4301970109110459	0.3945010686912977	0.2003530829076099	0.8003339950297864	-1.2736133655085466	-0.2469687423389661	0.5384372269716772	-0.163811985882906	-0.1184383303484236
80	0.3244789687285223	-0.3880353034883665	-0.5187374842228987	1.8875669675095603	0.9706227804547528	-1.1749168635484448	-0.0526013577520817	0.0055172107204072	0.0685811524277323	1.8054006545079289	-1.134876079284718	-2.092132635164309	-0.2790467787213029	0.6659779880777252	0.5800269904844886	1.179336720387448	0.2933984216024451	-1.6271315809671458	0.7012701958215728	-0.8747945578935955	-0.5096293032823922	1.3618620969182036	-1.6888233763065876	-1.714314563909337	-0.5588526806307312	-1.1167554612751946	-0.7366177717547631	-0.3040322431906963	0.3031473318757801	0.0662172108766101	2.23917534022116	-0.6216181980635506	-1.3868772413573658	0.7921917912373266	-0.7417694357666194	-1.6100779604215396	-0.3462275694396117	0.1233669239137079	0.1277754163161274	0.1122248894364857	0.4642097991532177	-0.9318351562403226	0.8036970061745563	0.7585989167454062	-0.6975002082326416	0.1129410338057768	-0.1113267150901302	-0.1516984943018511	0.4943883457771565	-1.490858297534798	-1.6046103899335598	0.4077260581903011	0.7389272643204501	0.0659062529587819	1.7272020702119817	-1.9345182758300488	-1.8284974879081075	1.3322858906313462	-0.103586371816494	-0.4436792801181691
81	-0.3300697699700357	-0.4805392563980877	-0.2068506883137395	0.9286995915740012	0.9285243281989918	-0.4919985393904245	-0.0456127686762177	0.0729039574062275	-0.0096486870435588	0.8322097290047872	-0.1890193919882024	-1.0118890558129958	0.1673414124749047	0.405714820643888	0.2935273142964447	0.3753603147772502	0.3264117515034605	-0.8464511879561318	-0.1101224340869242	-0.3312902188481099	0.3193137533389616	-0.1911970256750513	-0.9966885229691332	-0.8229100852051183	-1.886858549861528	-1.0751069187691584	-0.373504149634644	-0.1717796130900768	0.2653199737718188	-0.1170105749401129	0.928982061502534	-0.1289405305499159	-0.5565283289418834	-0.2619016986286821	0.1333623613870518	-0.5742487237976153	-0.8555216517757445	-0.3005110762300425	-0.0031844920420327	0.0032648840205525	0.3968062148513473	-0.116062404062576	0.4917272004816716	0.6536194890750545	-0.1032043329088694	-0.2078662050817754	-0.2023129826371208	-0.0262121596989761	-0.8171950029816637	-1.0073627793405473	-0.8513286265379181	0.4454756179098836	0.7050955549042827	0.3839430636998175	0.5700250788355139	-0.8942791062895741	-0.6975160427869178	0.3050675431656151	-0.0408691479693225	0.1355848931215651
82	-0.3694014218579475	-1.0883751413328997	-1.3397782816693222	1.1573374638895189	1.0220203693838517	-1.272802364306437	-0.0263724461024508	0.0921307303839291	0.0094076176711622	1.1789912047473174	-1.1242015487652937	-2.517801284458651	-0.4744059909494273	1.2758714873122872	1.0463506261984974	0.5132661560134787	0.1341265129120153	-2.011636854180893	0.3819253045200169	-0.9237703327389428	-0.8835634774498327	0.3590628258064572	-2.344928983257021	-2.5383382247933706	-1.650046798647761	-2.1550608798930813	-1.9517497171784248	-0.2114894248135355	0.8898637376113621	0.146103007701871	1.395498360249996	-0.7286284440893263	-1.810100004092092	0.4970051577537225	-0.9422154062987922	-2.1067274650081886	-0.2109266260449316	-0.0645522616438556	-0.4424733786015062	-0.0387944646987131	0.5276807570088842	-1.21760815913823	0.3601135589878532	1.1941577595658892	-0.1811113785125593	0.0731111990087389	-0.2356272822571733	-0.5469259541832522	-0.6312362197271089	-2.3820768313990244	-2.5827390602620794	0.2515047611275484	1.2790357424355756	0.7258708064735132	1.1127743568725756	-2.138621570412725	-2.3624291144093914	0.5200023948895326	-0.2196454205433652	-0.7129713594028566
