label_id	PC 1_NLStdTomato_CFOR_pca_predicted	PC 2_NLStdTomato_CFOR_pca_predicted	PC 3_NLStdTomato_CFOR_pca_predicted	PC 4_NLStdTomato_CFOR_pca_predicted	PC 5_NLStdTomato_CFOR_pca_predicted	PC 6_NLStdTomato_CFOR_pca_predicted	PC 7_NLStdTomato_CFOR_pca_predicted	PC 8_NLStdTomato_CFOR_pca_predicted	PC 9_NLStdTomato_CFOR_pca_predicted	PC 10_NLStdTomato_CFOR_pca_predicted	PC 11_NLStdTomato_CFOR_pca_predicted	PC 12_NLStdTomato_CFOR_pca_predicted	PC 13_NLStdTomato_CFOR_pca_predicted	PC 14_NLStdTomato_CFOR_pca_predicted	PC 15_NLStdTomato_CFOR_pca_predicted	PC 16_NLStdTomato_CFOR_pca_predicted	PC 17_NLStdTomato_CFOR_pca_predicted	PC 18_NLStdTomato_CFOR_pca_predicted	PC 19_NLStdTomato_CFOR_pca_predicted	PC 20_NLStdTomato_CFOR_pca_predicted
1	0.6770150244508546	0.9678930200684734	0.5617076436113849	-0.6040882477882775	-0.0381345890251363	-0.2533620126868399	-0.1779465143067701	0.5722688693200586	0.042431326619966	-0.1202686723079394	0.1873124393750527	-0.0314800841208119	-0.1308696470591035	-0.1342734331076709	0.0721659028053609	-0.0020569155350819	0.0607279528398986	-0.0264118350414677	-9.79408786052704e-05	-0.000992762169977
2	1.5931627277671994	-0.0515337358711823	-0.1097751683603407	-0.1035606253349898	0.0925957883961504	0.1488596397339696	-0.2099092596287582	-0.3128523577428855	0.1970706672858453	-0.1716570748658063	0.0544840569568481	0.0227970155609527	-0.0984420963666255	-0.0166275972057768	0.0690165043720428	-0.0268360960646135	-0.0025828858587276	0.0627643764040693	-0.0412334431308279	-0.0251860569231188
3	2.0379443067329635	0.089791091945095	-0.0242748114766625	-0.1770096432540928	0.0009171154370412	0.1552153529021556	-0.3238723549074326	-0.0626073728483799	0.1415073634159291	-0.0955839001461864	0.1488251767420606	-0.0060183611941245	-0.110090527206423	-0.045156278378512	0.0134203092317913	-0.0013114595256942	-0.0285012842852297	0.0013760752969893	-0.0837471737350919	-0.0205983859337266
4	1.4942676691564485	0.9879776648030713	0.9440620601068248	-0.3520847035635623	-0.4072669989458001	-0.2761864944706807	-0.103712129064794	0.4299725611835689	-0.2048269938151431	0.1550977032091764	0.0512279490269195	-0.0079213136947322	-0.1007578029881119	-0.0412880004120381	0.1187835887415421	-0.0707043326141259	0.0329930311912695	-0.0636850551971981	-0.0399998417965512	0.0453603278820442
5	-2.0607775943664093	-0.0742989666014354	0.2975504775329916	-0.5662967412785005	0.2257915003209273	-0.4023208012558243	0.0432230172661646	0.2918579622490328	0.0315244816551008	-0.2049331005150672	0.1027637354113173	0.0357442771044376	-0.0661571354954274	-0.0232085471659618	0.0001604025791741	0.0215293660179823	0.0075514872139484	-0.1023886189912533	0.0352414547259882	-0.0028584490986922
6	-2.975987226699864	-1.4548586239719934	-0.7286014538962656	0.5618124834266621	-0.0291435617774913	0.4540413665017668	0.2256157850323552	-0.3333362247248301	0.0590685897955511	-0.0296946956347081	-0.2462024094738814	0.1779815937515191	0.0722090044288928	0.2048246882192026	-0.080741615907702	-0.0826446579421136	0.0543548926139091	0.0660515975550642	0.1218228291076286	0.0446282830609216
7	-4.4010318272279765	-1.1382686589083806	0.3724439040473679	-0.0419458370086452	-0.0127864225046822	0.4000538452885483	0.2847210962347102	-0.0379455924829653	-0.1248862355559623	0.2065658992266925	-0.3200403724974435	0.1666003276042878	0.0495044876122368	0.1670804681029583	0.0266621282650214	-0.1116122711451051	0.0057719327738705	0.0775556577440813	0.046340495435875	0.0847450884623564
8	2.366821035642736	0.3065613579762721	-1.2396435783685311	1.6026883846238116	-0.3524615875676604	0.2126783336010107	-0.3677620099033628	-0.2790012717621007	0.0732267992363601	0.1476930360440878	-0.0101227270974271	-0.1249727623210311	-0.1407348441252469	-0.0395426458803712	0.0585917610687345	-0.0272141814778946	0.0155788574879548	0.001559788566067	-0.0517838848972368	0.0148201349733969
9	-0.8836791899067333	-0.0342388482979264	0.3876095663771674	-0.5583558513133958	-0.0727275341045213	-0.2149970125779274	-0.0220914368429223	0.1472686467724137	-0.0808272264045641	-0.1502344730976756	0.1070290407649273	0.051135655150289	-0.0841487812280483	-0.0850434796659083	0.0709812432617942	-0.018607335434798	0.0480143995485333	-0.0401618143614434	0.0252391033744727	-0.0200424524437629
10	-4.297872490071471	-0.6214251044066423	0.0314264998237894	-0.4163598012730983	0.1809493967663951	-0.4778778387299094	-0.0605987395272259	0.4852610727463889	-0.1529861528603508	-0.2719527259948651	0.2695946019957147	-0.0998686132202566	-0.1138863587472059	-0.1755363845289744	0.0692789447741168	0.0155045205468681	0.0212085631980759	-0.1427784371958876	0.0026571453880841	-0.0526394574776983
11	-2.6461317210551165	-0.6531855820802633	-0.2286900791938233	-0.3281624180258939	0.03456863409806	-0.1550812251271232	-0.1045752988302617	0.3301045825613265	-0.0530413647221781	-0.2329401133071388	0.2652394655149037	0.0492744780723862	-0.1092986276038286	-0.0928814562378506	0.0006433240984801	-0.01519451643115	0.0273819459504281	-0.1118093966438378	0.0013764544303626	-0.0303829917245454
12	2.8511526266993954	0.7648560084674468	-0.0097884215266127	-0.1499083760201835	-0.2709878552483726	-0.0425736675730529	-0.0165185682202347	0.0475185038986955	0.0719501793155012	-0.0912564269762038	0.152946382139943	0.0983857745376488	-0.007880815523969	-0.0240047167172719	0.0020881493118084	-0.0781925509703749	0.1073534288133519	-0.0028673197640386	0.0727303600495518	-0.0166050755957332
13	0.990725870729548	-0.1939327546024734	-0.1919100046004457	0.3633725194318105	-0.3623648099799407	-0.2473055578017564	-0.2935069164767444	-0.0942643672546231	-0.0473365345606098	-0.0532099497552384	0.2355313129130737	-0.0841324941271259	-0.0946081163717485	-0.0937692549008894	0.093423996463624	0.0081702319775128	-0.0344363065022099	-0.101522090723833	-0.0538509901683057	-0.0011422471525935
14	1.886036162134712	0.4472035663445499	-0.7523677277129741	0.6752135517817696	-0.2042734552885695	0.0786448721064838	-0.3221799675498616	0.1330808106368237	0.0961039471908218	-0.0758724471708272	0.2437475501210388	-0.1218534083808686	-0.1526109266286441	-0.1440730435281952	0.0591075386296673	-0.0081178526457489	0.0729762639026044	-0.0353342084166009	-0.0274896103377363	-0.0384078389162913
15	6.965819560795914	1.9279907573372268	0.0770163741878687	0.3742417989455687	-0.9771692839449742	-0.2350934354879002	-0.2781916744829647	0.2757833553453093	-0.0860250346740505	0.1821167643742461	0.151260617944213	-0.0003876838853395	-0.0529375504291358	-0.0711182273926615	-0.018532135995726	-0.0538739206051809	0.1645804607241602	-0.0562551831795916	0.0472463801397301	0.0283639000554035
16	2.8473916210832364	0.2982971620356096	1.7200822379477492	-1.6338578028213602	-0.3409082953118053	-0.0607668336633151	-0.3417024108360787	0.0320629080280146	-0.0984199303633637	-0.082383857991827	0.0250945234945298	0.1682898817049344	-0.2235851785589409	-0.0652675256036001	0.1594762058353241	-0.0251847205330738	0.0171778673463416	0.0120726480989269	-0.1365640853208579	0.0174959072677403
17	-4.147752904370941	-0.8980226166994016	0.0310604876857258	0.0827457808831008	0.613587547766658	0.2397929228739095	0.8172242478401615	0.2144272226695557	-0.1277878188162486	0.2081060336721039	-0.3850177703636492	-0.1167483267807397	0.5199450645470062	0.2799476145955953	-0.2187614084326134	0.0089175980273579	-0.0488482145074297	0.1576151975510679	0.0729494088233809	0.0349831575861557
18	5.874761596572927	1.3303323723238123	1.5822082055992464	-0.8944682869221617	-1.1966886049613634	-0.3123956171778009	-0.3408844543810785	0.1202481093233115	-0.4329441108815288	0.1827474169247818	-0.0713431451593783	0.1960827153600858	-0.2157807779091111	-0.0757116377506566	0.1423058931153473	-0.0797510086238469	0.1351792395192239	-0.0682788789309786	-0.0441497305465845	0.0467145933114774
19	-2.14837860826055	-0.2663518841215617	-0.0990892229520397	-0.1331808045614832	-0.0021212644995335	-0.1542826041461133	0.0872971267645099	0.3666225993506685	0.0671847181215556	-0.0897265621779212	0.0874395399010889	0.0139852048699098	-0.0373576263647916	-0.0175408490823908	-0.0679769143504869	0.0529547501269191	0.0951100798506471	-0.0904507026356591	0.0898623752770521	0.021369732006701
20	-2.200345805712776	-0.1187487438306338	-1.105285299122849	0.8605077351695702	-0.0688815508877802	-0.4590165731023895	-0.0388809246063718	0.1926182633881459	-0.1819747552492094	0.0118297376871763	0.1850000636111712	-0.1992979686757743	0.0448184973405423	-0.2075858473017132	-0.033758585342667	0.0688529799941603	0.0095371557727617	-0.123737666723792	0.0117405936589525	-0.0171815472580513
21	-1.0383444424287007	-0.2965601541095908	0.7954022259895671	-0.7599697668504728	-0.0823029233985688	-0.1345829678367827	-0.1104028274065427	0.1291862886042055	0.0797286759347624	-0.1466810140674854	0.1259304139156016	0.1494121670243378	-0.1497333105662963	0.0080414517592018	0.0871370461725258	0.0065474174349254	-0.0329011962540125	-0.0749352217652916	0.0020537680105082	0.0354444767865263
22	2.9242326875583133	1.5105373528956187	1.2327210695164212	-0.8706989627935182	-0.3761218977739017	-0.3350092548349409	-0.0246605837413239	0.1621076163713389	-0.2569607910419872	0.1107621347213387	-0.1641235638974666	0.1499061483338036	-0.130419712057923	-0.0534483692273834	0.0879153957784506	-0.0156616669998976	0.0655053289414616	-0.0114343079189267	-0.0007105436338839	0.012582315028463
23	9.334428474292125	2.420893515545344	0.9885047265005108	-0.2747278726460733	-1.1461102535524643	-0.2326710338395554	-0.4201854354666078	0.1257631898828934	-0.3592741616076513	0.3602739207415654	0.0317503420167756	0.0155633315390616	-0.1044078055899083	-0.0814216580443307	0.0386029851633539	-0.0856558970635683	0.101114577283634	-0.0147777156673687	-0.0887856250153245	0.0150709293571347
24	2.116836764311382	-0.1091042859163179	0.223252082689432	-0.2564604663878363	0.0290674813873839	0.4396451621314694	-0.3573790593307056	-0.2244132990298089	0.3741576750860039	-0.1307294737780839	0.0503519380598558	0.0680114086706782	-0.1528774119055811	0.0416430449883614	0.0694836348536287	-0.0376371695709805	-0.0145194611278575	0.1017371695720408	-0.0533486965766759	0.020002192514811
25	-2.494490365012372	-0.9305235697910104	-0.4493152230937893	0.1064357901871865	0.3595792662212795	-0.2451129259382978	0.1719609907919635	0.0418624406201113	-0.0193113639169718	-0.1440783737458189	0.1424861682879512	-0.2126602387356492	0.1552091549773421	-0.0506182014310147	-0.0704391312586242	0.1338751365945766	-0.0483024229766113	-0.0667950880046215	-0.0174433144538805	-0.0457846978995093
26	-1.922212677838644	-0.1431244264120268	-1.0883144795729347	1.0082129405306453	0.1078153788318634	-0.1813907869821735	-0.0523857839187531	0.0248259025415765	0.0319995349278132	-0.0488136995835921	0.1187201821998379	-0.2026552057328215	-0.0008613570991066	-0.1909524289161854	0.0704519331346858	0.0672366383541655	0.0107996985305489	-0.0272094164512658	0.0018545079178839	-0.0192542870321011
27	-2.67296869725358	-0.568508187024714	0.0821651298264671	-0.3149353540629011	0.1819560777341114	0.016410427782235	0.3031586352443978	0.3452340706093968	0.1022930430140069	-0.0280421154232995	0.1190068326143768	-0.0113889333374889	0.160084071688871	0.0588865646356877	-0.1170341410768836	0.0118497153955296	0.0564904208196479	-0.0353375697706963	0.0963057108658147	0.0159689044189291
28	1.3308639626000702	-0.2136899320243181	1.5813523907510951	-1.6791836377743792	-0.2286149953960875	0.1550025107275993	-0.2556420987823798	0.0232385067965388	-0.0677414040945314	-0.1672664795758599	-0.0206408058748103	0.2745590407574393	-0.2363894965378402	0.0105874640303605	0.1198571222172179	-0.0420876037603201	0.0122336490755271	0.0201528217633638	-0.0870556651593334	0.0077067289669995
29	6.101818066259713	1.9051124565719773	2.5369414775702106	-1.6137118210342305	-1.3006795128279334	-0.3558769277746165	-0.1483760952330167	0.5061304015909546	-0.5367445330989664	0.2971233153851778	-0.1276385855753881	0.3096529555567504	-0.1448017575319983	-0.0018477554044917	0.1005884220688554	-0.0821929942075625	0.1322111677722691	-0.0666129704914407	-0.0036864414565363	0.0820643999047657
30	-2.00523125318591	0.064446710483413	-0.5486416364307749	0.4328477635509191	0.5850452236891721	-0.2335056666718305	0.3992006915503184	0.1422410320620159	-0.0820164585398476	0.0946303853764241	-0.1337338795458197	-0.2775987612949498	0.3070474651657349	0.0088458943986752	-0.1503706153647615	0.0783161328918001	-0.036275024300565	0.0397447050910087	0.0167650500956598	-0.0329318233602599
31	-2.764045470973622	-1.015756430083097	-0.1022318049557166	-0.1875896948570061	0.3748072376531828	0.0271844485231524	0.1967298836381723	0.0869658965816797	0.0982186474287675	-0.1037076987371089	0.0725709537087041	-0.1156873750606075	0.1489858128552429	0.0372068626160158	-0.0692905936113175	0.0346031424802835	-0.0063024062484484	0.0003955321860328	0.0097985721219913	-0.0044267080861593
32	1.3464146966902626	0.3170833233467405	0.5564829387741043	-0.2977523771687168	-0.2697606363015521	-0.0316234876570631	-0.3397569031222089	-0.0363832497336458	-0.0562524523315573	0.0735096061013289	-0.0752303752235725	0.0561479395574208	-0.21750820374781	-0.0793966533580867	0.1142968297492015	0.0019098830522654	0.0022231370867408	-0.0159942423783884	-0.0979748882036025	0.0373119559778568
33	0.8875172879350512	0.4614807004377242	-0.1189487372156574	0.0639452578272356	-0.054472632763108	-0.300998725099888	-0.2893111694536627	-0.0100213536007031	-0.1111301320041796	0.0116869628678199	0.0679804161757235	-0.1039586295548399	-0.1440826769901541	-0.1911608387443999	0.0880803855088533	0.0255760217074958	0.0005162804961026	-0.0609981007632361	-0.1111221629785836	-0.0183025091179944
34	2.3410967808757097	0.2556693957762956	0.0131567835448089	0.06550535380052	-0.3769293736230537	-0.1008850912731781	-0.3226105350032767	-0.0506500179116383	-0.0787405356377009	0.0098880559565848	0.1336655470659945	-0.038497175531697	-0.1073267055092989	-0.0913490196974239	0.0429601863399111	-0.005585924792803	0.0031971924919041	-0.0499593668059005	-0.0628375474383453	-0.0084361908241686
35	0.7716907311597421	0.3780601185744533	0.988911928098786	-1.0700551781662582	0.1170053251929723	-0.0596615734604969	-0.0068123227355846	-0.1146434831091213	0.0076362454438101	-0.0003862554249096	-0.1739677964062996	0.1984719090949991	-0.0904821958551977	0.0185001350287931	0.0327977232687922	0.0077239235445243	-0.0199237126532132	0.0245015235568162	-0.0464134823703362	0.0305749710727219
36	-0.067540757922774	-0.2931768792829599	-0.1473726018253897	0.0206339640053649	0.2504884660240819	-0.0709910678159785	-0.1408132656064942	0.0357377200594154	0.1397408129507262	-0.0574119006013889	0.1081237602791924	-0.1071268132373988	-0.0447275557727908	-0.0119606337638399	-0.0370350376903862	0.0803603283934959	-0.04506789587366	-0.1007963841912235	-0.0854409818536045	-0.0069433043938228
37	-1.0275292956699698	-0.0966356735120131	0.1960260225841424	-0.4048189208948202	0.1220157742369534	0.1297250751911845	-0.0482994083434749	0.0369997841340164	0.0892917241973297	-0.1390913882274069	0.019880483009797	0.1389875180675387	-0.1301658174526046	-0.0187808324018631	0.0540813747149053	0.017427578114562	-0.0154042563698454	0.0227343172503301	0.0097064669760349	-0.0090414709383991
38	-0.2246673904503506	-0.2988770306018131	0.924286615547426	-1.135117918595571	0.0321231944285589	-0.2582906916085477	-0.1211388234080522	0.3468880318313025	0.043525267511029	-0.2275816759019185	0.3906818457061963	0.0202189262937482	-0.1134418042390172	-0.0316404192179489	0.1142197141743988	-0.0432387987690268	-0.0091423361500776	-0.1027152742686839	-0.1024137114057811	-0.0011187606073814
39	-4.144541814302013	-1.1480146327935186	-0.0760832478500171	0.0899098932772367	-0.1828476271956585	-0.0477542284084763	0.1264227419602843	0.2571349346658141	-0.0334157705059193	-0.0438421883511089	0.1523118183743688	-0.005812677720438	0.021542669526223	0.0019567839754881	-0.0178423168783981	-0.0032993046135509	0.0498031257591964	-0.0901215118424717	0.1171702418288216	0.0263943616267794
40	-3.5715559543068665	-0.9766896516017556	-0.1821264389218065	0.2972891760964141	-0.0612337403090729	0.0752284916336721	0.2251398438377795	-0.0607559786448339	-0.1368697131809031	0.0912687689127391	-0.103745026910608	0.0863703084578819	0.0763213668453612	0.0651138892638027	-0.0233414880632782	-0.0182407369776476	-0.0258774885619347	-0.039429199211143	0.0686875388837534	0.0319058401764244
41	1.604005127048879	-0.1989275117711085	0.7830063987221441	-0.7211252011030241	-0.1321020589245538	0.1140584101308115	-0.2592892692999929	-0.1354825785136171	0.0622747615933833	-0.0838982994534963	0.073155364936306	0.0901348643324788	-0.1252627188887081	0.0333675399331628	0.0925361849210669	-0.0283454101693434	-0.0607245851093433	0.0292054203548981	-0.0965355942698564	0.0189468390564696
42	0.6596254966374561	0.1837625287035513	-0.2164626662530794	0.1595113262491301	0.0614967713458902	0.1310373401363113	-0.3924203495391155	-0.2330085713569515	0.1533134198291155	-0.0163555876076253	-0.1301036085890109	0.0320824240999793	-0.2375032797769349	-0.1032549974831738	0.0813509983746105	0.0766275653343439	-0.0369078305199824	0.0506474830967613	-0.0948711265034922	0.0247088392367183
43	-0.4904197312224073	0.410222508139234	-1.1923274264558	1.1168089022008303	-0.1153788184465505	-0.275162178386628	-0.2424625517840659	0.1898079425143144	-0.0926179288196484	0.0193782626799353	0.1630261692369075	-0.2423386810345054	-0.086556257974732	-0.2251559263046949	0.0304782700896694	0.0067321959135459	0.0580664058654337	-0.0683505830136026	-0.0094019929532785	-0.0360317237909442
44	1.616511662238271	1.403177512648463	0.1817353742490321	0.0277508882308751	-0.1963378839089131	-0.4427029660917096	-0.0838945078895102	0.4054814973723649	-0.1319603477998352	0.100832374346599	0.0337212921354703	-0.0932298478577789	-0.0383964599204809	-0.150390099751359	0.0290187059463975	-0.0024214025657736	0.0739284927250418	-0.0516014237997915	0.0079689291876587	0.0078870527588434
45	7.176486191982543	1.7095786465415332	-0.3942788810141635	0.4924288430557207	-0.6710868807804771	0.4632165371645856	-0.205223116624243	0.3320354851983278	0.1225197380999179	0.1003457603085312	0.3160779615930949	-0.0223721458418042	-0.0088910223595337	0.0019927038283022	-0.0725327992419978	-0.1461167781171596	0.1952361102731073	0.0535514980598862	0.068876506394463	-0.0499189144586658
46	-1.3152486988418797	0.4656289625178736	-1.0104648882515868	0.9039666241798298	0.3749840503665485	-0.3059603515974922	0.0956464154359335	0.2419490768984875	-0.1715710059399454	0.0849990003623409	0.1105159376561269	-0.3639501812935021	0.1516886963196802	-0.2042129565946507	-0.0474266247450418	0.1270212747732751	-0.0677143239338052	-0.0323686480830304	-0.0503945684586081	-0.0793900969448243
47	-0.6448675760973063	-0.4788518382726452	0.074709897915712	-0.3522160476210978	0.2505200536823614	0.0104576330994112	0.030343825754354	-0.134110078335168	0.1433570702303447	-0.1060159673893063	0.1009436179741972	0.0255233106879772	0.0289611580146065	-0.0079314534986129	-0.0260793203560817	0.0674867063199527	-0.0537884617053215	-0.0378513315654672	-0.020362115204681	-0.0146602811311224
48	2.538557229294196	0.0417267657373851	0.6329235399665686	-0.7631318996038537	-0.3412652956167387	0.3366380891364917	-0.1886087716157009	-0.2340910087867252	0.1151697042070912	-0.1143179821651339	0.0034746321922393	0.2334183104356333	-0.1330723161033042	0.0122523327235759	0.0802729850565556	-0.0642338076386791	0.0697100189339598	0.1074478278372242	0.0089827547127575	0.0113495388163935
49	-0.5146557581931194	-0.3142567716854982	0.8075911034707923	-0.7056008777271634	-0.128432736019034	0.2051847975242998	-0.1305989921758064	-0.1590763245569647	-0.0699368351451786	0.0296924124707547	-0.2042871441275535	0.2318712121887114	-0.174682786473461	0.0609534626337845	0.0880542193642668	-0.0543819110896912	-0.0228168396345862	0.0497090208831859	-0.0516588930317812	0.0480790148632442
50	6.152820811986156	2.2553631770794027	-1.313313247229176	1.4927821502041672	-0.5483074707937569	-0.251152466951242	0.1329432736350366	0.0115764083618004	-0.1894397680763154	0.3033199664742008	0.1288097836171234	-0.1851290545425046	0.2389263248324082	-0.0909468758460145	-0.1484946100128895	-0.0488555572942135	0.1153383448461845	0.0055308751499469	0.1151338111548928	-0.0652651754078294
51	7.880255421428576	2.274762056538516	0.4831478187643028	-0.2728030039351962	-0.5643582516901022	-0.1632839402582186	-0.084269274996616	-0.1850634695257753	-0.0391410063276362	0.1131150009986839	-0.076840278899645	0.1581126695977375	-0.0176648296361992	0.0227029788686591	-0.0205127791063439	-0.0676794335939335	0.099990532399661	0.0472780376464571	0.0474547573037608	-0.0016031198804319
52	-1.1633834848566982	-0.2679157980799539	-0.9190669825696446	1.1028788421183402	-0.1504019269182754	0.0541437364185768	-0.0372957947768539	-0.2963379228341267	-0.1477969961567625	0.2343706496837701	-0.2547631249023246	-0.0224275566607505	0.0154298654698831	0.0088857205276164	-0.0310102390195631	-0.0011071210286085	-0.0335917769401576	0.0268586478723837	-0.0100725613228374	0.0458076570317565
53	-1.808761253913405	-0.6607560087696751	0.0115613922038955	-0.0482985289845755	-0.022218250662178	0.214336779523278	-0.0606670604619108	-0.0764450045854891	-0.0030409546744116	-0.0316448193540821	-0.0132795842909501	0.0916257108046568	-0.0831192944441459	0.032511660498741	0.0541243561958648	-0.0819793205064752	-0.0052479771005855	0.0210229402000876	0.0006165541293352	0.0117866324970823
54	1.6815276322945818	0.3603463251879828	-1.0528210405275993	1.049464944785052	-0.0462528505217175	0.0237816623238157	-0.2321340138472229	-0.1772941085861287	0.2173802453772939	-0.0462502273377036	0.078459341171051	-0.1559316825619343	-0.0720005902528881	-0.1292367539953749	0.0313880956922698	0.0760745380476761	0.0476958519867055	-0.0047883585225269	0.0034432557574539	-0.0215820611297861
55	1.18003686463225	1.1907067799351545	-1.498765877149672	1.3549289417975423	-0.0426179711037673	-0.3955369742247164	-0.2385134553394438	0.3069745178711607	0.0979980296505006	-0.0020842329904972	0.35604870043539	-0.2823884059900304	-0.0338290339859227	-0.2598876763707108	0.0073722596323865	0.0669189323777029	0.0238200311052942	-0.0576318023409442	-0.001645779672433	-0.0440693413349579
56	6.002120686031575	2.073917909218795	1.892227956196309	-1.0585904424839545	-1.008820276848011	-0.6669722553369336	-0.1382383434422153	0.4286053925081952	-0.6257303982336129	0.3653072975280748	-0.0583590681382641	0.1118396465002359	-0.0462349089459749	-0.0571765503670667	0.0594323152230277	-0.069275476876218	0.0440895638161998	-0.1387492088714929	-0.0888990441009751	0.052342201255092
57	-1.2378582029379293	0.0432744324623705	-0.1666428812615484	0.07969000813862	0.0786386770358694	0.0621302932376571	0.0786314120727648	0.3679113025853529	0.2141017764085062	-0.0617445434048161	0.0423126213663931	-0.0207234964154567	-0.0379121612468935	0.0110475381806603	-0.0618148715645649	0.0334615190055611	0.1225104432287178	-0.0288892857382511	0.1068493321534442	0.0177551931337703
58	-0.1201043257702369	-0.0126869457796394	1.9234819401784549	-1.617353560912704	-0.1104614920719378	-0.3864071463264439	0.0110228219892786	0.1851903516568119	-0.1317912561498139	-0.0940472562114552	-0.0235231388522369	0.1726830613784183	-0.0955161777633761	0.0763104309576109	0.0967053334292427	0.0033953535230201	-0.0609994100588296	-0.0804636652030305	-0.0352682242422752	0.0453921881048747
59	2.4782972229785094	1.4410642816774388	-0.5406360710888738	0.8595424846143642	-0.5682904900572204	-0.2006580387624878	-0.2065061567267702	0.4016083925487378	0.0908403887586958	0.0710300360644121	0.1895272605685359	-0.0186969109897285	-0.1517542110042802	-0.1264120693638542	0.0305508988425553	-0.0219529196461354	0.1537330910680104	-0.0931278818368141	0.1171801041230782	0.0217490510945243
60	6.162862233022147	2.158825476003711	-1.0458985493656354	2.1172321865889265	-1.1416285199127958	-0.1552959736258914	-0.2753664825573719	0.4542683587615068	-0.2498088342729641	0.4629695179225232	0.2507030904728469	-0.2393134155279489	-0.0529052631775607	-0.0415854436154309	0.0126180999871848	-0.1278981597587239	0.1217048286619873	-0.1318088491738394	0.0281757194899817	0.0248416190240427
61	2.6715719445067747	0.5117563487276298	0.7867138041275198	-1.0304817471251462	-0.0651408679205766	-0.0249126197125278	-0.1679240513585088	-0.0100563552723856	0.0105242656722499	-0.1616724283934354	0.0142040173581646	0.1361910473146809	-0.1406181599165025	-0.0449254919619608	0.0911279916164053	-0.0486175442980836	0.0653693383045542	0.0383876009009464	-0.0712152024762127	-0.0155473895191355
62	-2.8813330213964394	-0.5590654048166893	-0.8688292109965162	0.6178113059320578	0.2568087596384287	-0.210422336959563	0.1235965371349705	0.0405342060812862	-0.0620918643574432	-0.0495029957265496	0.1630974299797854	-0.2288883208727375	0.168641631310957	-0.1427285964996669	-0.0183043129452085	0.055390837004454	-0.0438274822949419	-0.0072013855506357	0.0126908688902458	-0.047647381192376
63	-2.0215709498613883	0.0342474313847555	-1.3393636120260624	1.260329624131486	0.0098348599837953	-0.2452779473393973	-0.0785938676021387	0.1498546256125016	-0.0946406686756686	0.0822785372829799	0.046980295103792	-0.2544490667427377	0.0023102020273556	-0.1846156907260985	-0.0546600174934839	0.0829471547123182	0.0402206052595235	-0.0823366540873416	0.0319509481621672	-0.0269146328313187
64	3.489135112945178	0.7906907722853833	1.1413222294492102	-0.8598507904189487	-0.3877071415946771	-0.0466870489625547	-0.2339636614688967	-0.0627445417247855	-0.1376655352431356	0.0965040253709151	-0.131862379416784	0.1772528353746445	-0.147985701999525	0.0123284503410616	0.076175252362644	-0.0648655353062594	0.0121394485205905	0.0047063813934412	-0.0815882277189544	0.0392841458336639
65	1.1289918740631055	0.4332323738881056	-0.1593733086399401	0.1196471089124101	-0.1071400618282781	0.2199380864229758	-0.3334076812174938	0.0950320667833571	0.0635308559645114	0.0813374764753581	0.1685830191922781	0.0059106586859326	-0.1761143347961244	-0.105545596615842	0.0375252596626104	-0.0049835910676195	-0.0280650676110607	-0.0117868015753636	-0.0815387514115264	-0.0114000382297111
66	5.850423104893508	1.1069016205941054	1.4430108277637868	-0.8721523928845478	-0.8705964846018452	0.0757387838682243	-0.2481226250500639	0.5032002349183164	-0.248574763755508	0.087656121482033	0.2649925257779382	0.0678679442508174	-0.1359721433748951	0.0569758830027696	0.108667051229329	-0.2035782278494853	0.1278228776334734	-0.0567170202075265	-0.0713795827174406	-0.0067055928454888
67	-4.2610284993999885	-1.549737800831646	0.5648964415000447	-0.5553147490699519	-0.1409948018796276	0.4939946042936426	0.2014270869619475	-0.1978514523973044	-0.0618933139720841	-0.0377803802845255	-0.2541085374576327	0.3693902664902307	-0.0506239758687766	0.2046659651391615	0.0278440787119908	-0.1319461534808036	0.0161179016813016	0.0747842703663528	0.1184967897459746	0.0566252441695323
68	1.9372839329036209	0.0503943072006914	-1.2374563376998713	1.1442524402446443	-0.0485634190151074	0.1377699561703201	-0.1565639750524466	-0.3611218837626015	0.0888070992785686	0.0886429979086307	-0.0248386244569656	-0.1447782805470224	0.0689441785819457	-0.0179079914845927	-0.0844781110054936	-0.0133428729790302	0.0138428438335774	0.0282504977504542	-0.0158210640427735	-0.0150888395108392
69	2.0771573284638167	-0.7265705395501806	-0.9527149416478536	0.8152513301993334	-0.3771420040659572	0.3642585608119302	-0.2191984365327731	-0.5313755377277971	0.1546890539647214	-0.0958683130686096	0.1050188434461427	0.0589397916139561	-0.017725732030932	0.07177776323364	-0.0237086783036339	-0.0706592989667975	0.0236403540773883	0.0218995263403913	0.0367135450799317	-0.011832962691243
70	0.5825027060652878	0.5748088298992144	-1.0304803945706775	0.5061331979647699	0.1343569245714947	-0.0015940497414278	-0.1838707086037528	0.084240092904902	0.1357904828585902	-0.0484375860963378	0.1025508980392697	-0.0384053890303166	-0.1027815394638987	-0.1705200333259751	-0.0674107423012173	0.0745212702711602	0.0634057669446858	-0.0362563622484095	-0.0013322569481708	-0.0430996676426401
71	0.1350058610290378	0.3233922131602328	-0.9432528872353492	0.4393231288647362	0.4742954007393412	-0.1337076392890704	0.0993319390827483	0.0819474549870774	0.291433187454985	-0.0539400898225073	0.0787127809959214	-0.1638185390300115	0.1367205711587086	-0.0860239229428688	-0.152311221037713	0.1203588650295033	0.0531798574590406	-0.0408772241894179	0.0236406975687481	-0.0189275113820926
72	-6.5117510073059215	-1.9500022339304144	0.5343458222309146	-0.3056470360716387	0.0346476209784921	0.6246131016306499	0.5732009015829903	0.0162949489914367	-0.1193857275768176	0.1741958114827086	-0.3213345762474427	0.2310738899157338	0.2003993776449122	0.2848773950505752	-0.0363676857129051	-0.1549012682430297	0.0243944577115085	0.1320221855448113	0.1371138906330844	0.0901853955094202
73	6.327133732863313	2.0862011967735827	1.2251792570237818	-0.3891890024561812	-0.7839117759322027	-0.2404249098526621	-0.1491641103090256	0.2478460873513712	-0.2180073904773808	0.3530749420161868	-0.035395772940286	0.1102763699065456	-0.0718777251097474	0.0440243427550951	0.031820900732237	-0.0946971552214514	0.0486664401746491	-0.058938871116867	-0.0303567007616066	0.0618485659392576
74	-3.6709361462384886	-0.9373391029801884	-0.3132920157292066	0.2544750434257822	0.2561122714338912	-0.107361066439611	0.2507749626313738	0.1311831575028239	-0.0557647234406479	0.0265790704148818	-0.0421793162365218	-0.140377006732377	0.1365237779045664	0.0119521073543209	-0.0912593551094341	0.094501756969824	-0.0086790565022065	-0.0561578575833135	0.0335645973191289	-8.404663926051547e-05
75	1.5084872478732454	1.398412006540116	0.7797365533274615	-0.6163643903703356	-0.1148576616176036	-0.2663031405267	0.0396205730597041	0.5512119918670575	-0.0298800230703553	-0.0164443269640898	0.0852820687485049	0.0458505055297729	-0.1082466377136311	-0.0718872951133878	0.0602504108115976	-0.0501133360520742	0.1305823563280975	-0.0633587339073736	0.0542179665475376	-0.0093854336988047
76	7.105609831994624	1.0551964298251193	-1.4748602051941322	1.7020513265480532	-1.010831408075735	0.2395421142847572	-0.5456232346602343	-0.3631198193615288	0.2189447761602887	0.0662505093654391	0.2455184853677181	-0.0150335451229061	-0.1675840736949107	-0.0798867594920006	0.0148350789832711	-0.0559792691567276	0.1485122086243832	-0.0153960805910589	0.0604832480110093	0.0029058372637871
77	-2.5410906987343105	-0.9686234613262132	-0.5294020331047132	0.4417267203408785	-0.0148554899234637	0.1883070624914692	-0.1392579289932159	-0.2173121252769513	-0.0602729793722941	0.0439227199835854	-0.1150366712881545	0.0281860375177852	-0.0851578287755254	-0.0330625416476373	0.0233574548639795	0.0435626013283407	-0.0597050567674523	0.0211547533399007	-0.0536759355168994	0.0263821842814664
78	7.324881077372444	1.8476703139010653	0.5392020897419781	0.2756920032573424	-1.279912620986608	0.2327088715262033	-0.1901581457756312	0.7003182897049524	-0.3476931027405836	0.3123442699048624	0.2632585967263849	0.0332971397786156	-0.0687551995359257	0.0858550497976979	0.0119156727540823	-0.2817833804167377	0.2245612184584632	-0.0718321388942622	0.0307471594282285	-0.002389456784573
79	4.742748602534394	2.384226808642569	0.0882311915325012	0.0593614702227688	-0.0890382597135715	-0.0740994375526041	0.1905428305612801	0.2257366041522904	0.1560879402104236	0.1600745010877232	-0.1456848167319975	0.0766313223659078	0.0530670499890661	0.020998757565631	-0.1214094791573878	0.025204426860981	0.1444783632564812	0.04161543369014	0.1445946216806203	0.0027220278613731
80	3.7948049879226415	0.96211234815867	-0.9894855820417536	1.0712624135927449	-0.4154711846356186	-0.2208445754542927	-0.3679466375055804	0.0294944993927703	-0.0062452774497451	0.0317188531796607	0.1606283487644135	-0.1644851555065668	-0.1053114463013467	-0.1508870453847225	0.0090979500122602	0.0157872999662327	0.075923585198341	-0.0904326756097569	-0.0345734860385055	-0.0176828812118708
81	0.4051707375588622	0.6717890330359234	1.2795259706377258	-0.949670723131372	-0.0910665914974998	-0.1206097599367204	-0.1241034874162957	0.4676604536014361	-0.0959830802073048	0.0231392022332555	0.0699823436563612	0.0188148142905449	-0.1920299479794239	-0.06748285008661	0.1556975825595268	-0.0434626643296781	0.04294490320099	-0.0420785576869998	-0.0785000494518817	0.0114725588237279
82	0.9934587597437842	-0.2169871755095873	-0.4895188945003056	0.3172835695650014	-0.0633266144315369	0.2712764322805042	-0.1300128556450923	-0.2663458256997248	0.2471740537577303	-0.1082234870218673	0.0898519068995245	0.043633481134568	-0.0403610248291866	-0.0107583067589623	0.0001732513753041	0.0055298724406597	0.0272788235742674	0.0337997588270905	0.0471182598000115	-0.0145251186514223
83	-0.906979794476984	-0.8261685621726944	-0.7600386468222052	0.7272278799089819	-0.2622526747476676	-0.0119557383606968	-0.0742768587196283	-0.3403824607191187	-0.2058039220582507	0.0375357319386355	-0.0799334157027838	-0.0229919844180313	0.0512920820259339	0.0222099392922996	-0.0421149145237441	-0.0524498539785509	-0.0253958974184029	-0.0075760066671212	0.0157644046297622	-0.0021368198805153
84	3.22372511195432	1.0130643293577408	0.3332709922623899	-0.2534097784466628	-0.0438580935577354	0.0853725328113535	-0.1196338937071215	0.0294220600794552	0.0612009294540199	0.0802831542481147	0.0174468201889506	-0.0247847891096018	-0.0180131647666971	-0.0192914827956815	0.0016100185942415	-0.0466721735922638	0.0257706733914354	0.0639634532371449	-0.0348571584668765	-0.0109739623712976
85	4.67912296423684	1.3993805539346764	-0.7578993876945369	1.0078439054415946	-0.1556572320453349	0.0166371356316217	-0.1845135687736911	0.0116579551729312	0.1389990332676884	0.1677194221981171	0.1486603217600926	-0.2225792567486088	0.0304804209541316	-0.0712528928491305	-0.0494729708906396	0.0352013260032631	0.0233599728056364	-0.0075370741411229	-0.0236508417107279	-0.029564819646081
86	0.1879160144371456	-0.1919963053647869	0.4850953477915998	-0.755528125827903	0.2626644172838244	0.0973709815835637	0.0226787410628019	-0.0835895450493148	0.0777398413326812	-0.1317847030833182	0.0400893715557016	0.063893933105283	0.0087271654049809	0.00342852398754	0.002080025992102	0.0354362523776075	-0.05075958609375	0.0287268060332794	-0.0387274133752423	-0.03460107762714
87	-0.6203903837588504	-0.1706736220031755	-0.9065814318823524	0.5009920243576289	0.2388675135272606	-0.0526139247586805	-0.0609345771799398	-0.1109814130287397	0.0652200163799266	-0.1671758393238762	0.0496922914383701	-0.1078438081945858	-0.0161047453021524	-0.1081698664772749	-0.0175850531897299	0.0695615262723302	0.0118008115159028	-0.0041746284225772	0.0058139537309331	-0.060229180993551
88	3.849858756304012	0.1603428276123652	-0.2276976289195716	0.1197176925840408	-0.2937202649271998	0.3962437010350567	-0.2460187502535567	-0.2921805334649496	0.3683719332463095	-0.125230729782401	0.1664452849756384	0.0495715942585366	-0.0723153927967407	0.0212720673499537	0.0177956895251545	-0.0526800354384206	0.1023249067619581	0.0844688782691135	0.0471896454482841	-0.0049900919107864
89	-0.4234579989221847	-0.4793981635042108	-0.6379305315738971	0.411812717045122	-0.2140754166003142	0.1734508295695062	-0.1992193107952793	-0.195208279207689	0.0122693397120516	-0.0261311800441708	0.1133778221589717	0.0251688047266512	-0.0672221480722743	-0.0829505552154904	0.0098278847988933	-0.0252689212350432	0.0095920304137855	0.0102604646310708	0.0111355103212324	-0.0140976452500341
90	-1.119191361270086	0.6479329568781527	-1.056316907713264	0.8772178628249482	0.0625712857357425	-0.3925353934627197	-0.1598211200365013	0.2823259621798052	0.0394526264933839	-0.0596050425051759	0.259004024406997	-0.2280628699753117	-0.0783465598040686	-0.2796907385490346	0.0552530483447006	0.1001869805527636	0.0238103754310582	-0.0559656206485947	0.0134247183819512	-0.0400357528418371
91	0.869832770771545	-0.8654875593763579	0.2101284575265194	-0.0339325307283444	-0.475782799958377	0.2062544450211456	-0.4550164486708539	-0.4158082045469883	0.007004463414893	-0.0278415980016866	-0.0559655163576176	0.1556209596492262	-0.2552862994144608	0.0169709655140446	0.1369165679075472	-0.0164328165318082	-0.0441371259817227	0.0077267384487139	-0.1121914674483254	0.0663171816273391
92	-6.145250862465223	-1.7474650072796103	0.7859468860835749	-0.6021062289677629	-0.1078441597679276	0.6503797479397517	0.4641425286834677	0.0383678234050044	-0.1302198595009774	0.0497295320049031	-0.2874385111187107	0.3347237109841909	0.0769865553793	0.2530707201221627	-0.0031760758655358	-0.1382820172660925	0.0287771237284261	0.1340191253576063	0.1920596251338069	0.0559779030784596
93	0.3317001781854338	-0.9365322542383612	0.8443878241025505	-1.0823041605273789	-0.1076107243919058	0.358503135379115	-0.3586231259308943	-0.0432983870669428	0.1560940735603174	-0.2078628539655763	0.1923957276037875	0.1237531480802349	-0.1923092163455306	-0.0011494082765936	0.1091873286109666	-0.0695604530056089	0.0031534073991467	0.0315157914274958	-0.1021904552619862	0.0088189180835302
94	7.911393266606415	2.5614916251230397	0.0984074959208001	0.1304040957271073	-0.497713004253503	-0.2305331511363268	-0.1267878028744731	0.1559556353821804	-0.0980052952953824	0.2398568293115197	0.1306223328580278	-0.0137234500953514	0.0262630935082733	-0.013954180725464	-0.1030458215890328	-0.0547256474979026	0.060896997873521	-0.0383036549915613	-0.0039765883289034	-0.031796775743852
95	3.3790811678784065	1.0691499311509671	-1.3298122488347217	1.2512353974203418	-0.1332167957808703	-0.0804405612822399	-0.165299029224085	-0.1807785946984009	0.0725700628239874	0.0999663700907054	0.0195710664907771	-0.1356646730195996	0.0082115902468824	-0.1102508655697849	-0.0633064649433945	0.0373419643339354	0.0491629383330595	-0.0131930983633682	0.0012243165815521	-0.0200322156320113
96	-0.9982520311214712	-0.273201291860731	-0.3804613150418892	0.282986535952673	0.2475754433010562	-0.1876754415038142	-0.1427523023990986	-0.1948617228734689	0.0590216911513251	-0.0043920008780262	-0.1050888936044598	-0.0671691809074714	-0.0868644168228093	-0.046114233814695	0.0033039260000091	0.0975034839865213	-0.0593755508332242	-0.0505365766003402	-0.0847847757656203	0.0219090000628055
97	-7.797787896500544	-1.4503449543207616	0.4254876842296287	0.3751244519293601	0.0703943588986072	0.616183060901508	0.8783740922475355	0.4063487336015274	-0.2248123725823422	0.4167939662580902	-0.4818468291819513	0.1226460251184654	0.3229088888617401	0.3507805015186727	-0.0575746514487407	-0.1671939838707132	0.0576831359719203	0.1226167120287531	0.1959608118348723	0.124535348196488
98	3.4989296932610583	1.1141373515635666	0.0361037483677441	0.3188872244667369	-0.5649356270749467	0.0469252447608388	-0.2086672264100347	0.3831466646006216	-0.0312090904290361	0.1368020280450612	0.2277567456484903	-0.0548725243798299	-0.1048614002373233	-0.0691860998696485	0.0363904786387942	-0.0649629168908232	0.116444505392694	-0.0546437283118466	0.0052531338703062	-0.000260338459764
99	6.409598992528988	2.4473051163120347	-0.1349458880775955	1.1416587576811406	-1.1561038740775098	-0.2059541390932963	-0.3524658047732416	0.2570925043869031	-0.3185015200122114	0.5343258092840366	-0.1263803951657706	0.007947000058163	-0.1270465875729116	-0.1010496399876975	0.0269683776420381	-0.0099831998012826	0.0720183642751798	-0.0565485379302628	-0.0188879993759893	0.0938112863560509
100	4.059362970127373	2.2267458034025127	0.5557710739324238	0.0923659250638718	-0.6169746213290412	-0.3337313647322209	0.0989662550489863	0.5918436742334284	-0.1829631617580984	0.3317004090553919	0.0273258023494229	0.0851624598644152	0.0015555761301023	0.0449986620231211	-0.0545872351524803	-0.0876845226952239	0.1054445012857597	-0.1021336376384894	0.0885255346543383	0.0516255167034091
101	-8.323688448058016	-1.5428766139945085	0.7552661985564344	0.0417105283471015	0.0365078577514876	0.7341675460137492	0.8562231187656657	0.4664877049350641	-0.3707871359943939	0.4504625801976971	-0.5317597768575174	0.2188266262875597	0.2966631258224277	0.3809399756405947	-0.0444146570035089	-0.1930645192405778	-0.0107524060914949	0.1660676466974123	0.1546610579412199	0.1261082904446942
102	0.0326932085720341	-0.8341607382715277	-0.7514574849922875	0.3127084407094648	0.2005660840653766	0.0122045675744586	-0.135557649067976	-0.4079456645748947	0.0695497639826013	-0.1841851282564622	0.0014852146128894	-0.0570451960966433	0.0125531700822599	-0.0076267991461903	-0.0395235457293533	0.0652084437565904	-0.0584568289041707	0.0047489572927989	-0.0654026196626591	-0.0360537015534058
103	1.8120207445858112	0.2480889974519151	-1.4547132298449463	0.9479486425174038	0.1215834925987436	-0.0025325467309664	-0.1177734611318127	-0.2975641765560642	0.1431935950291266	-0.1083796962216756	0.0722338009915032	-0.0939250188344864	0.004336043062099	-0.1039769339931111	-0.0812946733191356	0.0828203578043196	0.0314557658734871	-0.0162520525310574	0.0010774967823961	-0.0625720043341379
104	4.106761686878266	1.7048777734800369	-0.0736550267419046	0.2416427150212564	-0.3526003473447537	0.0939175879592193	-0.077387031546045	0.1091462447125594	0.1095584367540764	0.0957005135710857	-0.0613431528202086	0.1080776541881775	-0.1074255293932667	-0.0330936161440628	-0.0245056805275254	-0.0044178333731359	0.1333515031726607	0.0265087668338309	0.1038959907906132	0.0030858943905136
105	9.474913490778636	2.8133907604957216	1.7381922215703918	-1.1332164808401963	-0.9499333024183118	-0.3483819990052189	-0.0856598113668803	0.1033163821055492	-0.2646198927381892	0.2589099547936418	-0.1459043962002882	0.2771425377991683	-0.0522528285524428	0.0399608690054486	-0.0096390132956814	-0.0550915418661843	0.1158712666270622	-0.0286576322469869	0.017400385482799	0.0404293262631657
106	8.109781337359012	2.127606882539154	-0.7832872906474801	1.2851272773914215	-0.760004097166211	0.1641851325198731	-0.4159957389633334	0.1736417744977174	0.0492606648089961	0.2807139408430408	0.3294714915263539	-0.2341672221669012	-0.0526836282485103	-0.0635490100612141	-0.0234169416444764	-0.1375131574644245	0.1289908238547647	0.0017163244890692	-0.0153768239135421	-0.0373662612747468
107	1.0009562646606558	0.2702243782498765	-0.6772318928533725	0.6384144640138374	0.0470195584338479	0.3107586707091245	-0.1980813706600376	-0.2248785608354849	0.2394273535312545	0.0386194840987728	-0.0624398150581202	0.0179755354957371	-0.1187235066350042	-0.0306632886217273	0.003982148974977	0.0145432358314507	0.0218038168853722	0.0439116346886619	0.000970308127619	0.0064661914374902
108	-2.108702565725654	-0.4082989024964167	-0.0814666673499289	0.0595877075728121	0.0977119514488415	-0.3388146913631248	0.1059763694976551	-0.062384808587384	-0.2390872879865339	0.0269927229183935	-0.0667007263047591	-0.087280518089892	0.0617469072868792	-0.061039788015609	0.0107532810573919	0.0425129581804731	-0.0484695866643799	-0.0469099041733229	-0.0323101371951591	-0.0084490163862546
109	2.322104093157712	0.6153727551881305	-0.5197561211346158	0.1478456535579832	0.1667176582209635	0.0769833143317154	-0.16176468668249	-0.1276220522757093	0.3001495292959608	-0.1615375894330986	0.106727693798233	-0.0109523952514799	-0.0893054727035041	-0.0736623989090708	-0.0237741285870759	0.0631765660883317	0.0437208577100209	0.0166072872479267	0.0171827348010573	-0.0440445356869912
110	2.8058140015846327	0.6993235301490257	-0.6888789226440682	0.4478359895535472	0.078945894138496	-0.0197617968690489	-0.1628148049147328	-0.1897188103872499	0.1765336750328986	-0.0988484320026435	0.169752882782089	-0.1119083156386475	-0.0239187733691029	-0.103483074469928	0.0026348540381758	0.0449578217562856	0.0022941248641074	0.0265993476928922	-0.0155890776856617	-0.0597730217477065
111	-0.9705927144923524	0.0996974280528632	-0.9439690052594186	0.8354072587021463	0.0453584101136587	-0.3709186620175798	0.0192334623789156	-0.1284961247303331	-0.1066158758558132	0.0899618853438611	-0.0490303042536607	-0.1206227626044843	0.0509738876254481	-0.1135872506586916	-0.0733349821605322	0.1144417572311517	-0.0288999163226837	-0.0885273796645044	0.0090563920421127	-0.0058639910116576
112	1.8273846509399043	0.2075849650742697	-0.739346383451777	0.4934192152147582	0.1707692585275562	0.2480772247878681	-0.2126470905905076	-0.3185111882115404	0.3027909963730081	-0.0651190172642753	0.1458191830632446	-0.0643758556784631	-0.0386109789347621	-0.0651839581268746	0.0077673556294533	0.0035551451960034	-0.0197476643838016	0.0572887423108066	-0.0270834102312617	-0.03823403323863
113	-2.5363408100282805	-0.4393737540398351	-1.1564031951151978	0.833271688195869	0.2880358417520383	-0.0686719779337678	0.048628658153812	-0.1593166244415919	-0.0972769725115074	-0.0193804471555911	-0.0953480973072952	-0.1639614522743514	0.0982492892800542	-0.1068833714245126	-0.0500382143561971	0.0599356513063742	-0.0385836959683902	0.0553408989281225	0.0089714170908887	-0.0429376344205809
114	-8.687794610072713	-2.3617047634551653	0.9326457607504088	-0.4802520248048261	0.2445987585134155	0.8424134699539126	1.0442937716329337	0.2469737313047124	-0.2450805274473499	0.263071637106613	-0.4843227871803005	0.2555399334538651	0.4573827981084041	0.4998115321295117	-0.1365061336816806	-0.1837411900373911	-0.0362400587811237	0.2144696710895893	0.2122122256968683	0.097115106621533
115	-6.621346756730846	-2.238936514587594	0.3472628479344999	-0.3026751076807428	0.2275966513635649	0.5300697031880164	0.5055925085589763	-0.1281160642718732	-0.1515937763421992	0.0313492954764329	-0.2374892761080203	0.1539536590550851	0.2297235156832379	0.2630289171279933	-0.0227824196618912	-0.1326065882207313	-0.0731591622130448	0.149026738349865	0.0864132653985843	0.0373382917987264
116	15.27827258353782	5.2538837820574615	1.6296078688054494	-0.0608834099073724	-2.002396153176176	-0.4093174816159623	0.0963014938147643	0.3942919000649131	-0.8453896053363331	0.9519817107574216	-0.2857296850856686	0.2804946696980119	0.1299241020584589	0.1370185227509889	-0.1692224698527769	-0.2353596082411813	0.2155275052357994	-0.0518263211124449	0.1289806295235346	0.0432710810123174
117	1.943956237447834	0.4219159884666478	-1.1952761582342202	1.2456940804086942	-0.187353043282214	0.0416226695563049	-0.2993828396624916	-0.2046021996383901	0.1043137036061283	0.0973386844654567	0.0579760895108988	-0.1371330844226174	-0.0915509507670391	-0.1165221702545139	-0.0087891543090398	0.0249149901424575	0.0377306459015546	-0.0433064862807678	-0.0213456333396352	-0.0103333405348212
118	3.5611894314951003	2.1980327614658184	0.2173288053465397	0.2469928889654466	-0.5578155512127222	0.1090693922482401	0.1156676009535227	0.5314735015351216	-0.0506284713486178	0.2235070935062702	-0.0776337144203416	0.1859440063915841	-0.0711276571224409	0.0208367129452537	-0.0165927455596666	-0.1083058658471922	0.1960160147689238	-0.0002273581629273	0.1716747503610285	0.0275418354032807
119	-2.7403837416931576	-0.6932586851142264	-0.1577280819622683	0.2996351537926135	0.3200120105355686	0.2010396425544065	0.4232667352236386	-0.0996930179191884	-0.0506765702259254	0.0991920511982133	-0.3150913240438369	0.0113282164986381	0.2236929130404278	0.1980221392522463	-0.0708631716843398	-0.023403152623719	-0.0472608588152613	0.1104462471801304	0.0468128932202595	0.0349062921770496
120	-1.2402220222522162	-0.7961845556755879	-0.7574004654099672	0.4919975301506558	0.2964224274045463	0.1795732583321089	0.1866996078520804	-0.3243303245486143	0.0598132434700102	-0.0277567709485055	-0.0865226970250159	-0.0522833603415011	0.1941900237681951	0.0808334135308571	-0.1003928576815004	0.0107641625967988	-0.0501270883226056	0.0683512865039661	0.0210724058257662	-0.0208239109026638
121	-5.2639951260001805	-1.7390422297012031	-0.047655926705338	0.3194915919929608	-0.183152435918807	0.5132252948179643	0.0956502203054285	-0.1919258794459009	-0.2077642644805347	0.1360889417251927	-0.2352049685536942	0.2132170236769037	-0.0223050567325766	0.1592156852383743	0.0634913192712128	-0.1232162900518125	-0.0904794380335415	0.0872596092769583	0.0257289349649515	0.0668634836565696
122	0.9756769904769512	1.1038834161328588	0.2603896852587525	-0.0867559175460545	0.3026545595787345	-0.2937748921616404	0.1400013786392725	0.1056630010847767	0.1750924314316094	-0.0644195280515387	0.0462820851408899	-0.0826523677176759	0.0185654370128696	-0.0352720806075679	0.0424005929452039	0.0495699929053757	-0.0010009693587042	0.0042527947092595	0.05890848194053	-0.033269585696223
123	1.9577577358696845	0.2655458464820649	-0.1784121804437485	-0.0272218597398792	0.1661602453906228	0.2021736254550585	-0.0645969428378633	-0.263356262569986	0.2939046089397598	-0.1142687308849853	0.0088529917575031	0.0164403092754564	-0.0211883513409803	-0.0077072725239065	0.0052648479103319	0.0186713697740422	0.0361013275000161	0.0801238569098546	0.0151856923835326	-0.0223386265387028
124	3.3650393527495406	0.757970694576573	-0.6019885788191803	0.3043474760821438	0.3723827614786945	-0.0134953744447327	-0.0234909294801544	-0.2733489961897374	0.2387336218507077	-0.1069798248536482	-0.0650923762216781	-0.073055037349092	0.0470454543366941	0.0255825292710481	-0.0794441967376826	0.0552985969134454	0.0035763945260379	0.0392288390514792	-0.0297360151211758	-0.0464708871867028
125	1.2353471237799605	-0.0462646292934446	-0.3988005763435429	0.0522289998822886	0.344794002130092	0.386300773323987	0.1814010134017986	-0.1690631837811441	0.1240432248860576	-0.0159031444608846	-0.1033853604933069	-0.0072766233207429	0.165290929864748	0.0934397314691679	-0.1301993662742818	0.0221280136796255	-0.0011263492639602	0.1083515076541757	-0.0049462194530556	-0.0406310876712626
126	-0.1424718006969724	-0.3192533430775969	-0.8537987958340156	0.690217270023095	0.0632412069979007	0.2319203371392396	-0.1557126300687642	-0.2220432617413736	0.0824465855949537	-0.0667802985639967	0.0682590372386075	-0.0615098889643448	-0.0434798375143643	-0.0318496161060208	0.0027818053615788	0.0060924528528219	-0.0435739907238279	0.0433977983357186	-0.0081246783053924	-0.0427016126678315
127	-5.423977190136938	-0.9016971723011972	0.4527668695425186	0.0998264269519715	0.2955237283220594	-0.0119633383301305	0.6766174254136695	0.4376883755844091	-0.3641636974165068	0.2788702710531829	-0.2480159524273822	-0.0708897344248725	0.3051240433960056	0.1882381137593635	-0.0655106791519533	0.0214087700727522	-0.0948092864638766	-0.0258087336523726	0.0149983898672958	0.0415840619479933
128	2.06045763051763	-0.390810733138857	-0.7821216124680664	0.2794891886630697	-0.0193933213162492	0.188940549103925	-0.3070277402749664	-0.2666189760567853	0.3975177584515153	-0.3169749913139248	0.3684921198564505	-0.0026681979727498	-0.1088407846165073	-0.053298584409032	0.0318037713415987	0.0093525799153519	0.0250229132735605	-0.0067474637480514	-0.0111362526220027	-0.0404488421397124
129	4.519867976960671	1.3242084501017128	0.6046825045999984	-0.7696408785460893	0.0577763951151848	-0.0242611569380815	0.0931599506504873	-0.0463259267175157	0.097119792780865	-0.040720396350496	-0.0260888758308513	0.0986493021900737	0.0780898856629951	0.0262390791096103	-0.0615865828631992	0.0323595596961406	0.0205352930200809	0.0712852141339038	0.0143341531724324	-0.0297360313205124
130	3.0026234123536115	1.1821736931689244	0.1053161172280821	-0.243205110635311	0.0582317898277397	0.2614595427916701	0.1662563614413486	0.0730193551913314	0.2168831708678603	-0.0283163244888738	0.0227456296316786	0.1083833316275087	0.04354507246955	0.0496852524065345	-0.0728948183541757	-0.0130130669866354	0.0860689899513556	0.0900835427094085	0.1153608568007628	-0.0424877080166224
131	-8.123358314921049	-2.2282644395253555	0.9273607625387388	-0.6200980309642412	0.493148538376957	0.4384287485244107	0.8634193467623539	0.2557275862644524	-0.2403751230478783	0.1662473666434052	-0.2008463498523567	0.0177616442104192	0.4362176480186785	0.3198573491232619	-0.0802384930223283	-0.1012840882275166	-0.1137248851156868	0.1218873384461089	0.0870240006335235	0.0333056853128901
132	-8.826055560690525	-1.9604459149215925	0.4801745407476221	0.0703700316301583	0.2893543697731111	0.6281068972830097	1.020635867115404	0.4195856238004433	-0.3478242111480663	0.3272742295817428	-0.4999204775709411	0.1078150526868484	0.4387767476396996	0.4168487783947319	-0.1193762378068276	-0.1486947741241799	-0.0199230171741214	0.1684941445788914	0.1701512745179871	0.0897737900785699
133	-7.025552746424069	-1.8607019500317483	0.9804577607073924	-0.5423914687908223	0.3937103031116309	0.7694781602081647	1.0499612039711022	0.2689895089568763	-0.1598302919907025	0.2676493850025568	-0.5698927692113013	0.1937097893207436	0.4755943737856865	0.5162802160399899	-0.1832589903313389	-0.1204707113292379	-0.0180563421551068	0.2280114065057784	0.1835684219904219	0.0987119641333616
134	-0.5480319551769834	0.2279517672144398	-0.6692099250826938	0.5888989585965819	0.4768419111832364	0.0740635915175679	0.3750155267845727	-0.0039022676473879	0.0061209883231347	0.0717926483236779	-0.2268528118017271	-0.1310700464301058	0.275472388303856	0.1007046328074094	-0.1590301415780228	0.0469159961431045	-0.0350520084229798	0.1040912479641676	0.0528286944929016	-0.0292012660296685
135	0.1895655461163869	-0.3951217357138003	-0.9372031217669472	0.5052285460785229	0.781024903880655	0.1135733782321489	0.1510207620648175	-0.1357234109001616	0.1873666479440861	-0.0365318689029777	-0.2119385630033956	-0.2449894933690795	0.2450455113508997	0.0995386612770183	-0.2040866103004657	0.1529353588158245	-0.0780743065191375	0.0897524759959349	-0.1096032934556189	-0.0189054644644238
