label_id	PC 1_shape_TFOR_pca_measured	PC 2_shape_TFOR_pca_measured	PC 3_shape_TFOR_pca_measured	PC 4_shape_TFOR_pca_measured	PC 5_shape_TFOR_pca_measured	PC 6_shape_TFOR_pca_measured	PC 7_shape_TFOR_pca_measured	PC 8_shape_TFOR_pca_measured	PC 9_shape_TFOR_pca_measured	PC 10_shape_TFOR_pca_measured	PC 11_shape_TFOR_pca_measured	PC 12_shape_TFOR_pca_measured	PC 13_shape_TFOR_pca_measured	PC 14_shape_TFOR_pca_measured	PC 15_shape_TFOR_pca_measured	PC 16_shape_TFOR_pca_measured	PC 17_shape_TFOR_pca_measured	PC 18_shape_TFOR_pca_measured	PC 19_shape_TFOR_pca_measured	PC 20_shape_TFOR_pca_measured	PC 21_shape_TFOR_pca_measured	PC 22_shape_TFOR_pca_measured	PC 23_shape_TFOR_pca_measured	PC 24_shape_TFOR_pca_measured	PC 25_shape_TFOR_pca_measured	PC 26_shape_TFOR_pca_measured	PC 27_shape_TFOR_pca_measured	PC 28_shape_TFOR_pca_measured	PC 29_shape_TFOR_pca_measured	PC 30_shape_TFOR_pca_measured	PC 31_shape_TFOR_pca_measured	PC 32_shape_TFOR_pca_measured	PC 33_shape_TFOR_pca_measured	PC 34_shape_TFOR_pca_measured	PC 35_shape_TFOR_pca_measured	PC 36_shape_TFOR_pca_measured	PC 37_shape_TFOR_pca_measured	PC 38_shape_TFOR_pca_measured	PC 39_shape_TFOR_pca_measured	PC 40_shape_TFOR_pca_measured	PC 41_shape_TFOR_pca_measured	PC 42_shape_TFOR_pca_measured	PC 43_shape_TFOR_pca_measured	PC 44_shape_TFOR_pca_measured	PC 45_shape_TFOR_pca_measured	PC 46_shape_TFOR_pca_measured	PC 47_shape_TFOR_pca_measured	PC 48_shape_TFOR_pca_measured	PC 49_shape_TFOR_pca_measured	PC 50_shape_TFOR_pca_measured	PC 51_shape_TFOR_pca_measured	PC 52_shape_TFOR_pca_measured	PC 53_shape_TFOR_pca_measured	PC 54_shape_TFOR_pca_measured	PC 55_shape_TFOR_pca_measured	PC 56_shape_TFOR_pca_measured	PC 57_shape_TFOR_pca_measured	PC 58_shape_TFOR_pca_measured	PC 59_shape_TFOR_pca_measured	PC 60_shape_TFOR_pca_measured
1	-1.545855247488	2.5449607478907827	2.4695568303794304	-0.8964585610586708	-0.5180762399687912	-1.8983216041860187	1.00703405848057	-1.80413513015782	-0.3959921215844473	1.8932571045101847	0.2035751838614549	-0.5548624209110953	-0.3531159452292527	1.2120185064715967	0.1816579837610385	-0.4646102151940783	0.5282554878025535	-0.0557604635870374	0.0695341168159228	0.5156169967933171	0.8163945086771964	-0.1004895131812983	0.4744455771289582	0.4629224768564311	-0.5043161627807158	-0.2930837081056033	-0.424586857814334	-0.0246579126488717	-0.2657659124622817	0.2848675214026394	0.8798714609517172	0.0302934576571562	0.6477282310692962	-0.1653183358081939	0.1488915973482146	-0.1059650193457648	-0.0711154224616685	0.5521425412873161	-0.0778746005309291	0.1115306134681519	0.2548608628375544	-0.275123735557078	0.2217716859244103	0.1702028805782864	0.2429197363375031	-0.1908873112315004	0.4639360868693161	0.211430628464207	0.1708205542884453	0.2407756417217395	-0.0287527677026316	0.0163005947650946	-0.0422353179552684	0.0434828967841293	-0.3176028157343533	0.1638090504957951	-0.2593573954591933	-0.1522709535218233	-0.0655630706158958	0.0388983100089917
2	0.0986748194776544	1.0677549582292072	-1.8820731839501648	3.62907330099728	-0.0389540638586408	-0.0481489449252951	0.3117785120001288	-0.2266397129328197	-1.029900109751548	0.1647747330145277	3.4640085575648976	0.1667471699256241	0.3991074959174153	-0.1373427322551098	0.1602814348268284	0.1446273876088699	-0.1005674564795017	0.9127561694688384	-1.2063304546631768	0.5907000198926721	-1.3823845906380363	0.0764858742386983	-0.0540782514170206	-0.4379049215762517	0.5452609557938064	0.2174713823177939	0.0951939027459577	1.2155808006224564	0.2367122185150069	0.3559850555530677	-0.0207984043445409	-0.2563827160598793	0.4635984897165396	1.093638013106662	-0.7039097832013219	-0.3079867037395599	0.005230406498323	-0.0836971811869258	0.1771005127523778	0.6214002734581244	-0.2093445741327869	0.1418244705274685	0.0949635356431786	-0.0079290993086578	-0.0763397237528717	0.3351435876213834	0.4547603898881099	-0.4294106783606712	0.1197016020157144	0.3728426109691198	0.2724901831454583	0.6059690852006495	0.1362263451233336	0.2632579369847443	0.0475668533744851	0.1462266374777338	0.0233967011209925	0.0134756114544859	-0.3374812493235942	0.1492672552809524
3	-2.9948599485825285	0.4323602305084028	-2.3366507988575083	-0.9952547201866984	1.7130443428198177	-1.1417219568694024	1.0722796204308314	-3.1465421240007525	-0.5063993813886873	0.0841097384598901	1.1817001793565378	0.9129665396698136	0.6083581697171668	-0.1697372198070618	0.0189989891741002	-1.1790269074010629	-1.4384822259056431	-0.9839744457444698	1.5928271858810088	-0.4637186054006463	0.1646331884574702	0.1726443684747648	2.12360559887875	0.7156871224947436	0.6430088257586875	-0.4113687382381574	0.0096122133770974	-0.3920054035813677	-0.1997958041519149	0.784519780871761	0.1227697667700063	-0.2016023498113341	0.2809894036712112	-0.2585699998401881	0.5773594111420941	0.3251933696667983	-0.2466298719813921	-0.5993244964491976	-0.3764071851930256	0.0773795343480537	-0.1742181838143469	0.6602356958941407	0.6695327811001851	0.0480479603572579	-0.1881379797340548	0.5260847377604014	0.3434703399799052	0.075758824513151	0.3289761582474239	-0.2591622025486557	-0.141646022630708	-0.2661153521704513	-0.3132349087720069	-0.1594170143192562	-0.0034932188885359	-0.0091575397497212	0.156499236399949	-0.0402641010027925	-0.2278575148514793	0.1338156483518667
4	-1.5544580109100212	7.5910874862576785	-2.968264276313118	0.1424716605065718	1.4494489588571906	-2.5200861369258973	-0.6843893644423077	2.8022076668768223	-0.7445243193637928	0.8021561998715343	0.5522265237956244	0.1122599961611173	0.2068959341743901	0.6426623092469614	-0.7189549505487159	-1.0129191716754813	0.1864262781641626	-1.4743883458804456	0.3932353316679842	-0.7758211391399208	-0.7646611943559821	-0.4479251701595589	0.3361229052108725	-0.6788885565011693	-0.3668308901347517	1.6574929302686674	0.1878124806180937	-0.2293347077157018	0.0555676912581286	0.0734795975072502	0.3417677506446032	-0.2604616394463437	0.6652652871480867	-0.0697487968737787	-0.4329931874558571	-0.012606606598067	0.7027776823112302	-0.2152804860114405	0.100092959300843	0.0666159570759472	0.0626437401245871	0.2602566124965219	0.0155284345618369	-0.0509930560842028	-0.0302270302978774	0.2886741009296565	0.1230790204115054	0.0528773296332431	0.1177373520622448	0.2670007368027749	-0.2692653600078558	0.0870280781320448	0.399366717170543	-0.0777752037187889	-0.0095118738819334	0.0240667671321728	0.1314081873293405	-0.0168250949510103	0.1003409381654016	0.0467395825682635
5	1.3889260135260522	5.435798290099704	-1.846240831040404	1.8008857411411598	1.97711506405003	-1.6184987559952286	1.0754049371817345	1.078108389055429	-1.1013282800099098	1.3400201210822509	-1.0096912316071036	1.083373487781098	2.228010117527644	-1.2265196755438248	-0.6396242634936931	0.1104287532981752	0.2082154944100694	-0.5892660954171877	-0.8974836004730619	0.1763176406906316	-0.2394962572065556	0.5749970052877946	-0.0761551901820121	-0.4229831745334168	-0.0159500634335576	-0.138548389020517	-0.4225615520985121	0.2914277314712948	-0.0838338091641901	-0.2065273729323971	-0.3964277940968704	0.084158540548634	0.2777075452249658	-0.5904275594216633	-0.1475422118142799	0.2762770114767612	-0.1585016614171082	-0.1763715025014962	-0.1116883888546339	-0.1454615045643942	0.048839780918184	0.2125652888864981	-0.2328853912555115	-0.3682780338717639	-0.0627206100356547	0.0328143855513332	-0.0091095721750151	-0.0296824407184346	0.0522991376375418	0.0568644354300503	0.0985130868014996	-0.1978540387258012	-0.0241934796784943	-0.137756624953717	0.0645491135584435	-0.005707358941168	-0.146691170096936	-0.1773712308152562	-0.1028972421764905	0.1615881825773958
6	0.7265177854209441	-1.2463001704719672	3.031574346332988	1.8239525521409348	2.1581422092998235	-1.1737814810634926	-1.9717051978740945	0.4138897486105588	0.4412239089583377	0.548879011053406	0.3075825534988361	0.8385233590926322	-0.92204154759058	-0.6907813798420528	-0.0519083521736995	0.2216671156300054	-0.1974822587124929	-0.5736184828199159	1.1832703515293617	1.0521193393728805	-0.8727384001537765	-0.6104769506101021	-0.1579145948059134	-0.2504223736802448	0.7437634351517667	0.7452242263850336	-0.1364743739795869	0.2187465749522855	0.2879727690783938	0.1919234405853539	0.6487946476156602	-0.3150870337212759	0.5173929755964125	0.6594600214095834	0.2278565441132314	0.4131320347894251	0.6014483346921323	0.5293132994840869	-0.4478709311602487	-0.0281396662492254	-0.3350023169100623	0.0112326409452514	0.3159884545672423	-0.1775097844349428	-0.282609831650506	-0.1543976297952624	-0.0270973433492134	-0.0216817370219475	0.2989602334391579	0.1869777754069443	0.1383973775457362	-0.1131397830176751	-0.3976886464819448	0.0801037355605902	0.0756657876139598	0.0656148606201829	0.2353264074615582	0.0515477539163063	-0.0794180178359534	-0.3638746930457867
7	1.6265293783200665	1.525959982542415	2.37312760909	2.3054740468447497	1.931115964344244	-1.6523445222682716	-1.0395324751806467	-2.3229829283300902	-0.7642224002269665	0.4450602032229351	-2.4300718808383657	0.1114407905011285	-0.9870367931130318	-0.9411789332660112	2.288401141188372	0.1751382014171137	0.4081783131820766	-0.3721118704517414	0.3843798687745129	-0.2968841023108512	-0.3761321047616698	0.7628710285512391	0.2017720270461038	-0.34950301694145	0.2509973838967021	0.4526230717584582	-0.0261870056401235	-0.7065893029690066	0.6726440850529164	-0.4806592656606199	-0.1347690098468051	0.0840524043637945	0.6342549376755452	0.1251037732473531	-0.379719811122962	0.1154067379260889	-0.231642578228965	-0.1231945445384721	0.0429258362772694	-0.2199663528135761	0.4512955314842348	-0.5390401057464173	0.2676859370206618	-0.0250087218162593	0.1277648813010684	0.1624009151872673	0.1297056719496868	-0.2769787002558018	-0.415539809121951	-0.1952801103327851	-0.1034874743203809	0.265861725728255	-0.1175018213592727	0.2456121380480646	-0.1275113732228474	-0.099059396554804	0.0315819192045829	-0.2128383637617008	0.0641048006414367	0.1083071851610297
8	-4.451967598679814	-2.0692774210336817	0.9126459739423172	-0.3601472950370408	1.6426739607908398	-1.184245149524224	-0.0486467024783672	-1.443823908741821	2.5948637626956943	0.9818296393679228	0.1756575819530604	-0.0867496760467479	2.313646729658486	-0.0967390922585894	0.4897513837444707	1.6302789252259982	-0.0195750651080673	0.0277453449970243	0.5582448435833101	-0.7196566188373515	0.9831812605592664	-0.6638171030410585	-0.0069239511033039	-0.0274155202719969	-0.1516134429254787	0.6880305758238834	0.0882131935891423	1.2788249384901158	-0.4104438709825402	0.1988428853902103	0.2802308527867917	-0.5023963522671039	-0.4249550863374257	-0.0246897168385663	1.004621703318264	0.0607831425796644	-0.0471527608455133	0.0221297828128682	-0.3938860040003751	-0.1421159373406061	-0.0839454383844617	-0.7377525227162899	0.2982848593005313	0.0647314514886255	-0.2384964436428767	0.5346667620214259	0.0871759817217717	0.1899036981336093	-0.4676677837070635	0.349493154857509	0.1180596349810265	0.2094044617543285	-0.1615274568321721	-0.2574790679327474	-0.0666218162128404	0.3263084217550882	-0.3468432928837274	0.1754768038794562	0.1624600114394625	0.2266769854442323
9	3.657937228556377	6.117058735764165	-0.849279733241142	0.4268070536694125	-1.172118535041195	-2.372289466097924	0.3854281296103389	0.3558925971493409	-0.4186902516059995	2.1657254796194194	-2.3707796168563817	-1.0196290216606183	-0.471973145142175	0.1116225651528775	-0.016842021326692	0.1381645406426036	-0.2537116109487328	0.3471540163553169	-0.6262036206964471	-0.4590542442931993	0.0702865550440959	0.5358283144416226	-0.1522352691480116	0.2131653121196146	-0.5588007305445639	0.2108382571520605	-0.3113865969213376	-0.5792361271174562	0.2032280351316324	-0.7150750336917884	0.4897560653817853	0.0973994578036147	-0.7136445970008761	-0.1189441882567916	0.34334315971262	0.0699630054912992	0.1797352019150589	-0.3749084327509003	-0.2046710448120161	0.3927436030950786	-0.5404941306207085	-0.0730045078871291	0.202171521724399	0.2836964184898497	0.0812021759215333	-0.0159992376649484	0.0908937358504888	0.0368772083860194	0.2120030263268587	0.1473337038765365	0.571787761362849	-0.3520519183767623	0.1239433815332721	0.0474200921482115	0.0903342775972587	0.1511860726199795	-0.1171805796678609	0.0897021482068076	-0.0644889252731095	-0.0969342375398362
10	1.3489367108237218	2.038414087420538	-4.139416815705292	-2.055439392292304	-2.9344520253065856	-1.924592083850842	0.4828413236301075	0.4939031014131286	-0.3999268853619481	0.1400979096178981	-0.0404645789619709	1.3922033968768492	0.9372020474006336	0.164157670628691	-0.8211320332432218	0.0048440330059776	0.1706270646827475	-0.058431909314117	-0.5140664135418477	-0.0077097943333327	0.0547511466390226	-0.6715756851627924	-0.3331735206101315	-0.0286119541824995	0.3173358482627288	0.7423531144723369	0.3940912948037551	0.798002481189113	0.4767218517855117	-0.0668448022438328	0.2985440245124343	-0.3329441739699343	0.2740698388348846	0.1441096638831054	0.2197464333487673	0.2090720270084573	0.1417150226873276	0.6244107772148015	0.0693535349526475	-0.0678625538380096	0.0349351806482846	0.1514840595187374	-0.2042729172826153	-0.1750833433529159	0.0872677922372886	0.2718132690879451	0.1154449958353415	-0.2637514275703108	-0.1703710241489658	-0.3381035695459111	-0.4590798474250768	0.4190009673258197	0.1921939441164312	-0.1188983045351356	0.1564519639018243	-0.2211095279912122	0.1794514991070411	0.1874973772178175	-0.1296723106839108	-0.1617591400134672
11	-0.5290577484722468	-3.975776723044018	3.1607394565339817	1.5424014253336846	0.6079507042599627	0.7811658809439291	0.6254974285782823	0.4696407060807946	1.1314053113129523	1.2281494280413208	0.912308872955638	-0.874836999178644	-0.5547946898291599	-0.5056451017005321	-0.3792465531140611	-0.2961253964156752	0.5514278873110587	-1.0943451895838294	-0.2371399336219606	0.239584668382003	0.319003154735162	0.2097726757652372	0.5422122225455455	-1.282737434725571	0.2256088161821797	0.8979530504462183	-0.1172110899597685	-0.6319100839773799	0.1490564930080125	0.8642771309345013	0.1195274825503847	-0.7446937896919571	0.5128816748694854	0.1989994069000834	0.6966630867926229	-0.3977268457350078	-0.3094566831199954	-0.1157460525590581	0.1203867639803367	-0.37224611105883	0.5316351608299604	0.4870934546449036	-0.082010372072017	0.31274498717557	-0.032211882880702	-0.1068142643690674	0.3895496247938153	0.350223844661264	0.0263695301562225	0.0076272972933649	0.2277233553863008	0.14602967656845	0.0029420616280203	-0.3845869454948356	-0.1103849564215373	-0.0267216713495705	0.1564163824786993	-0.0342910907416716	-0.1313241815802424	0.0893213347825691
12	3.0503001220732164	2.8763744708088343	-0.6716282569107357	2.2987946005538253	0.2639224549005879	-2.727727301888716	-1.688072957025102	-1.8573488296201928	-0.8324245541995707	0.2140577325859849	-1.6159183111272506	-1.0811071874017169	-1.4266641518750491	0.442357103886571	-0.5088699895406115	0.4268520367953436	-0.1814968271101852	0.1105117012425508	0.2412468779206488	0.3368522210468115	0.0436796037119101	1.456707931826824	0.2396016056551378	-0.2363768889588371	0.1361229227963319	0.1165690013921343	0.2933899608233909	-0.4955133538318351	0.0476562760089787	-0.5366236645496215	0.0385746592319706	0.1115763806779136	0.3512548236479685	0.2378820395932734	-0.0366597542619507	0.0868279719115529	-0.0195810813053776	-0.8026252540035451	0.0969882924842016	0.2856841936482795	0.0243996083896504	-0.1530925659607531	0.2612112493282133	0.0821677937555168	-0.1235746550367583	-0.1677814694341381	-0.2146311996778469	-0.1590845686601883	-0.0006297033940299	-0.0203681393108739	0.1476160388630319	0.3537795976920751	-0.0517569066656387	0.0576615456030674	0.0507736556323825	-0.1443754096116494	-0.0769440345559579	-0.0089795820637978	-0.0605842123488064	0.1584191794454298
13	-3.492002682493556	4.5646474562391255	-4.26990546100604	-1.656163387975876	2.932150869443643	-0.9433603968017182	0.7838722270414455	1.6523512394213682	-0.7357673834295442	-1.3362233678877842	1.7299255124112778	1.6844241257510018	0.2563151353228333	-0.0148917788015093	-0.2351293236062868	0.1625759193760462	1.3357904671983254	-1.2703082764997429	1.4088828780996072	0.4724388996494506	0.3807525627847	1.3310921080255658	-0.3824093834203307	-0.1646314484984074	-0.3211249369428963	0.6334508395201239	1.1925439874315986	-0.4706785594054798	-0.6998104206658255	0.2482091300688856	-0.0748159975992638	-0.2652347236560988	-0.9341728126952858	-0.319303947794208	-0.0825767250175841	-0.3074035164332211	0.3483860326238511	-0.5173122206265905	0.2265579858301531	0.8642580028516379	-0.4460835005530492	-0.3062284741851414	0.5691575462474769	0.2127983292887872	0.0872247908276293	0.5797340911195623	-0.08637533180714	-0.5004751849026043	0.3520140453302457	-0.0057684647512381	0.1609692307262722	0.1599524442620531	-0.0228262277245638	-0.3681464055810651	-0.0047707635274819	0.134801971143059	0.3127659603434113	0.0411182183951428	0.099376811910227	-0.1095293363474555
14	-1.1075351195607392	-3.2461730579470247	4.437030917469501	2.748383284053239	-0.6129138424622375	-2.792669957331992	0.1383504680352344	1.89614871107716	0.2943984802952028	1.6897656199819815	1.0361734304377082	1.0541508327307043	-0.2877833422286052	-0.4530252827113699	-0.9289095328437494	0.1585864296022379	-1.3001608781092304	-0.0771450031731889	0.1223815057843465	0.883616752558535	0.5383432936540661	0.353594770437287	0.2938321669250958	-0.2924857726334925	0.8937288362396546	0.2006786410585171	-0.5479840935656528	0.5071556381467965	-0.0594264799183023	-0.1996694969688519	-0.2177587347873282	-0.4086664145822744	0.0790094852799655	-0.2356616603987983	-0.2158457109100041	0.334194657181011	0.3274936838861437	0.004424186679205	-0.0734106841691921	0.202705292806005	-0.0831944669843459	0.2198612162573462	0.3268566212773861	-0.0215757815901401	0.0112798581355557	-0.0661057193567145	0.2722469186208858	0.2674742075102172	0.026680479925169	0.1304486267583054	0.2921791328620233	-0.054931777149938	-0.2619609501804767	-0.2190957756260491	0.2478300399021344	-0.0100092850432239	0.1381090930998868	-0.131767208915162	-0.1006953218432439	-0.0939959563915327
15	2.78023825438468	5.323821549539377	-1.2844774030153725	0.1443322443995395	-2.602149324374668	-0.6435887107145369	0.5912400915710825	1.3166228849331916	-1.897314078178033	0.111985054331552	-0.9454744378479828	0.9083593667707462	0.5769414236762654	-0.7705914908192725	0.2979062572861541	-0.2799037430585284	0.4527535825816429	0.7751487710654603	-0.9217127806502732	-1.2138226727856638	-1.3354355521361414	0.0850089199827508	-0.0570251957105834	0.1519494413081213	-0.6046288369356223	0.6494551206016235	-1.3668520555136017	0.6721203010463013	-0.2634978339666165	0.5042522910408831	-0.1342112890043532	-0.4420182361012368	-0.7274635329288571	1.1685901308834907	-0.2811645760066356	0.2992930377174387	-0.2801432710785356	-0.984233341258786	-0.1291716570980079	-0.5063342300982355	0.0534085642288886	0.3115752600017892	0.4453063954430489	-0.0542379624305059	-0.0489281810773465	-0.2472789572883865	-0.0003926043455843	-0.0933461818060826	-0.1248627082805751	-0.3336617944505004	0.2590356037587586	0.1622674010474637	0.1854251701270532	0.0487868136343472	0.3746884817523974	-0.1091983272439057	-0.1962584502696444	0.1753642909021732	-0.0385749109725459	-0.0182557165905113
16	-3.207022911744988	1.4114336783821595	-0.3366444233497399	1.0201643487079388	2.2751845787097804	-1.6981708201773122	0.0276363023058242	-2.2473749476493725	-0.0289159379494353	-2.4393662628543664	0.5381187022193427	0.5441260515962403	-1.6720778962534495	0.7384352149927024	0.3104802900303189	-0.9828230358557588	-0.4765694760269287	-0.3638738314159659	0.8978332745461987	-0.3822803248081757	0.539832406225154	0.9489106146309392	1.339448871198094	-0.9207756358840976	-0.0370053326826398	0.2821678971062363	-0.6009741445324378	-0.6572286686657849	0.1431841091397253	-0.0315802430015045	0.1973930822541372	0.3711384104420548	-0.2501041076359939	0.0435866479380251	0.2008041013296017	-0.475961799187085	-0.0999015140208625	-0.0095312564146636	-0.2193344127275263	0.7086336966522542	0.3006715049743427	0.0928634988430055	-0.2507394183633091	0.0548358741320588	0.4521951982240626	-0.186400629998587	-0.2262738134664606	0.0130477546105688	-0.2870774988063149	-0.0295751271362504	0.070269034058994	0.0754977434073472	0.1048087803346074	-0.0574537599831037	-0.3284617302788205	-0.165542343206577	0.0548972753193784	-0.1984272641457564	0.1719051636372392	0.1543511955019967
17	-2.9999355423994043	-1.3626824599488772	1.0519358524979814	4.6353066776806	-1.7014829175431427	-1.4524639327452913	-0.0211198924862867	1.626650621378192	2.59150991521318	0.9073852244594196	-0.4091884552280357	1.175359320750654	-1.014268761071594	-0.5457271290169495	0.0637252122134263	0.314061174464241	-0.3311317168916456	0.7485976643677856	-0.5444580508020797	0.2643221316034697	0.0126258310492129	0.0150623222757949	-0.2766021130088095	0.353714588485426	0.3480923111133576	-0.0213628590491224	0.1122309125558238	0.6535988552921319	0.4310046276678341	-0.5501477603094636	-1.181145410334143	-0.1367066077258127	-0.2506387557923126	0.1723566307377428	0.1582019577977965	-0.6640694903551206	-0.2617349685597841	0.4743909357623758	-0.3622191539495941	0.0048637628995896	-0.0808282778108861	-0.2388295383558667	0.173670870505343	0.2569021149412184	-0.5358281121032223	0.1506300397423395	-0.0301957551754787	-0.1444009184952738	-0.1744144514651276	0.1356982166695887	-0.1342211294083038	0.0902635459036655	0.0597531753081642	-0.060482153467193	-0.1978558272952916	-0.2190234736786801	0.0029091896896122	-0.1163238660612027	0.0462599445947084	-0.021918179059873
18	2.7791800120044527	5.339713876521002	1.910901678899105	-1.207725501605326	0.6515294904006749	-2.057579547299272	-0.3117603240689907	0.9751096559706696	0.2909651673560259	1.9779969626239369	-0.2628922766690941	-0.6910415541641068	0.4058244904894387	-0.4592264547259622	-0.2606364374341487	-0.8116538196532562	-0.4029170921204199	-0.0162514891562757	-0.6387659274337858	0.1426073875698361	0.1524566712416539	-0.8384978179620913	-0.6526475580314944	-0.4788496702859249	-0.0001049698012161	-0.0046717149243187	-0.0458464343522755	0.1655046133761172	-0.2238631624319391	0.2199409951071178	-0.0913092831741604	-0.2656215436274396	0.0169226940248277	-0.0596163619310687	-0.0874252498701841	0.3437699770335752	0.0480659808901911	0.5369435166879153	0.3809581191057626	0.1702908555512191	-0.0314332292254309	-0.4485711120001636	-0.1240350973811987	-0.101653986748534	0.239541357311093	0.4178701785851695	0.185077529483025	0.1765087917958416	0.3222099111782897	0.0868320833674416	0.2468613961605542	0.0107742343387812	0.3558312937635776	0.1733448577457357	0.0200564898413331	-0.2626785022524281	0.1307278989000941	0.0669487160764167	-0.3915296751723822	0.217599194104667
19	0.2432527260917259	0.6384992428363173	-5.42653439151603	0.0186401890375326	-2.9655001105958467	-2.9180650603845	0.7005466948243132	0.9768647395931264	0.1578110518686709	1.6102007388718924	-0.7828382270698786	0.2927539971893068	-1.1814474855293322	0.2948371839701889	-0.1689473349532571	-0.9756887179391016	0.4013646468344297	0.6425233640204933	-0.2568101969041607	-0.2344227343079295	-0.1205688651358883	-0.272882568898903	-0.3040638988625309	-0.2813309242172274	0.3174200853195841	0.0113554933710139	-0.3985747206693885	-0.0753191642098272	0.108430330761184	0.0465946738475148	0.1215447627193107	0.0066508174498869	-0.5190338134737491	0.0147821495611644	0.4892197592414699	-0.114490249487819	-0.0167387948695965	-0.009594458281942	-0.3823369607172243	-0.0644508787703864	0.0568622628616092	-0.3653460604863295	-0.2213466557710119	-0.2332334448507714	0.1089572742297227	0.0478939177720303	0.2982280734480729	0.1930617616441483	0.2490213207390898	0.2337766585129161	0.3708978252222591	0.1059395191107763	-0.0941204484739668	-0.0830537101607265	0.1069600435874884	0.0539994974578772	-0.0741782840775021	0.0952440773342214	-0.1358397139347404	-0.000500160417672
20	0.2947573483086891	-3.723498317314594	-1.0367695160377872	-2.5847765585773	0.9088019978836922	-1.145409189690675	2.3259283880669632	-0.090184830949238	1.1196703374930104	0.5834904653054777	-0.013715660440258	-1.8543395335330688	0.4652028107642429	1.0849326666615344	0.3439475213104631	0.3546956148828713	0.054165014782256	-0.6663265031268418	0.0130006372390765	-0.9504151657888876	0.0531486294296363	1.0592674687440609	-0.4574958332589879	0.5657458868955546	-0.4433690936639285	0.1428539878899033	0.3363188414873957	0.5415169342203549	0.5418258326928888	-0.1192655283152277	0.4433451219766119	0.4130967396193656	0.2070930729386664	0.3563445877369652	-0.2101647813549359	0.049298643315604	-0.139758149861375	0.0050722428553801	0.153036263840815	-0.5298216063314874	-0.2068503659916148	0.1026317044910976	-0.2363114406387042	0.0794135754233945	0.2856381878144712	-0.3965798099413169	0.2404963975706823	0.0208460162950809	-0.1632165951264575	-0.5911041718404252	-0.2050624317547395	-0.0194303089350552	0.1640433368601905	0.020077627797689	-0.2235207033227567	0.0990182726903748	-0.0973818451661375	-0.1028643981956513	0.0316964788536904	0.2782313246104797
21	2.560727481689439	-2.830713726360748	0.7937207053126174	3.8820603805121454	-1.25994003219962	-1.0919733834343486	-3.40133034038026	0.3751242954339968	1.7335411070704825	0.2046406512110344	0.0810990879240322	-1.2018071770966814	-1.0821535139919425	2.1462068844398097	0.0971500692134186	0.9998940296333706	0.1457575075818713	-0.962322383429998	-0.0439503781579031	-0.7724618907417721	0.8250870247576017	-0.4784480065172223	-0.9277482348435586	-1.904573546333412	-0.3081896269923314	-0.1463893979147169	0.4041077562998902	0.4345998571168587	0.0557252959519896	-0.3888146451543807	-0.0364622061052587	0.6847467987003782	-0.4585246813484091	0.4316767033515091	0.3723244415075535	-0.9517699584509662	0.0350724932613218	-0.3752276067376264	-0.4169312278363197	0.1389959854494259	0.2388730206247335	-0.0657791290678706	0.1371901185380198	-0.7171378253404428	0.0233892562041347	0.5361171854499374	-0.148843823412074	0.1180563818177632	0.3557175598937135	-0.0199841108351075	0.1353900906292977	0.1004666430367355	-0.0265869350814116	0.106093779452566	0.1216975704456259	-0.4112564187985331	-0.0265939788539839	0.0117429709332442	-0.1008321358481674	0.3474791278438018
22	2.0397800080284543	-3.45984250360696	2.451056857738972	2.4826799698220845	-0.7388169505235591	-3.065784762009977	-2.4575813483272984	-0.5091640446652297	2.217703428363192	-0.5927866515697823	-0.9123290454153202	-0.0489608592889285	-1.0918027303039584	0.5590739644921712	0.4785194895507307	0.0090002061667534	-0.8822575649257342	-1.8030537875889168	-0.2025169819995527	-0.4225088393788319	-0.5891114877472144	-0.3168327563167217	-0.4713389937221364	-0.2501974076964606	0.6402261476416031	-0.4453481383453545	-0.2534529167292594	-0.718564025794247	-0.0169767830942743	0.0721603146009887	-0.2389978884995166	0.0909153365759738	0.6108850751398556	-0.1063990274176169	-0.0428604258831129	-0.2823913276417825	-0.3339884598017446	0.1835005224163343	0.6448803369783965	-0.0328570666568678	0.0245085091915136	-0.0959282329187151	0.4146880412913681	-0.1921810904130943	0.2057750495551241	-0.0508576809103231	-0.0681001441563907	-0.033613106177512	0.2142746895761133	0.0598045059704973	0.0376696352236727	0.0139073832206924	-0.2185123152411592	-0.1846902902986768	-0.0204788317275101	-0.0928618898529439	0.5546581783446477	0.049565635454925	0.4498991192725637	-0.1386100121217277
23	1.7189108981379724	-1.6899224964352424	-1.6549487587476963	-1.0643729286192662	3.3295633323761136	-1.8212366517580167	-1.1007480504897529	-0.9503921490223248	1.8735399920071552	0.9256485018432234	-0.0976815998914675	1.0327471295787651	-1.0835683886403369	0.5494748026731293	0.9034503316520224	-0.0328312961283057	-1.0451858975017854	-0.3951147746849369	0.7740620998462298	-0.2921615731379212	-0.5514716403398264	-0.4852079345167855	0.3171289857067541	0.0791725824325137	0.3882985971635739	-0.2178953422073677	0.8128356485700593	0.055432753836303	0.4838300228485986	-0.0394800661383297	0.0930845616297388	-0.1713718365073422	-0.2270536638560127	0.7613435781044895	-0.0644178310225308	-0.0009926133520166	0.2801326445265856	0.3199879044630315	-0.4099054981293227	0.2334524221041268	-0.0649502727955147	0.3636503658222589	0.2963584865130912	0.185410443624118	0.2593775118145495	0.0717978780966581	-0.1477363579693185	-0.468332016274465	0.126547877955043	0.1619307737579144	-0.1557852799809505	0.1915029998584638	0.2124669857296484	-0.0308588242082556	0.0766621652772077	0.0328099140260507	0.4963964419081279	-0.0656096715269569	0.024193039143889	0.044921205668509
24	-3.2496481918679403	3.728641676381825	1.9018662218291404	0.6113404186853925	-4.050845509160815	-0.4741506991981442	-1.6432358503701794	1.2123412200048298	-0.7179278515395431	1.013368388396495	-0.568513082484708	0.6148656674506449	0.8128073486588054	1.0583840692095083	-0.0586543105094525	-0.9786764104041888	0.7311604303701127	0.0675605607726233	-0.642103338547656	0.1595937974113286	-0.8134471913404463	-0.0522773344640401	0.0104271897083351	0.6842161734398967	-0.2544638424804057	0.477623758759844	-0.2375260836551515	-0.0024005729307635	0.0438815869207003	0.592965460084489	-0.2229604202051084	-0.2661134089595484	-0.7369204185943149	-0.1024850913031113	0.0264175211288846	0.3122160479981561	-0.6981190515350001	0.0934880690051604	0.0146144837340922	0.4789801295806352	0.0961011589488704	0.1293797458322362	-0.2473517765275098	0.0199777617365223	0.0810065804278885	-0.1137076688788851	-0.2037150252105152	-0.1246609973508821	-0.1777156362391841	-0.4893112689191466	-0.6796311159276112	0.3820182158721585	0.1003825457923326	0.1721179576401307	-0.0654626401000998	-0.0570506853953521	0.0903037563513064	-0.1212044458563929	-0.3409054333421671	-0.1736431887218056
25	-2.2543234104679466	-0.6554384665005399	-1.6583730908542111	0.7961247056463777	-3.616116321374928	-0.7678185324398491	1.4781235449556231	-2.720566196667518	0.1945107578283177	0.909234407842788	-0.3414596266509472	0.7227034878339597	-1.2765685694084	1.2212633953649783	0.7542419676547115	-0.1055539712960338	-0.3091002395421856	0.133735259422755	0.2019435023868332	-0.4465891847546792	0.8247182430479718	0.2961560168828853	-0.663870199287077	-0.0412435909025914	0.3727213020299829	0.1915422917746118	-0.3528173444054032	0.6833818366372952	0.6168535291279778	0.0313718869526095	-0.2130446187329943	0.5356024710988431	0.5270673819175294	-0.1237311951103156	0.0752738347609154	-0.1257144766194796	0.1384845620113469	0.2679581603696234	-0.4974574585044427	0.1437187222942235	-0.0125358164534309	-0.3036864352642802	0.1915111175284142	0.2014429988521194	0.1355914945090335	-0.3403958845487035	0.2624321344073086	0.0709585501445206	-0.2207545500216413	0.3672059337449165	-0.1401353814968509	-0.2176523072076831	0.1675016856608419	0.1110008734902961	0.0154208327570929	-0.0340283915981424	-0.1229151155299381	-0.0599092471491147	-0.079270982684479	-0.0798508428401819
26	5.484154075844036	-1.573660811273345	0.3870252234192695	2.1283948131197	0.7008713348065557	-0.5496855910720104	-3.112850072407209	0.3631916039866519	-0.4676935412575961	-1.4126655348521666	-0.0640995849206651	-1.3989203792230456	-0.1690419605438469	-0.3113605728215388	-0.558175232546283	-0.4366288862715761	-0.1359845226446912	-1.3066018571344655	0.419029224978677	-0.3001660397603219	-0.6073017126964663	0.6123691089800746	-0.6198989209976485	0.0932000790742049	-0.0944896548015205	-0.1294044430429654	-0.4216971891977167	0.5984671083139822	-0.3490848889390236	-0.0608209707762352	-0.2216149396538095	0.118727031964929	0.1081500242804456	-0.0148945120462888	0.2416568636331066	-0.3418376919028094	0.0159717570667498	-0.2410839717277999	0.3166385837394739	-0.2520717496260858	0.2550682707511313	-0.3414818739290549	0.298071016463903	-0.3212144714261146	0.3966877137221763	0.0632659015074588	-0.4438230677147925	0.1091787009876669	0.022715482151442	0.0533277224647631	-0.0872984808112553	0.023045858998865	-0.0970015691330487	-0.1979558934839032	-0.0334413169105903	-0.0777583807325906	0.3725870257875477	0.2539073383038839	-0.0594849162468609	-0.1812630526877061
27	0.5851112172412999	1.8224634920819855	-0.1845083038382075	-1.6846057342564045	3.329597474447205	1.0510934241060337	0.6832783500329815	-1.2243714054093475	-1.174043213226083	-0.3174554075486276	1.1208040815997262	-0.7220056620494933	-0.0725322947530221	3.018146249794732	-2.661348818565493	0.0489153454264684	-1.3430287681708963	-0.4349069401045898	0.1779278263909908	0.1801389435124107	-0.1979945305974854	-0.6102316877357988	0.1947382056550302	-0.3017977747900655	-0.2423882216589943	0.2347004967844784	-0.4685134903396377	0.2207407569732972	0.5558518610720208	-0.1802180259631619	-0.5894005688869269	-0.4222068678770796	0.1349500189062843	-0.5757714822219309	-0.0731830789764572	0.0478622559377884	-0.0504904557644393	-0.2558162759797854	-0.6068100634665194	-0.1766615003112075	-0.0718333490490161	-0.1324130645206289	0.5682383579802792	-0.0663806499527645	-0.0032870587121697	0.0377761801355759	0.1500161605708665	-0.1735295805745889	-0.0821759745551667	0.1493754211885458	-0.0829138798740843	0.2120006491442498	0.2876130870273327	0.0945203284576473	-0.0512149250693929	0.0302094850458347	0.2183191639791938	-0.245756718552366	0.1008377410968586	0.0265033886200634
28	-2.153756708531948	3.15423247897739	-3.6654912522544487	-2.532905400192485	0.6436062974706155	-1.5583358973707186	0.4071919935648799	-0.0255998564853723	-1.0437815331044975	-0.0364207305606947	0.9712774374777025	0.4067851357786655	-0.673959516120428	-0.3334946852092195	-1.0250007066105835	0.2219678822946004	0.5422003803899041	0.5776125179694507	0.0272370031868059	-0.4217819281401931	0.0425587272503038	0.0200947066344322	-0.1581653206594309	-0.1529729770960115	-0.3107645858677154	-0.1870070903728076	-0.0831012155094169	-0.3978436181024711	-0.0699716663451449	0.5864173145026086	0.2602196641173738	0.3510938144042623	-0.3702499941608245	0.2210325200311204	0.1082162391067584	-0.1388868350704171	-0.2215819006355146	-0.2586343159526491	0.1144305317148164	-0.2507454106082465	0.1287155954126661	0.2970808710216131	0.0600875219989872	0.1013886564006511	0.0098438257302047	-0.3137671843543803	0.0416388981522068	0.109346322998822	0.0965494296195097	0.2350105768423131	0.1536164733076544	0.015816494067972	-0.111075278034844	-0.262100825329801	-0.0917151438632258	0.1371811216785668	-0.1300468492551964	-0.1359241179125855	0.1023761989046615	0.0138080112076779
29	-2.158137814812023	1.8980339829160413	-0.7335515272583886	0.0461398206149157	2.928647902953666	0.6263766963554914	1.2366045691492256	2.363289039859664	0.703556790218925	-0.6889872397821148	-0.5616247688792994	-0.6026868278160069	-2.418949152976269	-0.7113525174699744	-0.7525189173051229	2.311860442480263	-1.340274589726294	-1.0167761703295235	-0.149346880142986	-0.2017176550722812	0.6327304095304279	0.1051284516853588	-1.0404735998450765	-0.5920081341234658	0.4849067693484622	0.063604162447669	-0.3216541538303318	-0.1607145410517608	0.7578172376285671	0.7127736156745018	-0.840778228333588	0.4200341952736499	-0.2691119044426076	-0.6612602598226492	0.0752012270237205	-0.0716172626429985	0.2099258553865941	-0.1147097256661333	-0.0619182656256863	-0.2862196000745768	-0.0218798359152144	0.3200068800002689	-0.2969280500789555	0.4421883560997309	0.2519632839026205	-0.2796642849114537	-0.2542588191110553	-0.4537945602732247	-0.0612533659591109	-0.1524137311102989	0.0266329703740351	-0.1440844369862423	0.2038944735624891	-0.2954137681806619	0.0054622294805423	-0.165673974100511	-0.0240154944737335	-0.0497965361414072	0.0162879599324497	0.2248506100272981
30	-2.1911092586318954	-0.7172799627292068	-0.1361265329647475	-0.4005906315863258	4.34412015713384	0.0957462717252893	0.5655723521242829	0.4907297100279693	0.2291049956754421	-0.1206207544280888	1.4777420328435809	0.0063662132706601	1.5189252583217865	0.2951515833143212	0.0910065547832746	-0.0398880188507906	-0.1887087589780558	-0.0641576520020379	1.1134632073026631	0.3425107337187371	-1.0611665126171248	0.3550868862467641	0.1365539639068086	-0.6071638109787687	-0.5227256730573004	0.5520575838548101	0.05981432606699	-0.0268512050370662	-0.3982553363626706	-0.7321831459085505	0.0110212341592423	0.2460962239755893	-0.5645708805977668	-0.0299859650804033	0.6462512816848061	-0.8371512555343046	-0.4189431137188438	0.1289976233579692	-0.5900417124791313	-0.0790519006815653	0.8751494797060019	0.2916315036900395	-0.0459859101651998	0.1940770456192163	0.3242198349196546	-0.2020329273932201	-0.3942364133349846	-0.1379365676161931	0.1710245989662455	-0.1731440802263705	-0.080616010849838	-0.3275280607283073	-0.0540851459645685	0.120020182907252	0.1356751389868505	0.2689679942758217	-0.2921642692304496	-0.2403886612047003	0.3092573140425964	-0.0815207104614657
31	4.577545984676485	7.223334150732567	0.2988203871084774	-2.407568741348052	0.065514869610569	-1.596146580818125	0.914824469589452	2.249884561357492	2.819381663938933	-1.390536109081009	-1.3933491154205844	0.7612454932973418	0.6731116714963271	0.1841024909733409	0.9649695956172408	1.480729407716768	1.5006551977997624	-0.077216470702116	0.0721642121960844	0.7063206770762801	-1.190232083858525	-0.4701596535200398	0.9931553703993062	-0.4201792668359551	0.9577893566918924	0.5290532148239104	0.1551419119409219	0.6456336623022184	-0.5443343825620186	0.154214201024386	-0.1055947567632957	-0.2964444467454923	0.6237393440937916	-0.5812492736275651	0.5997665282134541	0.3975215439966485	0.6727793394765111	-0.8931504145300411	0.1469968396770973	0.3356460891805272	0.2868617670436205	-0.3860724314552901	-0.1304875576794341	-0.2540383441006247	-0.4359543508032799	0.0905105098770337	-0.0489578994486087	-0.4058960770042493	0.0997466524829793	-0.0974044716687186	-0.5764807299589542	-0.4346999149744682	-0.2836868486921945	0.2373978655344463	0.0162032931653793	-0.4541934452468461	0.0647251575205315	-0.1814049302673569	0.2807712227595342	-0.0359628935826503
32	3.706487359839709	-0.9606353484123092	-2.158678998610585	1.3682263482865893	3.592088306789627	0.2687397327870727	-0.4177217738014899	-1.4012788154753206	0.3009094095821927	-1.6785090219701373	-2.005603867204729	0.5779211361180691	2.24575564396217	0.5202874522641248	0.1472736287081049	-0.262545806925723	1.5491003900415086	-1.6039951943940254	-0.6513644818533646	-0.2533142551269053	-0.0264830084283479	-0.1094694277107723	-0.1853819698987229	-0.0740670690233509	0.2834713820426993	-0.3829215654714499	-0.0120855898948285	0.1299005290468859	-0.1231335945453898	0.4508311400132028	-1.3476975203453645	-0.232658380722533	0.2363036295596131	0.4202417224945529	0.7632243005383872	0.014241514547027	-0.5959265452505198	0.2466883029388241	-0.3948063911544854	-0.2305166491399227	-0.5664659240351073	0.4603555902907876	-0.2414807609082345	-0.1714472130821141	-0.2300499935918573	-0.0610416638787265	0.2449736621553583	-0.2757315613662506	-0.6694569296075629	0.1713082996294228	-0.0185913614767671	0.1844705076204033	0.1611735646615968	0.1233444075250462	0.0626773673352879	0.5973483180067966	0.2168921086613831	-0.2305570068328487	0.1889805058302476	-0.0765153064322448
33	-2.7884676234080685	3.901146287958949	0.2363164399177943	-1.3707961677503395	-3.4958354043743425	0.293778419676148	-0.3733709618304925	-0.4559291613473366	0.9392400993957648	-1.3062749573886965	-0.7017120496389481	-2.1159274553860854	0.5986064122878161	-0.674205972853833	-0.2490207035922199	0.8879769643219686	0.8113145043006983	-0.3451693590409014	-0.9289998415031128	0.2074158063897735	-0.9268257029779452	-0.7126605050557516	-1.0856898816195937	0.8189998147944485	0.0475579652539696	0.7909552097225304	0.5266903413024729	-0.1065604938663422	0.0056963539755847	0.5749641055193937	0.8044065027181441	0.6577135119887136	0.0456849838329414	-0.2551565590033841	-0.1746547415344546	-0.4602853654213238	0.0692255116702853	0.5124482595028138	-0.3474042052318841	-0.5293670143724842	-0.3464927129336308	0.4668177603122782	0.2488012438356313	0.3788249158189228	-0.3993061216583001	-0.2462317367569724	0.0117320785077858	-0.0400854400982989	-0.123672087564556	-0.189918670276725	-0.0744283653802218	-0.3946677178677247	-0.102526613775125	-0.0835959548794958	0.07182876442847	0.5568972335868737	0.3012068664065603	-0.2161312121748447	0.0211799014701162	0.4690675825335823
34	1.1637391201466831	-2.097980609641389	3.7515706255828127	-0.2083384474546556	1.1460654712063851	1.6393163170188931	0.3699209199288131	0.8560580800820089	-0.923698180418461	0.1665129211258343	0.8649861293859694	1.7621562034062588	0.3393750848132544	0.1004129579788832	-0.7131559828071012	-2.1804038736792237	0.3118383919990164	0.4824161352563072	0.3209699084876364	0.3693421735460834	0.2893563034850656	0.9312026082378494	-0.0825813737675536	-0.1048369582246656	0.2541780216869493	0.5626863163000096	0.2221361390607507	-0.0452320069994208	0.687517040129112	-0.7341664767625563	0.5881586832807149	0.0804629330255045	-0.0846299009422767	-0.1018397660489516	0.3281966041277686	0.2437999374955876	-0.3086642154406591	-0.0841097924808843	0.3788430590808575	0.3973668548852457	-0.8107968365786107	0.0581809329733369	0.6631460804598851	0.5688880251378842	-0.3392031567984385	-0.2456777394436193	0.1562457517406558	-0.2829385113397543	0.0627421445846692	0.0663407449878804	0.2801644381686329	0.0146543173304521	-0.2108208584354975	0.2716395224183827	-0.2038160508295654	-0.0241101908717235	0.1723767489575386	0.2026521134510067	0.1902254343064158	-0.0580992767929476
35	-1.2787737007193007	-3.3921065141117537	0.2192606009115182	-0.0131525253605833	1.6186111276062238	1.1116085982533648	-0.3661588861484212	-1.4178944152788278	0.4079006551541019	0.1664356542532726	0.1807193150978741	-0.4629331960771212	0.6824001016205378	-1.3732522747281448	0.0569502586690083	-0.8338029685885666	0.6593478624564673	-0.2618007373925891	-1.0161028397061302	-0.2289659689432575	0.4330447131053416	-0.4519557102151196	0.0037123612145285	0.2644072409716423	0.0706945360216515	0.0278724508721536	-0.3879450935515808	0.0021947826098979	-0.1536687317058212	-0.0114106190145913	-0.0510316841432981	0.2405685289506559	0.0307942943161707	0.3062930651761078	0.0855252489511876	-0.2401215797814693	-0.1947241779338929	-0.3498786163394331	-0.1515550083174199	0.1022252606906206	-0.2017953215380512	0.1537472116999332	-0.3728084885902624	0.0303861071854102	-0.086523218450479	-0.0731166267549694	0.0930011867442857	-0.1249418466401361	-0.6042159593628931	0.1151562379368432	-0.1847071981348134	0.4223177602559873	0.1692524411038482	0.0575127783824771	-0.0785429262868061	-0.0793208558493546	-0.0300960266794896	0.043348628080662	-0.1638982241967747	0.1260496166631455
36	-4.679871754203713	0.7680002481774542	-2.132028029825995	0.4129684445931018	0.6957966318970884	0.7147514567450375	-0.6527468901905846	1.68532227433597	2.7154023532350644	0.2921722929624761	-0.6214247855350018	0.3390617177270659	-1.0165433263530128	-1.630041795706486	-0.2215379288198037	1.0104413845164208	0.4869419304383633	0.3196194756848349	0.5194042750736239	-1.4059275954267212	0.4641594905019657	-0.0429413938482016	-1.2852736559104092	0.0343324118820145	0.308641317871219	-0.2429012081183877	-0.1300692706457792	0.1694071877873798	0.1011978512327391	-0.3120465720628252	0.0851490096762297	-0.2290241035068502	-0.0983419553719096	-0.1939491139116989	-0.2971736480197029	-0.1544251784014969	-0.5547787655225331	0.1537979391149765	0.2677017998710306	-0.1574877017332151	-0.1599244293608526	0.1298355043067211	0.287124260147025	-0.4684820353042516	-0.1607547839522546	-0.1377828652881028	-0.4960413439488393	0.1158856055237077	0.1440806376236587	-0.1192076821059257	-0.1772722008317725	-0.2429261858146955	-0.1753862681630355	-0.0029991378603567	-0.1500775780140459	-0.1253450919739923	0.0307793789616665	-0.1915989633286213	-0.1635266908424683	-0.0829604575825255
37	-2.5791755044723548	-0.896820075817641	-0.0901909790478371	0.8319831114699381	-1.747487825564788	0.6414044059192286	0.6674016880323977	0.3364097358627393	-0.5847450297713368	1.637122227690136	-0.8021458959355676	-1.5209560954572676	1.8344806847919937	0.2595794759375872	-1.645202843076345	-0.1594795265687476	0.3815281169498132	0.0448520310506019	1.0376156730146249	-0.9144989245642944	-0.0514691836741883	-0.0095934121567396	-0.8305165985991207	0.2874372456932234	-0.1900835405562001	0.1631140906791219	-0.0545770765929001	0.0586533434612327	0.6430149954485287	0.5202178573374566	0.1257981407946544	-0.633211720441418	0.3981759658694262	-0.4307246757248384	-0.1411057385214036	0.0113869217936217	0.2640465733785641	0.5315218434854619	-0.1791480826999296	0.1577354468000919	0.0133810558207127	0.0524468891217666	0.3738104199942508	0.1517581972564246	-0.2983563187358457	-0.2224845624695144	0.0440258249975191	0.028868289433466	-0.0064998621858111	0.2257899890308872	0.0563841946845696	-0.0220034909315161	-0.1773314596564581	0.1790951567799215	0.0609807930673606	-0.2394246170301019	0.1040729673931735	0.0528200657959519	0.2971699754239605	0.1805004661263491
38	-2.969790599334408	0.0976694994385268	-2.113238131761604	2.913880570764012	2.194848788851933	-1.8032717720889733	2.038369949011076	1.027812527708467	-0.3728088790545938	0.8393824284233828	-0.1918382373526464	0.7237363521916137	-0.2712752303137536	-1.5306639597926006	0.4224062409501928	0.8718136069747651	0.1858236688833814	-1.1738657540951811	0.6133976567225444	-0.460422288332217	0.3848943127446936	-0.4283918445537956	0.0982148295463681	0.0161559785498422	-0.2806543376617408	0.0925843294907284	0.5046327019542475	-0.1968153819561975	-0.2783962078683498	0.1230715295532704	-0.0569066089743766	0.0341295850334327	0.1664228200994351	-0.5755763647038314	0.8124289048837681	0.2270802811775444	-0.1638306662188275	0.2185279793442857	-0.4360502105895306	-0.3039573894092653	0.0126976503836869	0.0706157966962901	-0.0839934377492338	-0.2336039187597593	-0.1587716542081596	-0.3513489971556167	-0.0587361296288305	-0.1992106860805584	-0.1126215781185605	0.2011697715425187	-0.104844258277824	-0.1113674793784049	0.2497126553959787	0.0297222213531797	-0.0127239707634635	-0.2062677100082069	0.3126669180434765	-0.0377676856861263	0.032932290146929	0.0432077453146504
39	-1.037787224536341	0.6852309462729668	-1.7363065609882966	3.801670230900904	-0.975540029693324	-0.3124597883297242	-0.4881954004035526	-0.6815025943886199	2.054703339530183	1.7749877191744847	1.540648865329417	1.2795529498375935	-1.7937889248584695	-0.3307513076475266	0.6572472286379836	-0.8565145371814007	-0.1491016457570485	1.1149826250638593	0.1342119302516626	-0.0905918387023196	0.1581298752386478	0.0378544890735699	-0.4355828659538297	-0.2595988124962199	0.7045457149431369	0.3401976526254794	0.2866912005017684	0.4216227474496318	-0.3296986134468128	0.0229586911489732	-0.2984201474882372	-0.4652574381387896	-0.0488316962115422	0.1572834994930095	-0.0820258097229273	-0.272686884131221	-0.0874919559015168	0.3073899030789543	-0.4147971017655817	0.0438272700838968	-0.2402035026893808	-0.346017223046892	0.1344984361004902	-0.0301772355627468	0.1591027614353315	-0.3160974092691732	0.0270722044604428	-0.1078308114807224	-0.2368383750894673	0.0739909415742823	0.1216117148513687	-0.059105618527319	0.2069192914293709	0.3423690434517635	-0.3110575147882417	0.0803309185758867	0.1213670885535917	0.0405806052737053	0.0158563004149519	-0.0623099217491796
40	5.020840344216893	-2.2049490670269147	2.786903471766472	1.4797644000522658	-0.936996335474828	-0.5010488533399691	-0.3484733361174124	-0.5516510277237691	-0.2434587581901517	-0.9751319953203448	-1.0136356455075075	0.6323742839897576	0.3140123050301763	-0.7429777203997255	0.5394473256845919	-0.8522580787732826	-2.826494544302562	0.1401774786182642	1.2669903557374067	0.2730530006637368	-0.0511672439305397	0.3456720662587131	0.1485725548486899	2.066607013589677	-0.0062337696710456	1.7985135505797358	-0.0206237622633854	-0.6850229234822449	-0.6085249997936009	-0.3159235753638613	-0.4186452984991102	0.5229163850472953	0.5228174041423159	-0.3588137902322222	0.2613396211796041	0.8416905991441733	-0.1079015044425457	-0.2822254540061511	-0.3102235293045609	0.1703633735122134	-0.1530003902710015	0.0597225184115061	0.4828657547810743	0.3984143264317445	0.5150072471005614	0.3080044721392724	-0.1461171251159399	-0.2494181177340425	-0.3049257765252352	0.8380807631449982	-0.1485294638036879	0.0255549274434885	0.5470229507640314	0.1953651407475147	0.339687275186208	-0.2648871048817046	-0.4602103232144737	-0.4486467518426446	-0.2720912509783736	-0.0543843152403722
41	2.9111847828757886	1.8447130969729	-4.390496469751223	2.654531011444073	-5.438518089003996	-0.833022551129088	0.7908556112933025	-0.5858871836742777	-0.5428330037576516	0.8343753101291954	0.2522043372864956	-0.7692793656403929	-2.500421512682192	1.0272991481977818	0.7281545265695417	-0.177396718669529	0.5151220420529531	-0.2528472698162569	-0.3672186651595832	0.1574357090678325	0.0021541831778745	-0.1621043217018391	0.0801685233542042	-0.58972124892068	0.2692242827349446	0.2432988665073778	-0.4949065209170663	0.0890833543673029	0.8417096523955663	-0.5779136949834965	0.1584974082222809	-0.3265431260631057	-0.3103599491137422	0.0711307599957138	0.2566971527253934	-0.1605805931422736	0.1369843811946322	-0.0474784992297676	-0.2883114116068024	-0.0175229315149394	0.3538768321344291	0.0739630075030372	-0.0020356134640956	0.0812658571333069	0.5299298906080393	0.3637636614502545	0.0150774693781325	0.0897119144658339	0.0874745119151862	0.0094769187953367	0.1241652263131017	-0.0711135725474445	-0.0883157926478699	0.0444069850361897	-0.057309100180671	-0.0376841028937608	-0.1371081294691437	-0.0255888125813964	-0.1789620237242062	0.0717213390989572
42	6.459827278991238	-0.2596983510077162	-0.5738543022498712	0.9599237366663962	3.02650568442144	-0.1203051569634841	-0.4299153141113713	-0.6998711116659739	-0.1996488662481531	-1.0176960606765642	-1.24980498029597	-1.3918473203140265	-1.109586856723598	1.1674254833528153	-0.5698838722627051	1.0815187178212953	0.4448559043990658	0.5651970482513847	-0.3077912107587814	-0.4939197975343061	-0.097069251800214	-0.2076305527650939	0.5197813804814182	0.8797116890426561	-0.0274898153176037	0.7529737966512366	0.0890092501118948	-0.0956545762822604	0.233283804857636	0.3286190325427647	0.1086909322614509	-0.1122553815338945	-0.8158267795052423	-0.1801982263949643	-0.3177144712928136	0.0944909320282381	0.6435206150776086	0.6053312835645465	-0.8789437400052783	-0.2491364193583513	-0.3024208715865368	0.0372349363481883	0.2248769752805644	0.1663029851486552	0.5885828805218705	-0.0724213890803176	-0.0413812877587853	-0.0895847702248134	-0.2750340374305981	-0.0289577532532881	-0.0994733763943909	0.2180043417099096	0.2559195339107543	-0.0087648173242707	0.2036760262406135	0.060616343511015	-0.3948660281086915	-0.1858687245220262	-0.1962269380479044	-0.3353271288326747
43	-0.6812330501962752	-2.2889294676086145	-1.0553780147848648	2.485180790417065	-1.299937638266592	-0.0268499263381157	0.6599496515111528	-0.6075708142861195	2.6699829708075287	0.974458007286478	-0.4943354754924662	-0.3140106203085551	0.3289133551465547	-0.009490698906437	-0.5212580074956277	0.1881867235802012	0.2962246881634121	-0.0201077397468271	-0.4591080876260352	-0.8670462766189909	0.9904337373435764	0.7748558552694103	-1.1581508037438266	-0.0065670406368079	0.2709375263403408	0.0087283036847544	0.1612268466373815	0.361414993044301	0.0720082527237055	0.2684127133576973	-0.0968174436497332	-0.0996500847334521	-0.1378610639345807	-0.1545601230109281	0.0673628793106431	-0.5285255634033137	0.0588211567699196	0.3300176834741304	-0.1921870583327681	0.0228725410618438	-0.1840702477960347	0.0133305059840258	-0.2457673113878192	0.303901892244695	-0.1240653769981315	-0.0577482630072638	0.0396552156447137	-0.2234142428613743	-0.1077713141536591	-0.072438008316566	0.040450767576067	-0.0093237047042944	-0.3721312579744739	0.0082942355665924	0.2522327887992903	-0.0655218250866407	0.0503533180681713	0.2718671193474772	-0.0456171826982763	0.0172543671804936
44	-4.5821431960332495	-1.2670198562513293	-1.2761825955566346	-1.812408989876496	1.2289143559179123	-0.9353858928518592	1.222428491071655	1.3757677838051954	-0.8450030416001572	-0.5771196437462405	-2.3511919910336383	-0.6074901399726675	2.4321680471831284	-0.2594560069658104	-1.1040840613462304	-0.6070045149681892	-0.0767607408195678	-0.7311127928985516	1.4008625272460005	-0.1607705407532038	-0.185890141808656	0.2224399704429893	0.0589797562351892	-0.5315212983025442	-0.5450948436785382	0.7243109569933882	0.4903417988028303	0.0770534653954198	-0.1220661212175472	-0.1930858794115427	0.0690599858210359	0.0592419995147955	0.3902174209925886	-0.0430726762056418	-0.2350093648554503	-0.0660892034340931	-0.1713905109088142	0.3288727582450257	0.3177118294986814	-0.1020219994845107	-0.0551852218556676	-0.2901218305185499	-0.0560406427517529	0.1240934198541406	0.213908845741326	0.0734920958211168	0.0011313504715212	0.0622120589356575	-0.3014155614349047	0.1361513354572066	0.0457586774854588	0.0594157360786431	0.0540820704727788	-0.1422566239792588	-0.1682579915736434	-0.0505842672772114	0.0728115696951092	0.1126697357480885	-0.2366628713884704	-0.1831149432149299
45	2.857608270319805	0.2221853113553034	-1.8590718180634245	0.8267203380063759	0.1622439681657858	-0.1268739059077098	-2.905235894173453	-0.6344327232362689	2.0959581949965105	-0.4536198719885335	-1.1913171845769484	-0.6867119403830629	-1.7780184915264732	1.2307411177516423	-0.0057940151526487	-0.2651036095637372	-0.4229324732026341	-1.1543943656172548	-0.5371497916630198	-0.6077501531682639	-0.0069442683467151	-0.970187765825014	-0.9709347559334685	-0.832318222656758	0.4746297139902929	-0.0909050353501838	0.2577666741160518	-0.4220958127921643	-0.3181459780988925	0.2022212013337441	0.2452886390481269	0.3471524251556752	-0.4115431731825645	0.2983777449153866	0.1793815318114713	0.116400061132034	-0.0904402775095437	0.3274050792408305	-0.0716048538503302	0.3168293567853472	0.0278621847885672	-0.1344078037055825	-0.1022920278178144	-0.4231198971462097	0.250527595547538	0.1352430293261364	0.141920539706383	0.2053403945755889	0.0617252506600883	-0.1860814051849388	-0.0454564340853272	0.3043428048898071	-0.0322627410410952	0.041896243972515	0.0709598262117775	-0.1444520889483386	0.1065951005465034	0.1455682993836845	-0.1497416293203528	0.1688985427943591
46	6.860526725164897	-4.022602641565356	-1.067377811184397	0.5871050812507518	-0.1124003341532577	1.589495964986838	0.5527693599543563	-0.6026252453202495	-1.8042465839814523	-1.4941516156955357	1.7721429172426102	-1.4052905940000628	1.191610806524138	0.7597006004759596	1.3787031014437343	-0.0198762313820952	0.6946536748502015	-0.6118168418005508	0.7963864707774035	-1.746212767778495	0.5905374374551392	-0.8514094036858341	-0.4222526549491777	-0.2352857829799671	0.5527585129122868	1.1666527624590195	0.2247268012498094	-0.6781713910708559	-0.3791754950045835	0.2440695498627089	-1.2411263289837462	0.8318105005548981	-0.7556784940606344	0.3311270761197028	-0.6974754093814909	0.5296346031677387	0.4000124381516177	-0.5234516604847066	-0.6328824217547073	-0.4569451687123709	-0.0842816588956323	-0.0978126024503452	0.2419080448620844	0.4195031386788025	-0.0952101093125613	-0.4665272711486775	-0.1710367303057495	-0.1119130636638634	-0.1680459315580622	-0.3423836441876399	-0.2984089982546358	0.1945835866888648	-0.1466390908768325	-0.2301919383735844	0.0408232042455061	-0.2059634464987017	-0.0768347178550513	-0.1827742632952856	0.1233039876533407	-0.1056724474477413
47	-3.887578681936642	1.9805125829060064	-2.227612562198964	1.7070856481201575	-0.5655504751947263	-2.1153463120270684	1.7391065999894335	-0.2129018756426902	2.1854074361590023	-1.6736657512533306	-0.5521779473074684	2.9833588813478173	-1.1321380381713342	-2.0170580230635737	0.0371034377394295	0.2816308402199282	-1.0677549858148545	0.4194991725354636	0.0852015168262921	-0.4076940965356448	-0.0019458673175157	-0.1931936562322191	-0.3380889542126125	0.3541747338387809	0.6311297409648728	-0.1585974648676708	-0.200366090634062	-0.030686534392365	0.1257777541841769	0.508421993864247	-0.2584148065734617	-0.4741430712074949	0.1935861812762529	0.1538460793258858	0.0449069827295402	-0.3455588884258047	-0.155463988071056	0.0038863008485739	-0.1588468589251207	-0.2251704468335159	-0.1705843238218644	-0.1164633241793837	-0.2503567808707715	-0.007653106735573	-0.0365628186723179	0.2103242227177903	-0.0953081136064529	-0.0280419057226887	0.2853841626686328	-0.1290723080114106	-0.0769925648900016	-0.2454024070518696	0.196205153694263	0.0632612027451273	0.1113110901223015	-0.0482286459516276	-0.1142668134189793	0.1790999538313859	0.2036312786344481	-0.0060955681777626
48	-2.223081028267276	-2.039024320943779	-4.528175703923165	1.5605741828588633	5.101889807834506	-0.7429047467437181	0.2586182731069517	0.9330770722303594	0.8322924116756509	-1.8234397193592533	0.1872131556686369	-0.6643506999417371	-0.3832497495387549	-0.4654461770545332	0.4432973785751575	-0.4371399830235747	0.7066156140622797	0.3756483098904691	-1.830557217141528	0.7679211127737562	0.9781539839225942	-0.219535799793825	-0.537502199730987	-0.43440375739826	-1.1199250108812582	-0.8738736795262638	0.2498129095854353	0.1724095873983918	0.2011091592914372	0.4555503923948037	-0.1280586582813403	1.0506871858153286	-0.6030833563880598	-0.4916339950177936	0.1360824097962513	-0.5594304367602871	0.2299248012315588	-0.5160180848084285	-0.1835839402879845	0.6229364543131842	-0.3488189594211405	-0.0029964123663805	0.0306294008225973	0.0379051463309693	0.6647555542753092	-0.1694068586716579	0.2325146985020325	0.0043306310599234	0.1240385115267277	0.1635267788200731	0.2523303803183264	0.1863848357794188	0.0987243791242282	0.1670673294487213	-0.1172024239610912	-0.0220675390577612	-0.1549320056112318	-0.0558295334477275	0.0206624496668265	-0.1687786258554186
49	-3.1140002668506384	-3.1722394931668254	-3.695024987670773	-0.6870888399222822	4.30754879954905	-1.679229376761624	0.4930194103422905	-0.9108400811677102	-0.8288473388052793	-0.5025551297353178	0.4248269052165388	-1.4076421707077358	-0.4724739432573758	-0.261357240609244	0.5999228337709023	-0.77909957867294	-1.167812588199082	0.3969439899813266	0.5226857462761477	1.3249875633015782	-0.1850786358393876	-1.7160445521849108	-0.4173479382104086	0.2541208112669646	-0.4301738814999502	0.2787629010166784	-0.0415580556386582	0.6363753280014931	-0.1180029228522412	0.3648335824099359	-0.0216677163325963	0.4434046639124601	0.2764350483398078	0.0336094420866048	0.071358891105513	-0.2386756271048591	-0.5809889599541649	-0.4170556814482594	-0.5263123991014637	0.0221013648719541	0.1448541484329256	-0.0817544539050559	0.2346704104586582	0.6264002717500324	-0.2627135350008632	-0.0114437596934623	-0.2427807255736211	0.3560564828468947	-0.0695519487745197	-0.3239445084482399	-0.0946098731406439	-0.2391236265659331	-0.117214231530041	-0.206726203158365	-0.1792184938718283	0.0406840408177859	-0.1767835170638214	-0.0472789413192081	-0.1131605983168366	0.087920840141143
50	-0.8937499051123476	-3.5515824023949856	-4.602886747324014	1.4030562049017383	2.8516325467439456	0.5635640452771885	1.958154380841584	0.1425770655304844	1.296301450770311	-0.5018365589674227	-0.1396608408857535	-0.2348665305362111	1.1787722848806008	-0.4316871352160155	0.3641462848317496	-0.8613350526014921	0.5960343795877314	-0.5439793106485163	-0.3730354429565885	0.7429938488080412	-0.1019169248217359	-0.9678412109185024	-0.5542250704484101	0.5764439291064268	-0.2504952414746383	0.8100876939986094	0.1424806480502143	0.5163371534461109	0.1472189655248992	0.3708344524412423	-0.1261235268084448	1.01904402606252	-0.1316892337111048	-0.4861655125605461	0.0578282226125298	0.2494694234232153	-0.1440319143108627	0.1845314161302535	0.2251802595449303	-0.458564995748515	-0.1874490053966835	0.4463303219282066	-0.038757956690681	0.2767190501207534	-0.4044223783695478	-0.0443539387443987	0.0907619241345982	-0.0342744578206651	-0.3970940257743032	0.0293464426788536	0.1529889986120319	0.0158872542101047	-0.1426505824000412	-0.0810069481918152	0.3734067103819437	0.2113854914206958	0.1666344733268599	-0.1391409435117036	0.0975217528002316	0.0878923057212802
51	0.7663093021486072	-2.8831355753886383	-4.3729461524486135	-4.5326333307764815	1.2495397469208658	-0.6906596906236551	-2.438578612060264	-0.3649184461662114	0.5905614120399538	0.5646752941648995	0.7660400182059786	-1.0063324701419978	-0.1229466497431974	-0.1805836149201929	0.4734499055564637	-0.4723348556552439	0.069510447592565	-0.2499746906999135	-0.3839907760904737	0.5372929259855229	0.3930350406413173	0.7006697276529685	-0.9985768495373052	-0.0789615397307291	0.2686170110438908	-0.2754206472416324	-0.1797299148248144	0.0039887142224755	-0.2276769649346433	0.2031073403593286	0.4574232272629774	0.1153740325120623	0.0449478236801183	0.3703056777589693	-0.1951167400492646	0.2761388377969668	-0.1595517203320334	-0.3994305124380678	-0.2370858619044957	0.0836167957152425	-0.0191311044622084	-0.0152003746237907	-0.1851610828523712	-0.1811991031274126	-0.1456581075653537	-0.1132620981480695	-0.2425266936926637	0.2832294749636283	-0.172854888629963	0.0469266742999446	-0.1263740949987895	0.189856812201741	0.0281946398381508	0.1056133547851319	0.2371000091951743	-0.2156613715983908	-0.1698981063588501	-0.0599018198443537	-0.1525497850818743	0.3846850395666946
52	-7.282019903622707	-0.6320029552652928	-2.2494588650299714	0.1075079610436605	-2.0959278297083968	1.1741173662699067	-1.4165788547098148	1.3616185038689803	0.3127289975365488	-0.5539426581323977	-0.1883714301237041	0.6534007283670463	-1.0944638895388468	-0.1405232918365732	0.1861633828131366	1.0577668719616793	1.5034164916376482	-0.1787331965713086	-0.0838648915840444	0.3166105563516558	-0.0067830359811815	-0.0369250497667289	1.0498611119867785	0.2936055609814696	-0.2690698908356418	0.7806345255371678	0.4205743708328009	0.2303209215476461	0.6309834045792079	0.4322827930832639	-0.1455094549763929	0.2271351428436334	0.381822891122884	-0.1821394019472563	-0.1341347491348827	0.1685617990027275	0.0304275716236932	-1.0444812384424402	0.2132121942595162	-0.0907173456430157	0.6385955147015904	-0.1540335628578819	-0.5651638845295591	0.3200990481707595	-0.238946814738038	0.1450186552945606	0.4196744604487896	0.4065001106258086	0.1067723543787082	0.4583638669905176	0.3341697479034454	0.0537281505011774	0.2298084953328609	0.1177089405711646	-0.0080666316416169	0.1302717374479139	0.2000125622055887	0.2267096897211207	-0.2038561511623771	0.1031527178106453
53	3.4282112335924624	-0.951690260660232	-1.5992900453080707	-0.7638653128683905	0.3274823294928506	2.1196785157685607	0.5750263977483353	-0.2546814712732337	-0.3001838870141293	-0.4076523582048585	0.1890103002853547	0.5024578393509865	-0.2761334797267653	-0.6804631349543402	-1.7191875734692572	-0.4374339391992125	-0.7550577256753652	-0.2967400970317255	-0.004773149656691	-0.2208055211108162	-0.0380811967262332	-0.4597386114029314	0.2372940472001597	-0.3989146165123338	0.2186863319871961	0.1541710959815151	-0.1118347576774806	-0.6030601537542695	0.1536158127140701	-0.0487651992263949	-0.1880676595614322	0.3805343446523072	0.3589499342019494	0.0909941981974849	-0.2382312769622213	-0.1345727256946074	0.1976114646975343	-0.3298884218776129	0.0236058996742162	0.1132971438646736	-0.2608468706207473	-0.0381217277801621	0.061957436518124	0.2055978521547342	0.1373025038149299	0.1439355944852308	0.0559642123144999	-0.443628496534077	0.0216388112920659	-0.1360416263403906	-0.0414258845779654	-0.1491073192924918	-0.2217253846910863	0.270266317240379	0.0770434910938213	-0.0862314388787987	-0.1780248553043553	0.056605819289999	0.1983492714719079	0.0741321901629609
54	0.1179398387145348	-0.2259209681500237	-3.629547593252842	3.5587796843391346	-1.9675888287329035	-0.563776231100869	-0.9291967669675958	0.4407874141765053	-0.712485963559843	0.1265852116139631	-0.3554224647326084	-1.0884819458981887	-1.0758591610065638	-0.5302080660666262	-1.1287753683573027	-0.5598821011441125	0.4765771633064106	-0.5152698527260136	-1.4950648309129528	-0.3974605210406955	0.8839432680443969	1.0494530316466113	0.2961852034186054	0.1260566709498386	-0.4001242814451705	-0.3810313976826286	-0.1659109642206923	0.0344106350901785	-0.0548430712708477	-0.2548888182197775	-0.299470209401307	0.219262549884841	-0.3911139456892147	0.3851731993116328	0.1214929840669511	-0.6453847430767701	0.3503062573871821	0.0686661469450015	-0.2203234627847235	-0.5349440507264034	-0.0959022642145597	-0.1595595103547037	-0.2262729982758307	0.5185748235081005	0.1897537095299938	-0.0530851823021206	0.1134050725971018	-0.0634077534294523	0.0100193428780512	-0.1377882243654052	0.2198566117264399	0.4299057590408352	0.3751959009251016	0.2675135918503275	-0.0117901440889344	-0.0364123918077568	-0.0198921242894747	0.0843597208337534	0.2674686366839163	-0.3746226054764164
55	2.1491561518817632	-0.7026019921124174	-1.3511975665320075	1.5899456285797209	-3.5102491747192226	-0.3348620022807579	0.4984695075474012	-0.736742335808189	-0.5654414970167047	0.4972211116291316	1.5651833968622648	0.1696450582374275	0.0135167491530424	-0.7582666062536508	-0.8458807308304241	-0.8390435561927839	-0.2000914169616502	-0.1604364061603919	-0.6373100613360965	-0.4803484176226245	0.1751344068065628	-0.6134374235089962	-0.0004958199609602	0.1497699145813193	-0.0113968830859518	-0.2665897341619737	0.0595460705414419	-0.4816248674657776	0.2895735819476518	-0.343774471000795	0.2489947569822262	0.3716038466985179	0.2361040864995577	-0.0450890295639887	-0.2842520871133492	0.1380038458945926	0.0801374228262775	0.1612949128799077	-0.3763167828208562	-0.1712335216237666	0.2455317347389818	-0.0169910391678107	-0.1153309212794108	0.1869841017825075	0.3237195516968473	-0.1146386855890548	0.081711314300582	-0.1748093557980592	-0.1032191902174725	-0.0969765146092548	-0.0520253201760642	0.0756935304159569	-0.1533627705737457	-0.1538300509983756	-0.0542573975682319	0.0820245108087286	-0.0414084809577701	0.0892741657870336	-0.0766538687847662	-0.0795708425605554
56	0.1286220661915035	1.2251169726804274	-4.972330103322796	-1.0875396000565285	-0.2727210400528546	-0.8828835793049177	-0.6191204979357667	-0.3881260850932528	1.1669874170116803	-0.0881361591087457	-0.1357227837031663	0.8088177274163334	-1.617691006195166	0.4260702890781805	-0.6147757229574855	-0.0231992217848953	-0.2890327992470866	0.1821677371945961	0.4052618053467962	-0.5522336781446613	-0.1111572161944077	-0.3002180632341093	-0.9015161336893296	-0.3459175313141054	0.4394064118623541	-0.0004215612226857	-0.5397564397766351	-0.1571694123521739	0.0370290528843795	-0.228260098753385	-0.2491470612291939	0.2140571987476229	0.547758624160708	-0.3828195314985863	-0.1166996748712225	-0.0099073140117978	0.057134388835022	-0.0263740910602734	-0.1107299131413947	-0.0225195495253583	0.1018838572153574	-0.3540655039258706	-0.0686003330038286	-0.4969841046081434	-0.2924475064913208	-0.0549911256758091	-0.2747311955676568	-0.0535867439090078	0.2437304244919317	-0.0474415581339366	-0.4319011425799296	0.1398161902806012	-0.1375377395520751	0.1558190096947625	-0.0514478305541884	0.0713120606841332	-0.1162663518249351	-0.0617653375198958	-0.1139751932443082	0.0224372271418452
