label_id	PC 1_lysotrackerdeepred_CFOR_pca_predicted	PC 2_lysotrackerdeepred_CFOR_pca_predicted	PC 3_lysotrackerdeepred_CFOR_pca_predicted	PC 4_lysotrackerdeepred_CFOR_pca_predicted	PC 5_lysotrackerdeepred_CFOR_pca_predicted	PC 6_lysotrackerdeepred_CFOR_pca_predicted	PC 7_lysotrackerdeepred_CFOR_pca_predicted	PC 8_lysotrackerdeepred_CFOR_pca_predicted	PC 9_lysotrackerdeepred_CFOR_pca_predicted	PC 10_lysotrackerdeepred_CFOR_pca_predicted	PC 11_lysotrackerdeepred_CFOR_pca_predicted	PC 12_lysotrackerdeepred_CFOR_pca_predicted	PC 13_lysotrackerdeepred_CFOR_pca_predicted	PC 14_lysotrackerdeepred_CFOR_pca_predicted	PC 15_lysotrackerdeepred_CFOR_pca_predicted	PC 16_lysotrackerdeepred_CFOR_pca_predicted	PC 17_lysotrackerdeepred_CFOR_pca_predicted	PC 18_lysotrackerdeepred_CFOR_pca_predicted	PC 19_lysotrackerdeepred_CFOR_pca_predicted	PC 20_lysotrackerdeepred_CFOR_pca_predicted
1	0.2815073908523091	0.0775021951802907	0.3048735574242749	0.1339634047873034	-0.2497996349975169	-0.1023746794960517	0.0189238713674832	0.0628196004488135	-0.1151835404821338	-0.0686798997267248	-0.0671692579894697	0.0390114498307247	-0.0023110194663297	-0.0691521208178156	0.0160034312322147	-0.0295704543441612	-0.0165122385677599	-0.041835662356404	0.0555938954801021	0.0601668442498986
2	2.1225768253649053	-1.8403316940050465	0.5229187092648171	0.9022107227376914	0.5887231816517089	-0.3759442753475698	-0.171203406344469	-0.0424346416897866	-0.1660424967356867	-0.0966408321999921	0.0887772203768247	-0.0504338575017219	-0.173208441279939	-0.1529585039751301	-0.0406093154009707	-0.0015270863199046	-0.0380148095112874	-0.070572440990149	0.1199762168347141	0.1019825256685337
3	-0.325640024547606	-0.1346963907585068	0.1528560048501561	-0.0242211694487588	-0.0684154058221264	-0.0207438368669208	-0.0138953871963524	0.0444251478528281	-0.0490065348404539	0.0187187111171712	-0.0503490507298702	0.0395240197759168	-0.0245384316602356	-0.0660723344869352	0.0395295944251502	-0.0340050452374929	0.0124765996459564	0.0478336456762319	0.0170423360547134	0.013460336433088
4	2.356950240993162	-2.7980260526202487	0.553959514233669	1.0726194998153953	0.6176532042377245	-0.1616484402229186	-0.0287077267461204	0.0092790750817919	0.0637758836972837	0.0124149878319195	0.1281568258058539	-0.1297520259497317	-0.018056245349921	-0.0003542313759906	-0.0119558191067041	-0.0173617359343089	0.0152816261302099	-0.0117205216534786	0.0921763459601254	0.0373680113452063
5	-0.3190339863769771	0.3277681683840889	0.0904406070001395	-0.1396562048218085	-0.0082422736774968	-0.0121581653431019	-0.1349827160419532	-0.0650291347025395	-0.1049689684190083	-0.0557004016761006	-0.0049273801999404	0.0746820740115702	-0.0910027982061387	-0.0367389738671446	0.01573064054123	0.0051066934759063	-0.0248294028982614	0.0080370595190277	-0.0005284363164845	-0.022685702729848
6	-0.8638495266192111	1.2764000721344215	-0.193732451264297	-0.5078650297717731	-0.0731867547933929	0.2347476523582818	-0.0258791251369649	-0.0496724425724675	0.0576715775534306	-0.1378242065312157	-0.1473808365744852	0.0062775507550825	-0.0932719912743909	0.176843860409905	0.0282882418126226	0.0133177613767318	0.0069600832289221	-0.048317884362739	-0.0836732004808327	-0.0407325544647434
7	1.5050323785499171	-2.2171176286963816	0.3567936033544781	0.6215264191583031	0.5779414636749232	0.1681151454714187	-0.1264086781119822	-0.0522127684821893	0.1730503048035565	-0.1405670542703502	0.0929714991166402	-0.1120398894443236	-0.0412020022241629	0.2339414848488111	0.0724657313964493	-0.0319316556025045	0.0131123342130146	0.019159726723977	0.0144423297454708	-0.0771755933503916
8	1.7626675454739078	-2.2387476223609646	0.1441628037510896	0.7995881947660651	0.4562333089118479	-0.2511680413831611	0.1015236138715792	0.1203378382219474	0.0521171224625398	0.0645604960654351	0.1005227259441444	-0.1660187843037283	0.0632467150078671	-0.0171070287529298	-0.0195282306232081	-0.0309234221167678	0.0032783620074277	0.0106350344437026	0.08359911523718	0.0596918714767871
9	1.7384929502441222	-2.9796530300459376	0.0422343647810702	0.9198440847928184	0.6826103798237418	-0.2200616464853071	0.0989783924547838	0.150678392672966	0.1597968644558989	0.0373870933143454	0.1782920192917181	-0.2154318723653521	0.1069046289468016	0.0358813384652766	0.0046639337890383	-0.0701878417744702	0.0095048675105356	0.1028513821887707	0.0597612452771594	0.0245925270483861
10	-0.427201212964841	1.1812871820468993	0.0962396118448191	-0.1490595507115391	-0.4044919796097473	-0.3103316936167447	-0.0271413124934446	0.0082292719003077	-0.2949033423518545	0.0766140406303732	-0.0351200764904545	0.1442866727699614	-0.0407165319492065	-0.3108302669226155	-0.0615513992275713	0.0241409884890004	-0.0464077772564786	-0.0505010439662827	0.0678570534701065	0.1065706329803127
11	-0.8369681267661979	1.6701533202268275	-0.5354204900235205	-0.5187421673951769	-0.1818234943601945	-0.1173797632790731	0.1872814037739421	0.0450560427778629	-0.062820229528957	0.0419552056598275	-0.0901640740840495	-0.0493410986506628	0.0038218113555081	-0.0450957112551008	-0.0772023094930612	0.0402271977514909	0.0172578762429107	-0.0310046329269678	-0.063889886077382	0.0211851388463958
12	-0.2392611543140677	0.7828355907066641	0.2743943636662929	-0.1140255257814255	-0.1644605108847232	0.0152462998804957	-0.2228782150266507	-0.1296385740332318	-0.1514394851920431	-0.1149085050164307	-0.0112620540879169	0.1546872965727637	-0.1214165339387746	-0.0784884619097999	0.0061909586144673	0.0194197574095585	-0.0479178963703101	-0.0575886625441054	0.0213149571278965	0.0117777808337431
13	-0.6466071484825915	0.5420202400688442	0.147722678435731	-0.1252276600022942	0.1020261783798058	-0.0786840921688803	-0.2191007119481993	-0.0675146927593034	-0.1356959144244461	-0.253977959183692	0.0017124464830489	0.1007647394109383	-0.1611658416112577	-0.0559668336033485	0.0180178928470383	-0.0416313929469374	-0.0542227528968639	0.0578390856867192	-0.0330004801883467	-0.0114928127853943
14	-0.7945489944469827	2.1507414439106567	-0.1093650715761888	-0.4306504137788008	-0.5036163349060534	-0.0601213814572637	-0.0234657508333127	-0.0263794838011025	-0.1583577722057173	-0.0444230236047646	-0.1360557878490285	0.1312889038407953	-0.0582114715240254	-0.1482073406352852	-0.0436056330508088	0.0348405633703157	-0.037062569447198	-0.1400555901781084	0.01921999513222	0.1194884476517466
15	-1.15666737975568	1.582776726944229	-0.1725688259072838	-0.4029530757602191	-0.3745713390481409	-0.0770270295921188	-0.073388362621422	-0.0412824172233497	-0.1335750034479488	-0.0025796019213192	0.0102996848336769	0.152357502784235	-0.0015757071978515	-0.185154351062392	-0.0344288451987516	0.0113094398488119	-0.041824901207214	0.0023869013969642	-0.0064284922505848	0.0439149269420668
16	2.6170291717195298	-3.737222280218013	0.1634122540589551	1.0698475802130374	1.3177150119670331	-0.1842051947049613	-0.0159528686556543	0.0163702480969681	0.1590970070472184	-0.0696204429272282	0.1650125106513889	-0.3238341523997052	-0.1111511912392992	0.1875931435150109	1.363866350892488e-06	-0.0267360423382153	0.0402652212182299	0.0768786858899756	0.0139168971605236	-0.0643722141351513
17	0.7261794948416903	0.0045652351552909	0.2208873933842432	0.4670314606745167	-0.4363590135416492	-0.3745878726174784	0.0773524318664074	0.1226815683831555	-0.1619762742270769	0.0349420806944178	0.0743079113273661	0.07537847699247	0.1501265667774992	-0.2926203172334912	-0.0681313007172836	-0.0276102078077359	-0.0696046552925333	-0.0716255435018624	0.136281377172331	0.1863568739772444
18	0.3630494518287909	-1.0590035771770925	0.0358712770627752	0.2485324299040826	-0.0228363019190022	0.0245993420039597	0.1623814049509909	0.1528582308157648	0.1171687650358399	0.0988984471080792	-0.0247303961543787	-0.0843950066459514	0.1241947131273624	0.0166839003865649	0.0511174236806359	-0.0542176617809175	0.0499901364949243	0.0447741233890824	0.0405819840678942	0.0340961464211027
19	-0.6597550487490917	1.6654609177926885	-0.2045705967272701	-0.3548910418631569	-0.4385513007582772	0.0743440630090789	0.0022140605906011	-0.0041650408975068	-0.0108879520864677	-0.0206207020730008	-0.1098094087303477	0.0891014772163038	0.0149152890840334	-0.0383766785327484	-0.0178473131167326	0.0242484264918088	-0.0317723759388661	-0.134572619727306	0.0146921753623676	0.1061478246135416
20	0.3698555728422636	-0.934779799570742	0.2268298573373301	0.2671603760712427	0.3328833784637615	-0.0700005148956087	-0.1587783061874003	-0.0144237472625975	-0.0358801439570571	-0.1138264905826419	0.0300998460825668	0.0046690063775279	-0.1044051995631217	0.0111416633306813	0.0361924659578133	-0.0375123509536077	-0.0352070771529809	0.0390506605804379	0.0219844711507244	-0.0021116571197828
21	0.0864568344786987	-0.6229193337718487	0.3730564096649056	0.2766209203141732	-0.0375009760575171	0.158832454460907	-0.1105338185424342	0.0486781953127083	0.1166040873248322	-0.1786992828657636	-0.0438734882017345	0.0543831390192129	0.0084728322585281	0.0960122096753939	0.0849090911184696	-0.0829847919378313	-0.0371196626825211	-0.0013633124390067	0.0300806316215406	0.0526090878059938
22	1.5179883968953047	-2.697677971186674	0.3038721332110292	0.8566786083036563	0.6002144048916203	-0.2557670521925717	0.0562535252770835	0.1456252578744215	0.0498936759779244	0.0417230346334389	0.0692381636432126	-0.1542007150638904	0.0021965359408803	-0.0473206454869952	0.0200679337956064	-0.0730403098607559	0.0212146147387487	0.0858399330153232	0.0775179995971006	0.0569819504851524
23	1.2310650755648758	-2.27029472861445	0.2012377558394547	0.5005482018845765	0.4429716005309332	0.4934941524474366	-0.0261103108989188	-0.0332870751918654	0.4187475923801379	-0.0990595692091656	0.0935685685997138	-0.1518112730632451	0.1046994618689136	0.429714474278621	0.1141487663436803	-0.038956587552661	0.0511755975461242	0.0331311103162314	-0.0319752588726485	-0.1349322572077806
24	-0.2534196534421439	0.5586554064050947	0.3647685207601028	-0.0189903701147364	-0.1887988407505077	-0.0254375236560989	-0.1665001043297802	-0.0553918288492791	-0.1387140723891034	-0.1148191459865604	-0.054932485826902	0.1417871496010596	-0.1043240049269829	-0.0950927576515852	0.0164151822188785	-0.0124032201614267	-0.0432330337661869	-0.0397288175102466	0.031547050753934	0.0471154532298265
25	0.9832315705338188	-1.0338008539502896	0.4435674834533279	0.4912675090413784	-0.1033193605254253	0.0022815569801283	0.0507905077192691	0.0807649832174571	0.0417000984289401	0.0350848197659529	-0.0384290577113154	-0.0083708371363605	0.0631763643540605	-0.0096333363596746	0.0300866864943497	-0.030906945481	0.007372051869293	-0.0592138615901671	0.0881009157613794	0.0812159904598844
26	0.5981958679514955	-1.5555406356223245	0.1417044914098703	0.3039830145317881	0.5380737243704655	0.0871632657786761	-0.1152439598633001	-0.0144002407261056	0.1110239593855353	-0.1147485059442524	0.0451285354572447	-0.0848255546591415	-0.0736757696855462	0.1907314659546551	0.0624130678504679	-0.0381444551931913	-0.0082616774934499	0.0655946692007005	-0.0182025620122223	-0.0763276161814006
27	-0.3947192164015533	-0.0928562432497213	0.1536989819123711	-0.0551677244226621	0.0622665414861216	0.3434467905262927	-0.2273340677266694	-0.0790680887894144	0.1531085552035077	-0.3164937226024617	0.0225603573153397	0.0622030446453079	-0.0356818323806278	0.2355292548829705	0.1067112242667425	-0.0645632547146231	-0.0385823827231749	0.0384971324835863	-0.0509076013491618	-0.0760866014840012
28	0.5932407430398635	-1.210056521993312	0.3160785921852792	0.3145162417656525	0.2526588688962053	0.3522080203235833	-0.1368337097019219	-0.0275063647548404	0.2399067260293852	-0.2707843943374075	0.0084218794465659	-0.0417036648949341	-0.0067707311842715	0.3233164886574747	0.1124654908524768	-0.0671102778537204	-0.011297087829428	0.0083157498392653	-0.0232515126409595	-0.0675910474997142
29	-0.2065041442985314	0.1718097061241653	0.1036102208827247	-0.0843182807304797	-0.2117400227911869	0.3801735712058341	-0.0412777872687437	-0.0083260222117601	0.1977366777431782	-0.1301275141885291	-0.0726351229371561	0.0298980592208483	0.0544885526286178	0.2174516443758496	0.0870682074221859	-0.0324273555527998	0.0028888847761579	-0.0498549381683296	-0.0160487305225545	-0.012322345037055
30	0.1786805122400986	-0.0573226034238659	-0.0725384513317172	-0.0871265255244977	0.1191032340809561	0.0160205749485213	0.0674323022138427	0.0666171754843864	0.0013152866788583	-0.0741865875037091	-0.1391503627458317	-0.0976832735627801	-0.0764393951401705	0.1132968093127385	0.0393972616856898	-0.0151150365161545	0.0262777595060772	-0.0366078219093353	-0.0077107746857174	0.0041781432492176
31	0.9364340234310438	-0.8724488041223857	0.4223052466442171	0.5536911729624588	0.0909672166830396	-0.1842826591158236	-0.108543775611234	0.015724336045847	-0.0782933327235384	-0.0719780812011709	0.0394622448326298	0.043259676704294	-0.0401271670426605	-0.145556813554794	-0.002340611051147	-0.0354613986207814	-0.0372156804510961	-0.0389010609558646	0.0961060112162848	0.1136178826785676
32	0.2476264635036314	-0.7704305874131224	0.2604368357819717	0.1275316788110739	0.1424722982260828	0.2476395555185718	-0.1379395745747	-0.0465664148248546	0.1116993233265156	-0.1298963646123526	-0.0048324839271196	0.0084193287297184	-0.037349240374726	0.1847083653714064	0.0887469804007216	-0.0323984866247512	-0.0039399737199847	0.0106591202829176	-0.005327493429689	-0.0606599846550526
33	-0.1958453546035409	-0.2721452353933719	0.2752284521019055	-0.0092723508115615	0.1468999964511007	0.0745597687116408	-0.1519295140409836	-0.0215382146374893	-0.028021703691291	-0.1833519256347568	-0.0590307843626487	0.0356032035987246	-0.1238796925910318	0.1056341655841996	0.0671094661662949	-0.0432752332206178	-0.0296335894777323	0.0359960246910049	-0.0204255617386381	-0.0450353854524887
34	-1.1863073416476202	1.4733754891808302	-0.3134319018310055	-0.6341118405237075	-0.1295975994225071	0.3994003483239632	-0.1225859907233662	-0.1314726533977527	0.1320806302776137	-0.2270901877664189	-0.0257448087101054	0.0498061108736295	-0.0292607959472744	0.2673191044565648	0.0481429982729228	0.011365501643171	-0.0179627115985329	-0.0055621077343379	-0.1227975944935621	-0.1246799801107162
35	1.8225960498710423	-3.3365639162713454	0.0603940455758974	0.8653587752775403	0.8421517216482317	-0.2621498693614488	0.1519715339666839	0.1616195728842203	0.1126813269806504	0.1444296334925296	0.1266520540709611	-0.2697739970180825	0.0468662200686827	0.0499499472903236	0.006608212307079	-0.0484985828460572	0.0460353637351684	0.128016582358548	0.0488315938409641	-0.0221830025132958
36	-0.6474902118382516	0.7763246256537387	-0.0103567972523755	-0.2825003080860662	-0.3030197858778423	0.1344344779722412	-0.0379920107173981	-0.0331334469011399	-0.0118904683399475	-0.0158261752892307	-0.0227171611866275	0.0843660907949195	0.0240467522204921	-0.0025582913473742	0.0295600489054141	0.0005311965374592	0.0005898867634939	-0.0015897489304632	-0.0110007356171255	-0.0206359506977473
37	-0.438387229084868	0.6396471081656688	0.3046926220723044	-0.0510242625804604	-0.2942549525602145	0.0062186986545549	-0.145933025907655	-0.0544149016855434	-0.1014918734833895	-0.031076081928889	-0.0209757188478174	0.1679035257187232	-0.0369715913422714	-0.1090463785763987	0.0041855044347141	-0.0015300483288137	-0.0509766477959358	-0.0343193547848824	0.0336529964154505	0.0478086570639117
38	-0.6182426306603686	0.9119973586873746	0.2739732637455409	-0.1916293254809357	-0.2913201718033302	0.2645821878188876	-0.2100224471381837	-0.0834925123161625	0.0171246350316203	-0.3233196605022019	-0.0464492125611478	0.1425547994934404	-0.0527749412066305	0.113311037269966	0.0790699789889217	-0.0481847384529797	-0.0474903027710873	-0.0277555619548581	-0.0259046515100205	-0.0183977226850346
39	2.4579010202065663	-1.9454598737648927	0.5511534965048056	0.9289189697996554	0.8646370541267733	-0.3036421652784435	-0.2983542971812638	-0.2216736498273203	-0.1552590527408864	-0.0952044299774121	0.1958667315867633	-0.0441244794448473	-0.247077712722343	-0.0925477277232685	-0.0855095487441815	0.0671439627209406	-0.0417581868463773	-0.0829931945909793	0.0768021455895455	0.0089643675583612
40	-0.3689933832088235	0.4474715626721276	0.1075595780443828	-0.1576747817973645	-0.1826692135644701	0.0581609803755632	0.0342917852290547	0.0504312429074286	-0.0153261401688105	0.0375739242368956	-0.1638178718326634	0.031704230278199	-0.0432187758508235	0.0092942661399024	0.0271328295121694	-0.004341934465295	0.0076096315159482	-0.0533311613206968	0.01336496969861	0.051777697221422
41	-0.7701273970167698	-0.1978524938058257	0.0334848223965823	-0.1570909052959424	-0.1799195835952723	0.2612345359164731	0.0570426286851375	0.0984620113950142	0.1657830114471156	-0.0009438908715572	-0.0852762425778237	0.0100190150083553	0.086198959080992	0.1311679230907243	0.0997188215384958	-0.0680814093023834	0.0288644112838305	0.0761524597986589	-0.0261691740809265	-0.027656563372522
42	-2.896748282105647	4.189713792037449	-0.8984537365806112	-1.3482539210548632	-1.1925519706537788	0.7732285425409857	-0.0091330756560883	-0.2838492508140582	0.3022666749627899	0.0664834777840825	0.1748583706203917	0.2673569741674084	0.3520463057221469	0.1132853025789542	-0.0390373357656208	0.1101308616972683	0.0141201225501825	-0.0304259463780981	-0.1749637268141395	-0.1509328112926043
43	0.0731373895284997	-0.8865695146572439	0.2779699162018559	0.0458413540025456	0.1548981949220397	0.3035278792079002	-0.0894706387101809	0.0028927562990362	0.1372653747804361	-0.1664212052537119	-0.0687785387312875	-0.0287919172623139	-0.0450934681275176	0.2719398437376986	0.1250833501380201	-0.0570115804269648	0.0121117771301365	0.0415915959481077	-0.0293908189028012	-0.094815516444039
44	-0.0873536199425822	-0.1091531454603255	0.0380762384222803	-0.0633797379191309	0.0537021409572018	-0.0019916322813934	-0.0826313387950634	-0.0091478139988981	-0.0559690798592296	-0.0311428609168571	-0.0244877292711285	0.0201952529510058	-0.0632914880288018	0.011117071054701	0.0364854816158648	-0.0084507025906676	-0.0149781697398052	0.0063081641196835	0.0137297153549471	-0.0132869673642205
45	-1.445200068558109	1.3797607111118768	-0.2968368394217586	-0.5545979350725809	-0.3531637256672232	0.2371649476369436	0.1046559971037209	0.0289961397769866	0.1200498846927704	0.0085951870356622	-0.0927693956799492	0.0380640985253682	0.0751662591163489	0.067932238466097	0.0200657552615744	-0.0118776263628102	0.0340442975612804	0.0357995133717195	-0.0847342654959142	-0.0254205847627554
46	1.5221404511571943	-2.8442748788168286	-0.0065851948714419	0.6978918889816421	0.8092767313091478	-0.1504973234545934	0.1811920015119424	0.1477366189576787	0.1702111136363137	0.1350021960947826	0.0523261810410867	-0.2772431331287611	0.0214314355936199	0.1050950337387987	0.0074534832213155	-0.0372279723539647	0.0690459660544567	0.0990653670989395	0.0151388424553137	-0.0199912160353295
47	-1.5794958555715048	1.9283524430378816	-0.3815293215757658	-0.691391007882441	-0.4003607362259107	0.2288973691421029	0.0178679531382906	-0.0613052680533492	0.0541858273574016	0.0295825325248287	-0.0554810308847968	0.0947723748263408	0.0360929702256935	-0.0029462714817892	-0.0035348473262137	0.0280043105649743	0.0238441071961051	0.0014641204295654	-0.0787754424001032	-0.0248843798411192
48	-0.0474244138513926	0.2306880391965609	0.1899282130995692	-0.0067181807595352	-0.0263855404728765	-0.2818298472822253	-0.1305223228047374	-0.0467735668436683	-0.2754460638591565	0.0918042158368871	0.0027283399883842	0.1101518146758668	-0.1230167918940644	-0.2328064962363167	-0.0391125848385692	0.0342068735430751	-0.0481023355414593	-0.0176220090178533	0.0625211977588879	0.0436847645688108
49	-1.1138114658716889	1.732000451148836	0.2034869132776918	-0.4127841919499573	-0.3929417723891292	0.069202691173452	-0.22445732226369	-0.1436944381186582	-0.1696579732398008	-0.1487382745322552	-0.0359019375732865	0.2240736323304526	-0.1130837354406126	-0.1194109825118291	0.0053062240647184	0.0112838096614814	-0.0447794836422791	-0.0255212780563656	-0.0187602716173205	0.0019220995343345
50	0.9891576956344889	-1.952477359679253	0.1426876270679206	0.4429188841555399	0.4576935206092515	0.1639236476298643	-0.0397724131505518	0.0485825086203122	0.1997083200149968	-0.1046600707010443	0.0255283338107393	-0.1306854982027176	0.0031968774589979	0.2286883232408458	0.0975646910098694	-0.0611579856191223	0.0199274165782352	0.038672405754925	0.0155394063577559	-0.0412222885267905
51	-3.04038836767742	4.63686457559522	-0.7061846259564258	-1.3461218721401822	-1.1856300931063697	0.6779329423768169	-0.0268514974303819	-0.2420336356076967	0.2159279064160083	-0.1971966074206171	0.0767144058267091	0.2673992343103724	0.2458471400898516	0.1212588882390335	-0.0290354983100047	0.0553335238748207	-0.0034558260742288	-0.0258579292388796	-0.2018550175627325	-0.1211979830179058
52	-1.8690544700984304	3.832012508165911	-0.6109652461580013	-1.0594170239236185	-0.8052233953222081	0.5543701879164313	-0.0169658929526066	-0.2304691742827989	0.1746637761484036	-0.1750133098548494	-0.0107250670771267	0.153322811864089	0.1149222471281602	0.178399920291523	-0.0460791249088856	0.0895321205520571	-0.0009284015253069	-0.1347448279006036	-0.156387349725433	-0.0744834893807711
53	-1.0988095049320332	1.942399316038528	-0.207386147261899	-0.6338744976603031	-0.3735668254906159	0.034765759298076	-0.0520611598512728	-0.0963713557649113	-0.1585592896451893	-0.0346696150448542	-0.0528019152521777	0.1095988012503083	-0.0627922676317964	-0.0727258257344289	-0.0180289055762698	0.0464873510714359	-0.00369557383526	-0.0304562744922037	-0.0428066625695984	-0.0360717456503385
54	-1.3094526732848917	2.6170351922096167	0.0799081762137254	-0.5996758509434055	-0.8575054312402297	0.2522458842902679	-0.1050247666653497	-0.1334383341508316	-0.0803383274838329	-0.0870753243875874	-0.071513488695397	0.2494008423133109	0.0256602475045839	-0.0990854561798153	0.0043096976545794	0.0328632652132753	-0.014440484754866	-0.1055317964420836	-0.0116930094901628	0.03242168667987
55	-1.3588434785536665	1.4632059205222756	-0.6042081366905124	-0.6831726632952079	-0.2550401062815769	0.329621583699224	0.0704871803783582	-0.018917988655595	0.1768165588736449	0.0113702658350653	-0.0547588779068781	-0.0011213754434932	0.0776460628588062	0.1297733270512815	0.0336395091433055	0.0129383187354229	0.0443856475200869	0.0067711675368194	-0.0889348932647099	-0.0477415512826629
56	-0.0479760794713765	0.0806377857876782	0.2930913026385569	0.0264940319758001	0.1547133682795932	-0.2757968255643797	-0.1536118665875063	0.001260269768595	-0.2677703663567793	-0.1590861899556524	-0.0781524978761638	0.0557856088237474	-0.2160259692272353	-0.1196378368320527	0.007790106974295	-0.0286646393742462	-0.0514591432179101	0.0124742746838875	0.0263041479034309	0.0323035980532496
57	-0.641523760475466	0.9725949383312196	-0.0531443026133503	-0.3887145598217549	-0.2775600125883566	0.2965068149194932	0.0420716290398709	-0.0219503770882222	0.0962250623203601	-0.0417045741065736	-0.1294789793307824	0.0200437568542295	0.0073687957613561	0.1518674145896796	0.0425085433488095	0.0102944644060777	0.0337620367480146	-0.0492811189459485	-0.0511145913465721	-0.0357104283739865
58	-0.3803496982545544	0.4055281689765787	-0.3155481813196144	-0.2080728691373967	0.1962550841528033	-0.0103143140141086	0.0328927342149164	0.0227243341561769	0.0348679707649022	-0.0726360409081498	-0.0608343820010298	-0.070202806120886	-0.067760681240994	0.0494398984690679	-0.0037554450466883	-0.0081577220088299	0.0153238691314446	0.011106223142573	-0.0508216083836235	0.0052338192149955
59	-0.4672534995535532	-0.0338080701979194	0.0497084930377758	-0.1454611828441129	0.1617562120569359	-0.1720284953388298	-0.0983321817241541	0.0288140765171288	-0.1748872584875726	-0.0849050052529473	-0.051691208743692	0.0225500095746589	-0.1427021485808315	-0.0465510066080377	0.0322984570426366	-0.0340506613692097	-0.0327037322163231	0.0744673053173882	-0.0057858408639964	-0.0246364646554116
60	-0.1735331506754863	0.4005412608643232	-0.0858768560131781	-0.1178283871639305	0.0822140650256823	-0.1601717567442261	-0.0651364076245064	-0.0373931523746339	-0.1311300048193891	0.0469239003132572	-0.0084283339753692	0.0333934065550469	-0.0907315417149594	-0.0834005215525253	-0.0443867368165194	0.0374060295744863	-0.038884796592414	-0.0257602873043793	0.007163259810038	0.0187552804567334
61	-1.658350567880824	3.372282023368516	-0.3415374574218333	-0.8655465843655217	-0.6553252443591133	0.169914642151099	-0.0932559877726166	-0.195126825470606	-0.0968095570257921	-0.0289826824112413	-0.0598070747207306	0.2116021131804254	-0.0385522895430563	-0.1090493760804825	-0.0750550051020923	0.0955363598997324	-0.0236789603364167	-0.1296894692681052	-0.0663610718826683	0.0233163678944662
62	0.1974378423659798	-0.9241036276189696	0.1868891463244014	0.0583539358301928	0.2146262960961033	0.0017152341183145	-0.0469516870197515	0.0673682633261928	-0.0380920221091172	-0.0238250250577034	-0.1078883580716429	-0.0428472057627178	-0.1013961669744151	0.1024035903477216	0.0834940776985339	-0.0363042258904995	-0.0045604634814942	0.0221134136647097	0.0259070408109118	-0.0242588128441138
63	0.5963394519960723	-1.510724531132026	0.0532330622749735	0.247950935015223	0.501537144082657	-0.1286324529173987	-0.0831881618946306	0.0404833411401867	-0.0423324383355257	-0.0259952060799348	0.0272222553011054	-0.0875487439187385	-0.0951034771612658	0.0703106404858687	0.0477286189020583	-0.0301670160600037	-0.0221885199424195	0.0668337618950991	0.0242791582218598	-0.0455940340815441
64	1.1142155820801485	-2.653923323039997	-0.2415703842970445	0.3907941038524298	0.5710998302102377	0.1091993757736206	0.2612503060757888	0.2263402299826356	0.3032689266962166	0.1622150549704019	-0.0452650229374115	-0.3117455136461332	0.1170183530364944	0.3163874709839722	0.0907695410040778	-0.0513387528652757	0.0737974899907377	0.0681992988858106	0.0095853063476918	-0.0528699864359756
65	-0.5992931208165125	1.5525645832148909	-0.1105203149223407	-0.345469862434508	-0.1089385355566972	-0.1198492694741105	-0.1552162034954509	-0.1260617326368311	-0.1965321165861976	-0.0547251536940814	-0.0244099962117061	0.1199060265951637	-0.1476555831747798	-0.1511027145981444	-0.0589929514129858	0.0552472075153105	-0.0462272523045515	-0.0747118245791671	-0.0060619652224787	0.0417780017183349
66	-2.8481702488596152	5.263107882452172	-0.7969017874669722	-1.3852989663260538	-1.2409870756797006	0.2969858389242351	0.001655192707445	-0.2686055440634755	-0.0490317897064397	0.1436375638814247	0.0339483565028342	0.3228886772935503	0.1515422606666165	-0.232271411391658	-0.1487188495319004	0.1590650083826462	-0.0071841908359164	-0.1383317315113617	-0.1110897791330674	0.0153883321292038
67	-0.2487680502391523	0.6872458810848319	-0.4431677647786785	-0.3640041547105083	0.0401932770684923	0.136114621894369	0.130913008819631	0.0151013464240548	0.0965251378410109	-0.0097637542948691	-0.0954436046024229	-0.1147020154590021	-0.0059981037419951	0.159183511798731	0.0016938602725983	0.028486480951127	0.0470291639806582	-0.0456019009332792	-0.0622635703579727	-0.034244235566613
68	-1.6479624204656025	2.5682128261192325	-0.5443251807999596	-0.8803004155970338	-0.4474513268292554	0.3636628663005689	0.0721619093853466	-0.0795750243871747	0.1345641742320797	-0.0332088354645908	-0.1219499188354256	0.0511347583721304	0.0363747801924923	0.1538537769583141	-0.0161444598900688	0.0547811070023213	0.0228234144493349	-0.0719218521374017	-0.1242487926667369	-0.0429179366795648
69	0.9757762815723912	-2.170673396660092	-0.266795032246319	0.4619319128996415	0.4688221361552817	-0.2803754257573687	0.2551478735070129	0.2254259922515217	0.0756404082888062	0.2399470523030889	0.0594238208106755	-0.2337726970965992	0.1175739817142126	-0.0115873008752833	-0.0064858311624477	-0.0364134009021387	0.0394567285286908	0.1025389479892304	0.0485218068867455	0.0196124009553615
70	-2.053034549461872	3.7902318660854255	-0.7201677305347661	-1.0924062011469775	-0.5100275260998371	0.1319033651940156	0.0438287034164088	-0.1226291734704747	-0.0443791159905955	-0.1333800146439324	-0.1016197317001933	0.0926372882645596	-0.0367596571937517	0.0122905624900604	-0.0946356140341535	0.0772165577504744	-0.0147981045604063	-0.0853217255857746	-0.1504830264718686	-0.0164832942600672
71	0.3876181614502221	-0.3718581070937036	0.0998224738781988	0.1225215903376394	-0.004565954867366	-0.138258021622645	0.0488418302584238	0.0213761922438771	-0.0800832523501296	0.2127836621752485	-0.0164424144417861	0.0014999319503935	0.0026605968868731	-0.0794468227782338	-0.0393877577659771	0.0444599860304488	-0.0092992281743262	-0.0416316033546122	0.0516273664543523	0.030295249516986
72	-0.1641107720155288	-0.4336205172083571	-0.0815752981637619	-0.1211438453354958	0.0709694848832031	-0.0659255401274755	0.1224124967211799	0.0811360024490786	-0.0409924862809358	0.1669609488981191	-0.0578693907306926	-0.0670664632152913	0.0009540923083819	0.0061696262133007	0.0162658997638091	0.0038632525642222	0.0389358386881211	0.0631278043472697	-0.0060494604970639	-0.0489397062136636
73	0.1219404417717047	-0.1291529035887113	-0.1087778494177353	-0.0261756968816971	-0.0195608092594945	-0.1751952573962539	0.0635571672776573	0.0233032359784196	-0.1063663636808063	0.2601130247412789	0.0046708553201295	-0.0026852084847463	0.0134531208827741	-0.1271584661094595	-0.0447139930965968	0.0528599570831519	-0.0005663713033771	-0.0204086452186581	0.0478864236855529	0.0241032842101862
74	-1.705776193044508	2.9082450464533567	-0.4815262022162229	-0.8456106374140291	-0.5096667013507948	0.1303110355158652	0.1048905491066714	-0.0552029899204901	-0.0084301775339647	0.0098394138813376	-0.1328841215741881	0.0815546410147162	0.0040132122954573	-0.0175068722962273	-0.0724986855093294	0.0628277450562095	0.0107296350508861	-0.0729836270260563	-0.1045254592601639	0.0133156350704881
75	-1.3633100029724403	2.615538135945118	-0.8649810699256799	-0.9113898924691084	-0.2576351496559045	0.1820409672176157	0.1299218430292079	-0.0899024673805023	0.0668569055365257	0.0490083021245012	-0.0695951112360231	-0.0247515008091833	0.0158429421878117	0.072212234657984	-0.0741201402719434	0.0959736974943033	0.0395408644086645	-0.0783614210020738	-0.1230101365549114	-0.0393377704483098
76	-0.0114393171992339	0.6212189659265841	-0.1725753049992674	-0.2282963074431586	-0.1419206539629044	-0.1358630441927105	0.0850285082790815	-0.0316047364238548	-0.1425007601145591	0.2793815359077911	-0.032705533076419	0.0101716045905085	-0.0122109358293355	-0.1274020297639156	-0.0719658313952978	0.0962905198361905	0.015255603869748	-0.073633349839872	0.0283257252599252	0.0112189861718178
