label_id	PC 1_tagRFPtUtrCH_TFOR_pca_predicted	PC 2_tagRFPtUtrCH_TFOR_pca_predicted	PC 3_tagRFPtUtrCH_TFOR_pca_predicted	PC 4_tagRFPtUtrCH_TFOR_pca_predicted	PC 5_tagRFPtUtrCH_TFOR_pca_predicted	PC 6_tagRFPtUtrCH_TFOR_pca_predicted	PC 7_tagRFPtUtrCH_TFOR_pca_predicted	PC 8_tagRFPtUtrCH_TFOR_pca_predicted	PC 9_tagRFPtUtrCH_TFOR_pca_predicted	PC 10_tagRFPtUtrCH_TFOR_pca_predicted	PC 11_tagRFPtUtrCH_TFOR_pca_predicted	PC 12_tagRFPtUtrCH_TFOR_pca_predicted	PC 13_tagRFPtUtrCH_TFOR_pca_predicted	PC 14_tagRFPtUtrCH_TFOR_pca_predicted	PC 15_tagRFPtUtrCH_TFOR_pca_predicted	PC 16_tagRFPtUtrCH_TFOR_pca_predicted	PC 17_tagRFPtUtrCH_TFOR_pca_predicted	PC 18_tagRFPtUtrCH_TFOR_pca_predicted	PC 19_tagRFPtUtrCH_TFOR_pca_predicted	PC 20_tagRFPtUtrCH_TFOR_pca_predicted
1	-1.017273823214789	1.4620313347547746	3.2930876546728767	-2.8422531268027527	2.124122929420399	0.5896498996332942	-0.5197109050289406	0.1585781907010925	-1.1254941271861243	-1.1197411558070671	0.3006296591262352	0.3583711134889897	0.7835074139958529	-0.4116546393826525	-0.4999882186410396	-0.517407877031639	-0.2074457668390996	0.125092396879294	-0.1613779246943467	0.3519047811354454
2	3.018731758284116	4.113634781868088	1.947948793702265	-1.6362998841964718	1.125712509157592	-0.0655779173408777	-0.1756557382300556	0.9222693785270728	0.5199813404131799	-0.9442721847201452	0.0855927012753188	-0.0462959920265424	0.1951758349153962	0.8030214551716326	-0.3385304448163211	0.3736307204338212	0.2878706841085128	0.3934984510278043	0.0578829925854682	0.3529845518457293
3	2.224712911580132	5.112010404588569	-1.1984972012298964	-1.7593178264244251	0.8218373329594943	-0.1885104511249049	-0.3275612225561275	-0.8735223815544195	0.5051976890325047	-0.2118792341869846	-0.5359986376191994	0.3557571123672938	-0.6070369085303184	0.8323402316854119	0.4926642899731348	1.0922013235346506	-0.1199683138462139	-0.3104947738006365	0.0724073573699248	0.4911324016538643
4	-1.563072976019014	-0.6597479220132225	2.9947541273448777	-2.6318585273615547	-2.073709387599144	0.941596501948109	0.1846858978402039	0.6405217153463099	0.5621413944650318	0.5529612123397665	-0.8252912870071452	0.1441309996896125	-0.23470480280832	-0.267647373000861	-0.0259421416482155	-0.0993090492379862	0.3556869412541923	0.158299326109242	0.0023706274870987	0.2882792408596479
5	3.3891022658293664	1.1370831122085665	2.6586067194593235	0.3459339549880091	-1.997250629427476	-0.1731215892196007	1.0409865690457707	-0.0380986211372693	0.0911787243029369	-1.1035821835417754	1.2583657004100477	-0.1649633363299534	0.2390465354800142	1.02096711159365	0.5985795560969827	-0.47900137144738	0.2824344379653007	0.2855394787961118	0.1113611837468324	-0.0497272776122308
6	-0.8729043661187026	3.5455578176163614	-3.1843768766559983	-0.6906618490977721	-0.066009221215295	0.0275749220516918	0.6134439341044278	1.3574476935043231	-0.1393745195209828	0.3268036176129594	-0.5007710590129637	0.2494229974241983	0.4017180460646017	0.0776465724733141	-0.2215482114728786	0.1733390033447592	-0.2065527374408224	-0.2574385366210754	0.1096952760351674	-0.2357682227276214
7	-0.1452379259927516	-1.7057174252851457	4.087175973676184	-1.5330890692148955	-0.4130787863832868	-0.1927746320012597	-0.2925674132236828	0.7016691401385593	-1.2695088355132549	-0.5623230713249119	-1.4274619339565169	1.101859224268929	0.4285712567761841	-1.1831899254466711	0.3516386364022921	0.6574440885477644	0.7136039758444293	-0.3636760821131429	0.0751440413108204	-0.0891503352517411
8	-3.6674784975401873	2.7214395544925214	0.3401479083546997	-3.2558495777089256	-1.0949403195302974	-0.0344090244145571	0.3729656207088894	1.006581266584725	-1.6235768342813284	-0.4030572645462702	0.8591410762561953	0.6601147049728633	1.6133525783143592	-0.0638723608852793	0.6946258042775071	0.0397393015899483	-0.3684975527377672	0.1919697690628916	-0.4472709959625627	0.2880862195830218
9	-0.4550356493840466	4.0958723585596735	0.9156901567616006	0.9216266373966846	-0.2998772451354259	0.4293326895268881	1.53373039759828	1.518453629105572	0.6369834130811594	-0.2141477342486308	0.3105812906875282	0.3389615739219147	0.6110127322146255	0.5415989129796954	-0.3141610700880122	-0.8758737977512132	-0.3381535250646683	0.8417333688811384	-0.4910383789673753	0.1434187933337902
10	-1.3297597472916851	4.695551273613137	-1.3201674164830255	-2.881722702431506	-0.6127561913893398	0.2561291582710123	0.5788534111734975	1.133314288303989	0.8477869055601612	1.3484505722039546	-1.5192324108518829	0.2850755736119489	0.6094588627260755	-0.1904866125165463	1.1891391655039172	0.408954363335807	-0.3662451641974575	-0.7117376018265154	0.0287050591779296	0.5077226741354757
11	-0.109716959994297	-2.708846982162788	-1.437323369783824	-3.6185552556493854	1.400108410206845	0.1538877532507894	0.5714959945488971	-1.3254201989491214	0.1063265043723671	-0.4075680009459046	-0.2303565944910186	1.109775557017138	-0.4235349986161267	0.4859473648750927	1.1584685077549397	-0.0954805808290635	-0.0233035238464358	-0.6131306260638871	0.1773463981021725	0.5042559641907225
12	2.102301536081061	5.248379355198205	0.0816280641032899	-0.8511813414298395	0.7043187363024591	-0.583298577012989	0.1096496822637789	0.5536234664754787	0.4300781603791304	-0.8387932190826288	-1.6985365811884188	0.7685103076389241	-0.1379750558803003	0.2414225494781674	0.4947267214263995	0.5380872945229223	0.1621730694103975	-0.4179831437254739	0.2040091152023739	0.5373965587707801
13	-4.1104833133363865	3.778221445936412	-1.5557659290504606	-1.2331983198313488	1.9502111558257813	0.2795441246196941	-0.7593839264494521	0.7338328849632559	-0.0803097739176035	1.3576622171733912	0.0654262283503062	-0.6704599916432691	2.015397219153403	-0.8582645915641529	-0.1166562967649795	-0.6142602151431815	-0.8512674111333699	0.1467550853542307	-0.155728198852949	0.4554614082584969
14	0.3471964678735917	3.079259214551266	1.7247041800508836	-0.9282951787183188	-1.3421744427108515	-0.5592977432057924	-1.1261030528940807	-1.208295615906092	0.2416710551821149	0.371623292679796	-0.3200164151603655	-0.7335201123421121	0.0125871013086715	0.161718135470879	-0.3291769172537506	0.3823443943065976	-0.00927597205684	-0.0651370641784387	0.3515378041689976	0.0060867172491647
15	-0.3169478652569522	3.920017835445927	-3.606884497132752	-3.0386552965224425	1.6278746767194836	-0.4122622860758755	0.6232489305056603	2.5379715863706984	-0.9384878092314342	-1.0246678533393774	-1.7458968023901191	0.3471791381251856	1.5453091869962776	-0.1234413030031675	-0.1828733186096371	0.7723999737980856	-0.2951954282222848	-0.5870413145095041	-0.3560680863205983	0.3254063460142795
16	0.8019174839722085	5.498959602115455	1.6814859284786492	-0.6655029005738768	-0.6116047555486535	1.6689342673500112	0.1144817708191574	-0.2165821145131978	0.1170320651057377	0.4512210889222845	-0.0336581361042309	0.6803123029386073	-0.6733167854445306	-1.294723401852528	0.7243818560610721	-1.5415032906315054	-0.4648403137986312	-0.0004216627261348	0.0630499586658634	0.9027826377733064
17	-2.506926032026626	1.8804912406738072	4.011392578939324	0.0879278961137295	-0.8607367495241351	1.2071753619062595	1.2021287104239489	1.6795986322883505	-0.2820801196592395	-0.4969066965548951	-0.3078925568200841	1.28697536405413	0.1242779769175648	-0.3385369481704452	0.9137675910905898	-1.6377633607468935	0.2876696283071753	0.0029169679003027	0.0828805537873007	0.3427850545222597
18	1.8200980782306224	-1.0627654088469445	4.186126707113202	0.9447105024123416	-0.7976340984826382	-0.0122802529570118	-0.5095929812548441	-0.6814563334515356	0.8066874086211957	0.3964680479651288	-0.6863367369762035	-0.6904065307957721	-0.0122374781935619	-0.4717256148748512	-0.2275353808583737	-0.1361742268824797	0.2827168203502141	0.3299323692266556	-0.5194859799635703	0.0922358491254229
19	-1.249791607128663	3.6873725884465696	1.035117266727882	-2.182330316582231	-0.1394471692587576	-0.2598258353379132	-0.4002031750819519	1.42354139060048	0.7369122707955515	0.1746395810041359	-0.7536837359954607	-0.3219271601518718	0.8603660846036831	0.4354451903277421	0.1085388729059744	0.3182800242409571	0.20739196948566	-0.1206418195242255	0.1553237068061497	0.3585739864194508
20	1.5536297324352306	2.193792527612408	-0.3094315043838468	-1.7129801624248058	0.7462432017675387	0.2336335349830247	-0.3324618641757801	1.176866957866217	0.5730147005270876	0.5656812476612347	1.2492426878225429	0.0783999685081839	-0.7029379520563168	1.3376002617484928	-0.0916020476036969	0.9154981816712516	0.29655307719164	0.0819837983142492	0.4199106188150052	0.4271021181835976
21	1.785171903832894	5.968607224490088	0.221758741282512	0.9801160070507002	0.2732644320566468	-0.3708115152925617	-0.8877448312941354	-0.32260199814149	0.4304352974345473	0.3221701304375943	-1.0345468146290369	-0.0328769140117861	-0.5568726325879609	0.0032418200744515	0.3080757608108939	0.6491498106032034	-0.1564524188080147	-0.2950467953913487	0.1192406445754477	0.4457296195609252
22	-2.4604976816052497	3.293767280019852	1.0064980837230504	-0.7293692555417373	1.710124952913327	0.007780301531771	0.442020173622339	1.055061760091327	0.3826872441823905	1.010803122055417	0.0492058990288928	0.0537428311599166	1.5499073979827889	-0.1804956828867525	-0.7217451878295513	-0.3196288837796308	-0.6246948449274425	0.5620424260827492	-0.3464861521448172	0.2088678236372843
23	2.9877659592991184	4.331757948937399	-3.0209892199883743	-1.9704222820689736	-0.6492803949502732	0.7939969836455885	-0.1559290221086051	1.2377863044649828	-0.6326363853572357	0.97292121683251	-0.9686509879953124	0.436032335015061	-0.7432362470202172	-0.8440229980574814	0.2356064508333659	0.7130480617101982	-0.3889265587520638	-0.3322185185016251	0.2287457102461223	0.4768558858194289
24	5.560070076933664	-0.6242661658101607	1.8363863373730265	-1.0793719102375583	0.5629433111280637	-0.2439685807702356	-1.278577460103662	0.7217420400782615	-1.055484718692986	1.0882922259075367	0.150059295897238	-1.255116771181064	1.214948510877349	-1.252119370047295	0.7810848212856847	0.4102959827282519	-0.0924498428730045	0.3484719666857019	0.2399655211853888	-0.204095518318212
25	1.6970222443918042	1.2960547569388847	-2.3360760172324704	-2.341237780113225	-0.1165021698897692	0.5895392786748457	0.1146763761376981	1.5076662438353914	1.4432074186661925	0.3753370196259165	0.2440500349242267	-0.2615426903066185	-1.2767374650357295	1.4297725208501482	-0.5806682398654068	0.9522163248881854	0.4145444615661704	-0.0725294121357384	0.1638919116712491	0.6629041130230249
26	3.0055137996566232	3.1056766896257515	0.0494023402539215	-0.0364756299264001	0.5969580127504959	-0.4171615728725188	-0.8752660535840953	-0.5268383308119411	0.3507727846916832	-0.2931059826692288	-0.4790973706832009	-0.4981196841594153	-0.7682239625632512	0.3594549105806819	-0.6485844788011121	0.6831988510871463	-0.1078855718396019	0.1045829844270131	-0.2016566235427577	0.4479470861612959
27	-1.8029304990727608	4.936418956313867	0.5305907412899858	-0.6863098560312046	2.414193760872537	0.60014126573255	-0.5464385105773175	0.0260829360257552	-0.2527518712183809	0.8899135194110701	-1.238230641194802	1.1167571293280476	-0.0427052348070766	-1.5352828427928054	1.435959043933785	-0.7455297810978243	-0.5990047371440239	-0.964000903986472	-0.1710991979254901	1.1177221449848955
28	-1.1004084536542529	-1.3284128987371115	4.332947485409578	0.0970164445635681	-1.9587043667641968	-0.6503976000738088	1.1418950208478194	-1.6943571422212962	0.5345073043969979	-0.4321921698852482	-0.2402301990052873	0.3643438499469313	0.5661181467736149	0.7508127353044549	-0.0987894385908241	-0.5235900957833393	-0.0780222390340155	0.4381132666215366	0.6505100419061938	0.3948037973338465
29	-1.9416379268310664	0.7283453054957203	3.166843058007972	-1.3967416657175278	-1.099999171238731	0.2420848461779461	0.1321974582025511	-1.6020740250143817	0.5890430953879201	-0.0497662571006967	-0.2588431827738393	0.1440366402488608	-0.1270816669987802	0.2422716588293325	-1.4367817962311695	-0.2066219929475556	-0.0224307485045072	0.4737080245235512	-0.0146205579524307	0.053646335861373
30	-0.1302960500149792	5.741820771351732	-1.7855316332650997	0.8419815803073121	0.8018178604516752	0.7195973606617376	-1.3198915423736786	1.751563608605327	0.4409650491216847	0.2524551899061396	-0.3193775052965026	-0.0382516758183077	-1.505964666276192	0.5594767735318711	-0.1967556923123581	0.5640373744197456	0.0196100633720499	-0.5726875622417167	-0.2646979986528608	0.9300093316771658
31	1.3039963957383671	1.7887140290764965	1.96289190944094	-1.1330856424559208	-1.419594832764292	0.6572137788480465	-1.0192023288334442	0.4977214824431719	0.1448107658448822	0.2338018541383202	0.4684858575601272	-1.0863025996689857	-0.3257856491036364	0.2707122760016616	0.0709476670017323	-0.0681652284015739	0.2200105011523598	0.0733125010609379	-0.1296986424757742	-0.1022908456442834
32	0.6714945590522037	3.5316312236287337	1.3285293756586238	0.4362941718883489	0.6970477605665917	-0.49952300179315	0.4704328781139857	-0.3311520135714403	0.5140218325700783	-0.7930440627578332	0.5080159853473258	0.4347940841034949	0.0373402332224195	1.4717778129220291	0.3179418244969945	-0.0391459113430647	0.0857304975364288	0.3137544411402204	-0.4262369294953894	0.0680500395318937
33	-3.328796216083137	1.0634642326826604	0.8718333945198057	-2.15348653858657	-0.2813112856022133	0.5861932344069419	-0.0875596664801072	-0.8740583257924399	0.3390682604420458	0.9906370253075952	0.0097503408565184	0.2981507669617054	0.043368100323569	-0.1326960378795356	0.4623906359795064	-0.1856867951656886	-0.2852982549941556	0.1189482510849992	-0.1808330987917097	0.3292251726198429
34	-3.859337782194973	0.8463156207855906	0.4177364417551333	-2.367922773022453	-0.7391306687265515	0.3936712414624854	0.6842482485755071	0.6239745044696363	-1.0810754887888852	0.5651842997284606	1.0776347404251772	0.7926207835828132	0.6982946801497505	-0.1603683406335521	0.2654178936438178	0.0162460152421795	-0.5681675266584056	0.2857576842890716	-0.3790654560379396	0.2405099849526344
35	-2.4130225542872585	-1.0699181291695172	2.445672590892846	-2.95629198310526	-1.1133915454092629	0.4290653344217046	-0.1212246729894594	1.2266025571804595	-0.4392743352679584	-0.0780894554593705	-0.6046613796980811	0.1379586332328637	0.37739546898678	-0.3003136589275095	-0.1580826169491516	0.0666452097833543	0.1482270080048637	-0.1648245907837504	-0.0487308623374369	0.0715374879039778
36	-0.9810139162640672	-2.1695487638112017	2.3776733529439635	-1.0228691874470286	3.0619494666290814	0.7851209971531721	0.5301339117372628	0.8945728657108596	0.7070838229460409	1.1535995936544476	-0.3115673559895047	0.3625155449836734	0.3000975837685899	-0.2263340376234404	-0.7562337853678223	-0.2993161717609836	-0.4266029990184199	0.2008347399962191	-0.6678924869479212	-0.0048824623444829
37	-4.291177749963263	1.9604483176277487	3.635200530135544	-0.8240576931451501	-0.2639680142970409	-0.3994653970610957	-0.5880796529518726	0.3624524818050574	-0.5720399990908209	1.1165180759909703	-0.2164248995680768	1.3623058650741564	0.3892977627067039	-0.5933713230676845	0.4663893201018858	0.2061196851956859	0.3968193467042242	-0.5145293383096663	0.3840390481381481	0.2883713184627972
38	2.9067375623408918	4.7722065646903165	-2.0842399343747844	-1.3251416971455292	-2.0792533226587606	0.6399214334468549	0.1374816337000908	0.6056818125303707	-0.9024299490476456	1.3053807526237438	-0.8386658340405244	1.2033588294597992	-0.8893510724857131	-1.0803827195619058	0.8098302984015966	0.8232380239415613	-0.323614511135001	-0.3319206617337313	0.3556821132653658	0.2005124229439125
39	-0.676753946996171	-2.5655797460805214	2.153874795037685	-0.2503641127134308	-1.9608394811667744	0.4862263321396338	0.1146414707608869	-0.0266433535543589	0.7575816515343109	0.4732958120750079	-0.5309577226460629	-0.9311959795482734	-0.0041461666113384	-0.395337441937079	-0.5656637604224137	-0.6417050290796509	-0.2317255582680415	0.5808779204888361	-0.501041170010688	0.1552282878593693
40	-4.244506858201997	-1.998892930486884	2.262722834503771	-0.9345688453737891	-1.5273694352116882	-0.2432473856826287	-0.39184021737832	0.6459985040121339	-0.6948779321188088	1.3961498861532209	1.4921429555019312	1.2139936512477485	-0.7925282670227709	0.6185124541516465	0.6604395327550492	1.2428846319946965	0.3085694982602449	-0.1669435186108201	-0.3407529000624842	-0.025178450889765
41	-0.7445414957493233	4.499367835289236	-1.490216166985208	-1.2528788856792552	2.8365615075317736	-0.4354872550466839	-0.3326551549838967	0.9709614756074708	-0.6603799127793959	-0.3514055834007767	-0.3915105865062198	0.3121054871579902	1.0541306872810845	0.1478975052945812	1.032161195062752	0.2962604674855684	-0.4392058693640193	-0.3783878616671201	-0.6176858713701714	0.47048677461569
42	1.686406013564807	-1.3169593352262847	-4.942688594544055	-0.6868597837279786	1.5664865788876423	0.1295457351519897	1.3361680519676256	0.8565948609228151	0.2964103323421074	-0.0254292967877778	0.0373134592816429	0.0560426666378726	0.0175600196989513	0.6773133986203397	-1.1479969711293665	0.0550005568300038	-0.1076392874989826	0.6040603274768779	-0.0219158971635993	0.3015224039720827
43	2.6883946403333394	3.2170406825547584	3.504602445343073	0.7607950275215103	0.2916205262196005	0.8293116789650168	0.0702330986479857	-2.1842392965990456	1.3357928863603783	1.7322829102114414	-0.4132910926727806	0.3467657396814561	-0.3720932034953712	-1.0580996011221644	0.4695474724875019	-0.662022606761733	-0.1211909183734141	0.5475351387531668	0.1568890735247476	0.6628566965055249
44	-1.4035816055990074	5.5117014365089805	-1.945535463448584	-1.604892751967416	0.2958318587335686	-0.1983217996833519	0.1201246760343792	1.088269895074557	-0.8653859892653113	-0.0325717279165265	-0.9180321332058108	-0.0873169102486555	1.5644086578058456	-1.006770268875782	0.5398783943793539	-0.2316824794568914	-0.876845155706234	-0.299775991937617	-0.2264672829625746	0.5853475644382975
45	0.5794618151121833	-5.074879205353378	1.179504791692862	2.0093329973562035	1.3791580750091417	-1.0781270829896523	1.1029039407477337	-2.187894904400149	1.422759290030898	-0.0883431006639914	0.1399212765010684	1.4020658521120426	-0.9652119739257864	0.3456761920754068	-0.9485720972256216	0.0872864948171725	-0.1972216330900904	-0.5336201268849571	0.25717434010794	0.1895186660594987
46	-2.65625479388176	-2.881250147302387	2.3657604907110024	-0.7384961431755563	0.4332817851015146	-0.5172786034045127	0.1657723398515287	0.0766711227501844	0.7096738720749425	0.9951661055753608	-0.9081633435215776	0.6738538127167581	-0.1306304789508949	0.2652947205136278	0.8777275790536052	0.4457686123784492	0.3640868921277702	-0.5786428266365979	0.2209701030400834	-0.1098497846641599
47	3.4689070572213163	5.348446752752421	-2.950786415497761	-0.5499441634397257	0.1524295779946609	0.1208879560229303	0.3938372702815123	0.3277991293023241	-0.2982261403482038	0.2398091146434278	-1.232845371805448	0.935202647413143	-0.5534595870035908	-0.2455030584448452	-0.0761147776095576	0.62159472758635	-0.4137550413117798	-0.1151169838268569	-0.0156477085257913	0.1571636225473049
48	0.9525517871774882	5.604931900432428	0.4609256736463311	-0.0198833960324939	-2.1611470345661483	-0.9102482840924212	0.4988773816651388	-0.2389441106667611	-0.1345788066514561	-0.2695412619027419	-0.9236079021673104	0.7193520491892018	0.4695566995167723	0.1820600792505806	1.055800547854588	0.5782784643334631	-0.0280018481780599	0.0782827341165572	0.2120636619302827	0.2174837937565286
49	-2.100461048961757	-2.10001684215945	1.5364543344524204	-1.5576225743876648	0.8947018556281645	-1.3884029598969572	-1.3159431196918057	-0.499607297603049	0.1812913431773761	-0.2716288245473603	-2.1452701715052687	-0.0027305847330927	-0.0365960060758219	-0.1661916408261476	-0.5287773213087625	1.8141643068297009	0.4005145589380143	-0.762046233414962	0.1198717268774265	0.1932715562965796
50	-4.125462534264094	-0.4462008429153403	4.643099293718222	0.2646679820186506	-1.5587331196933245	-1.0417856294278771	-0.3653332973548764	1.2858565228586976	-0.3441084502089477	-0.2941032614955507	-1.3080626263124504	0.6516354749809468	0.6385757037297495	0.0025446960701079	0.5843647920018498	0.5773465472365673	1.1540561351336835	-0.5244240106079892	0.3761483000879648	-0.07522956511227
51	-3.6492053922952072	2.958296270131262	2.140211506853271	-0.0134090377545845	-1.5511674082283295	-0.413479940543318	-0.0892992107088552	-0.12963630062929	-1.3739896697522536	0.4170528421165822	0.071937895028034	0.8551831443677651	1.0165944460376863	-1.0753936976771663	0.8422763513877989	-0.6422629332800851	-0.1699022213966996	-0.1216276643956979	0.3282253837376165	0.1621692295277661
52	-2.5406815458312257	2.0912758459148133	-0.5131994091013451	-1.5229595369275015	-0.2262946921375633	-0.288765736582405	-0.0487898680649401	-0.2595054209480985	-1.107619867236485	0.4554800614212619	1.4610373978340605	-0.0100322850966199	1.3701088332783231	0.0270812620128437	0.8646853282835032	-0.1546077700685215	-0.6236593715333525	0.2835362208880505	-0.6125251326635075	-0.0856133269523518
53	-3.85922116999849	0.7744307808610298	-4.420829843648628	-0.6730529165249449	-1.670485384017854	0.8604037479719406	-0.6785635695058723	0.2291483442673545	-0.0959860639574952	0.6643035977466734	0.3812588395747891	-1.5755464143443971	0.4274425240629433	-0.4862146981320863	-0.4158165703950516	-0.7517708329000412	-0.3648172062272961	0.2383010563130747	-0.0142107926589831	-0.0103582779312176
54	1.7796936898316966	-0.9656014252543326	2.968468149753667	-1.004470149402099	-1.7485524989823231	0.2964434099931812	-0.9743292490596788	-1.4549912013293635	0.2500653131544172	1.914573554404995	0.0680561093946625	-0.9350962839253816	-0.0626885934014396	-0.7308923486685104	0.4051563183587348	0.2544897461988726	-0.1316164131766717	0.3590325695955962	-0.1214245222586791	0.0760242173134138
55	-1.188390007711944	-5.2324842766856765	2.9235434990123057	-0.4764680426713781	-1.7555566043703932	-0.893872395492838	0.1056620701590311	0.5983403587128358	-0.0928180712308783	-1.1345114554627576	-0.8503391350712679	-0.176687988733927	0.4169728555861631	0.0500501053165947	0.0543646625765568	-0.1285691613681108	0.1281731484951089	-0.0461958395131516	-0.3685556854828293	0.3795408902514978
56	0.951813052301298	4.769837100526094	3.4738195031471744	2.197875479501384	0.7541796093460118	0.7203116228597044	-0.3174967423322705	-0.1186377153527828	0.2323676626117023	0.784183089024928	-0.1835339439142149	0.3072380457877814	-0.2469057777569681	-0.9398328466951456	-0.0855688758022381	-0.5916774823265439	-0.2116128050806933	0.2331735480751307	0.1175725366757793	0.4580180061355499
57	-4.264130866512288	-1.4201638435504602	0.1696414118061449	-0.0789582121547844	0.288753412051194	0.2636301390356093	0.6782773976378138	1.3563760036877175	0.2236028260709819	1.5144379053294013	0.7776954775434906	1.1337445696895054	-0.3377361302060926	0.2250657414669539	0.0020871717787578	0.1771272669892967	0.0125713271506997	0.1218013247551732	-0.0765031525800923	-0.1846068413633723
58	-2.54578085944033	-3.5636458019574047	0.9280320812271386	-1.5446438602366217	-0.7302109064008551	-0.4620877066774684	0.2020335895624683	-0.9588769160281564	-0.6649878847914454	0.3773458069539859	0.6970538134579645	0.970755324212246	-0.5668933977533293	0.1918277288416283	-0.6913774952590437	0.6277025635315263	-0.2873423686034497	-0.1185997085591259	-0.6109769071091238	-0.1816200777089456
59	4.318325040189377	4.160355478430864	1.4934388175468791	1.2434130737988127	1.0889120651397814	-0.0176676550329974	-0.5310317139423155	0.041291441866381	-0.68997595125545	-1.607285501020837	0.2400125539737541	0.0508010427601961	-0.3396458216398628	-0.0528009452281409	-0.3255095179721543	-0.0784340753928154	-0.0196537788586956	0.2984213135995064	-0.0128892454484423	0.0997407792504923
60	3.6747746527525296	2.381748432977899	0.824836902846881	-1.048455674301998	-1.093785943933322	0.7959078546662934	-1.696767245385299	1.4798790975073817	-0.7126713162950669	1.1406460995630456	1.8815843695772525	-1.1699370060980163	-0.5505508633703968	0.0214139739958922	0.0541299333452549	0.6143053114127974	0.1391839356711459	0.2235578931752238	0.4129672984929895	-0.0503327909646564
61	2.430224859539561	0.1750714498400238	1.882839034908932	-1.2331389902025336	-3.524764801108172	-0.2777987687244798	-1.0410996182009349	-0.9432303992943292	-0.4214384718339961	-0.0491538058513438	0.0144635555899821	-1.160424690547333	0.2943208827973329	-0.4503873324733392	0.4231772609216122	0.5252501120963922	0.4836037810852795	0.1396575357871385	-0.2789368144477651	-0.2209314375880033
62	0.9600407403962956	-7.016193840807802	-0.6399857106967152	-0.3580026730639432	3.0852134617833977	-0.2106057469293278	-0.5085902646707687	0.2931960327161036	0.9824705562779048	-0.156966867537506	0.5346162984012022	-0.5587740548643039	0.1674567233963948	0.4679262279829053	0.1814853394264588	-0.8026137216303708	-0.4783213084196829	-0.7791774209225173	0.4054814874832848	0.2530898971340214
63	1.4079692521601048	-2.967259705879007	5.159248570172812	0.385529728192747	0.8648169215447237	-0.8211300089046527	-1.4508632873663174	0.510106748763711	1.4396300036521603	-0.0511932360604174	-2.4355656360921056	0.0328401909434967	-0.56878838369391	-0.4525181555843489	-0.8721432691943498	1.4132338528042518	1.1062602111549618	-0.3216385021068239	-0.3066697915760885	0.7173171865741708
64	5.444640418521731	1.1797984431624702	0.9860436817583016	-2.473144547117613	-2.1672341563568542	-0.4417350984780229	-0.0361804472270179	-0.9669881190608152	-0.4826455862800269	1.1330197357795124	-1.997249340415016	-0.0632374760448852	1.268541247981272	-2.019821926730041	1.0458537645777817	1.1235632941611169	-0.0927687225918942	0.5705199452689109	0.4633464830218825	0.1571250950230904
65	0.6276417949769675	-4.286624919341183	1.7383413963011147	1.193835768376811	-2.31791600087298	-0.284143550778086	-0.7471734705631619	-0.6977505340117283	-0.0696481147738676	-0.8925144245619241	-0.1560813516888171	-1.0333638055107697	-0.08133545195167	-0.4139821807632011	0.8875689518828871	-0.7068038192551127	0.1417829315654879	-0.1169065733193106	-0.2434952334123189	0.0470430775293024
66	-4.437934728673347	-0.8210167954062779	-2.0725370096422413	-1.0838170215248617	-1.5423674346378984	-0.4549097864150151	-0.7918392053229226	0.1812838805037131	-0.6189458952218256	1.2807074892730834	0.8700932535534154	-0.2321844837842581	0.4580155312975265	-0.1666317947845308	0.0006362863418232	0.779585194498823	-0.1987300880712394	0.3057997892259452	-0.065458283997601	-0.0607352265949323
67	3.589024302950468	3.502203040469288	-4.077176753582092	-0.0284674339249093	0.5072562816256234	-0.9299043790355443	0.9884997188573657	1.2677497348169346	-1.1754883720381546	0.8726509234491959	-1.214967942121186	1.1609114523270323	0.3130483241576627	-0.6620455070652285	-0.3428819724041325	1.0819663033217546	-0.5009626869008654	0.0104521511529271	-0.3961937101966422	-0.2315980333338352
68	0.2080931934658716	-4.891866747403702	-0.9866842901528142	-0.8974161638513216	-0.3951695682588212	1.0376529824550862	1.126356939823765	0.1681741294030097	0.4256902398248189	1.0731112881267602	1.2157701775550245	0.3008662928816514	-0.7135589495148977	-0.2925812905302352	0.1185302485791659	-1.3493764143701397	-0.6271847180358199	0.0507847550927829	-0.0132833559951892	0.3484626805900035
69	1.8125453596487529	0.1138953552919996	0.6636081801252888	3.5545845749779668	0.3098867386976078	0.1796949887037624	1.5211175949003213	2.837410953474252	-1.1308787027353997	-1.275062148223157	0.4839548409812746	1.5895245446685151	-0.0507477636006932	-0.200462850679385	1.0751909936994295	-1.2953588667386866	0.3881179626602185	0.0432076911570236	0.0904339555026103	-0.2632979402238504
70	2.0535948938129147	-3.4438437277636407	3.574474437415395	0.7099666025035172	-0.3741565304632733	-0.3811133676878131	-0.2993376679308781	0.3974621074023901	0.8901531755417711	0.0785181801421681	-1.664001169526335	-0.6104993121260973	0.4938117008661713	-0.8049218668188147	0.0306746209802106	-0.1610449877308382	0.3580850512277509	0.0671025687158122	-0.5400265864543359	0.1351834966270857
71	-4.1212526414212345	1.89571093118566	-3.1107231031665794	-1.1200071274275984	0.8615635953908101	-0.4732781927138449	-0.4238608168041473	-0.2801983544920041	-0.7192653857392965	0.6996104847109517	0.4757837711677037	-0.5767422310415881	1.86369626104198	-0.2558104027497045	-0.0574662115123487	0.1222228155316799	-0.6124819420427441	0.2845719872857672	-0.0503108309210107	-0.0563691216388839
72	4.882822161226813	3.4742955917441822	-0.1151338261656872	-2.1401067425598232	0.279418547628283	0.3213981453348506	0.680702528027048	-1.5935836029843993	0.0008344841805314	0.3433763936897516	-1.388020033417794	1.7269697301949458	-0.8057259337341023	-1.0177175776194671	-0.5266654660584784	0.4940662812155894	-0.2399438406164327	0.1849280400200912	0.9500031329003588	0.3648035950441013
73	-0.3413452141837849	4.277482437822448	-2.3609200131103454	-2.5112365200710163	-1.614664993103054	0.5893257633116957	-0.5386224503880221	0.7761253923432001	-0.7730966981129601	-0.2731329002676728	-0.2364776858322432	-0.3175980360347621	0.2479470206589304	-0.4535575106383462	0.8749891331254567	-0.0843305829413785	-0.2220312428570592	-0.281282777854104	-0.4689864125881593	0.3484742967060299
74	-5.213492413568825	-0.440155640279757	0.7773871844835422	0.6829378500359553	0.6037594023250261	-0.4226749329202053	-2.0755584732531784	-0.9677363840678694	-1.7435920340789384	0.1616165793434762	1.9536889543898948	0.3912077256979183	0.2532799088954931	-0.7065160624667954	0.5458306699048059	-0.0344410088453577	-0.1502450597671645	-0.086587319207789	-0.1185570190803924	-0.1658176151699883
75	0.5699880883333295	-3.89014904024833	-2.1920424219268444	0.0647611981794149	-0.3642153229942718	1.1827161636137622	0.6075882177753158	2.8862055028929667	0.4693153671372679	0.8931626266393837	1.6025297882500755	-0.299278928536423	-0.4037937797537623	0.3581815568693165	0.6882834574571604	-1.2933316259008143	0.2374154690511725	0.1124308696313727	0.1493981195822504	0.0034904989725887
76	-5.4530460325365375	0.2191978854626217	0.5676220910442299	-1.059488099128206	-1.4626997073785892	-0.2427983806400706	-0.95720106396859	0.7223048613875847	-0.5228779162513337	0.3952516551013363	0.9059045347438628	0.0878009862406026	0.3720038195521233	0.2209656089090628	0.0870692293614112	0.2419678097268922	0.0127603422441539	0.315467218638181	0.1132919856755121	0.238889958107908
77	-5.018786554188842	-0.458976225933819	2.648542471064017	0.0138634473435246	0.5260624478318594	-0.70575243206267	-0.6507258988436639	0.0148987956477206	-0.2330923387006489	1.4383111586946025	-0.3662456353652477	0.4923058732886334	0.8863979128368413	-0.4735644425884424	0.3877708050790396	0.3794663538717644	0.0962565589240727	-0.235612364374534	0.0604750737433716	-0.1178170551813053
78	3.818028937087601	-0.8779817481354382	-2.2080325240963017	-1.5203871368479476	0.2427839813892386	0.4845931439351045	-0.2260069456827622	1.6718874226487443	-1.2421677402231968	0.2545070344555742	1.1347695143652403	0.7060706026704731	-1.0710678396857072	0.1673892157203318	-0.9550795153273804	0.7987254159085829	0.2162468313767833	0.2966917586027102	-0.0763713404431358	0.0610596622755679
79	3.4435571419850826	0.0924166575020262	-3.2544275452873865	1.9103876540701417	1.3330377918923992	-0.2902866323171191	0.3114561135666314	1.983104565615428	-1.4979726393641766	-1.2197101279525957	-0.7293415009200306	0.4639819416576651	0.1905288092926014	-0.6809404643659841	-0.6819278147375591	-0.1953708073599556	-0.1052714809682688	0.4936180371134122	-0.4704555087951876	-0.190869002149693
80	5.535345788408855	-1.2706256355765737	-0.6028109331989083	-2.9049884103689583	0.7136559299151142	-0.8235883588312229	-0.5297669985875864	-0.7384941041159543	-0.8913473928945788	2.0999628094362417	0.9327146522050976	-0.5387994699068903	1.2672347789803418	-0.3930631989993061	0.9607270899214804	1.0861104549483491	-0.1877216549461762	-0.1415026236503342	1.0558135264013222	-0.2890894644182573
81	-4.931651839101412	0.3719560178671717	1.901659782341264	-0.1790207997598081	-3.1908066651484743	-0.8483193466106544	0.2608834770911556	0.911010520177758	-1.4090223894731135	0.5045908556057053	1.18592255645291	1.0149384473626286	0.4607422905129503	0.3468374382800951	0.4511442682920012	0.6467435353460489	0.312224245389701	-0.031289884584764	0.1914830463155246	-0.3592837570624425
82	4.701769599537951	-1.3831627323429867	1.640967517186608	-0.8910012655463682	0.7159949977118825	-2.001663178397496	0.9835744551608556	0.1578519943015912	0.4853959917164143	1.4858769740554822	-0.5013305009473523	0.5971578965546316	1.4124826995662616	0.0175684923811352	0.1947431606035685	1.394905443018002	-0.0482768633317389	0.1313314871104418	0.5503123915652592	0.0737088049879375
83	2.4269248372859176	-2.63174860025355	0.3015150849937401	-1.1591512901072356	-1.2971832918538722	0.5055107872487636	-0.8681280710243584	-0.0236321549042664	-0.6875582707064947	-0.1826753165687695	0.6814623652412752	-0.9458258516274284	-0.2070122704754489	-0.175583400409812	1.1708851704365058	-0.4357964609813349	0.1999447639905769	-0.5567365328909537	0.0763940529430149	-0.4277526278910564
84	6.435428556047463	1.0856087165906685	-0.3616673576047821	2.0850851267186883	0.3182655401465847	-1.6791731679510025	-0.3720192424137103	0.6397924627615694	-2.6642731405707334	-0.7767248789235671	0.0602294248893908	0.8133017955542998	0.674658195677523	-0.9988907500769232	-0.4927215567892595	1.132752466305648	-0.3042663146691096	0.947855897119238	-0.4582437676351683	-0.2936359942545756
85	6.045262007039293	1.0823801777245894	1.5857119686664962	0.1548465787303321	0.4908584296939448	-0.2426857999561664	-0.8840767033915498	-0.275103861277902	-0.6704726185316101	0.0424627700434991	-0.4251555750196498	-0.5019893333971828	0.1858264216390353	-0.9468751984107038	0.9914270169030708	0.3843913324231296	-0.0283880816575132	0.460868977206365	-0.1568716681201865	0.1300271488879545
86	-4.343391438629356	2.207859559402083	-3.5725725576786136	1.7159383309280791	0.5733809104317633	0.4487258396630484	-2.7656355396245966	-0.2933560697857835	-1.020758678634083	-0.4617734550697787	-0.3377211914647855	-0.5506069121454678	-0.8504089204144023	-0.8935721097811702	1.0503267515738663	-0.275981248985959	0.1907131324063486	-0.7613728519243834	-0.2763007492934131	0.5685736565392538
87	7.007875727534023	-0.5419236509326435	2.0354725059964114	1.5806439843719635	-0.8321699344949625	-1.5601984543641865	-0.0497119709356823	0.7729208350638963	-0.8366750023237923	0.6880772194132585	-1.7359291616215111	1.1909557047705317	1.0179932025765694	-2.29525606917436	-0.8955620777339917	1.318895617264248	0.1978568047914928	1.1820505027773132	0.2388495491115376	0.2764236366044272
88	3.4180410173809195	0.3190766192822263	-0.8834870006170502	-2.2619868802455088	-1.7466437071305794	0.4172074962735341	-0.2032500455357713	0.8155656798264808	-1.4858631861225522	0.3412362145299528	0.170358765906732	0.7339273524460141	-0.6279186293888195	-1.0035814593690255	-0.2864895627034833	0.8833382420710103	0.3336928982816447	0.2473211572231706	-0.2208367998693328	-0.0308953305539176
89	-5.490183908805301	-0.1420396918610276	-1.6472725793176064	0.2669238515808594	-1.917156677054442	-0.0858555358784651	-1.4284689663282035	0.597147796786885	-0.2559778149300431	1.4732735083927326	-0.0608790591510963	-0.6125772097612119	0.0166103207537666	-0.678422569400619	0.6112673532872428	0.1746083169727634	0.1550691414384681	-0.1887508724306157	0.2170550990827519	-0.1483173385527791
90	-5.3646355566644734	-1.2990759217174546	-0.4182780841515648	1.7958149854071197	0.0003920516640551	-0.4282667292787212	-1.8561434787844284	-0.1016695019497078	0.9436768541373456	1.6579330689201508	-0.0316045891692926	-0.7071435265083812	-0.2642263081453677	-0.2369472047889709	-0.8774692418077663	0.9498755260428112	0.2696510597845689	0.1431171779131348	0.5505702402689208	-0.302265979970862
91	3.045588766213233	2.7601517608547206	-2.2433013125733385	1.1658275047794897	1.5966158621827031	-0.2050841505424894	-0.0410893989076868	0.5297356519863712	-0.4486932157697029	0.2459115970648713	0.1433855670414576	0.7575998878229422	-0.8054845612256045	0.4027463561215376	0.2596555215786544	0.4112688105463797	-0.0044467802121053	-0.196897702525183	0.1798011524385739	-0.1419065156443046
92	4.0152587994623214	3.6287580459756135	-1.5083521084800982	-0.3079913108212793	-0.3807405887735971	0.131203492897264	-0.0237918406332262	1.7364725551169364	-0.5002974517346761	0.3496491959412426	-1.06184306308238	0.1548180477367795	-0.3070973898019851	-0.7146888479865532	-0.1844352768703885	0.6864389168881482	-0.1515271693765667	0.382483582247511	-0.0665029345516368	0.2322933774181557
93	-0.5668549418610658	-0.6733180537432961	0.0863670940951218	-0.7525453524398955	-0.8322422008633115	-1.185630502558872	0.3503323072960462	-3.377904539130326	0.0864500133644217	-0.8851687215900061	-0.1864718943526444	-0.2337346533138129	0.2859605815142103	0.8295350367804749	-0.2671143581456228	0.3220253158982886	-0.1052017241663447	-0.3470199702746532	0.0577953156583737	-0.7044245234418121
94	4.044247575612453	-0.3528797680421629	-0.5396258874319867	-1.936023547243732	-2.4490757726119794	0.2496648289784251	-0.4906876531329799	1.1808911279302343	-1.7761879704462924	1.3796359768181996	0.7832239702416519	-0.8477151160244203	1.0766486368474766	-1.192950263697958	0.1453942443870772	0.5164859520287892	-0.0984623040656549	0.5121581734348568	-0.1040676581436779	-0.5256469337489982
95	7.246659306404941	1.3945521470400293	-0.1582420070023521	0.2137386963463967	0.0300684313284069	-1.6121791358765942	0.9865673708119296	1.1746427454935182	-0.2776900032240039	1.5414486454613114	0.0234229799660194	1.2817617873427176	0.6947324223413709	-0.3714660028458518	-0.173277020251259	1.4134055833386776	0.1843117665427174	0.7985784898004071	0.9680458840860268	0.0411888105576601
96	5.353221189201492	0.8077666211645838	0.1028245458950233	0.1589440096085574	-1.7577209702416663	-0.6740821767371226	0.3650565663307006	0.4369385248846633	-2.7320970222129666	-0.438612146712956	0.3402494234258189	1.2846539242240214	0.4774073494019291	-1.346406015938156	0.1470728526695097	0.5715173761007237	-0.0671351354846399	0.8251527033747175	-0.1658126683460645	-0.2812690025941364
97	4.362621943895856	-3.8455658472438383	1.155128163483683	0.853990535372315	-1.087179128353145	-1.6553579554864617	0.3070032257260493	0.3787929571492371	-0.808894882690085	0.4767495320988888	-0.2024354894422924	0.4649710220937324	1.0264897333030198	-0.6577170413458355	1.0441432481963169	0.752417427078141	0.0676165897232161	-0.0036637745587226	-0.1737538110577867	-0.0438979793967782
98	5.222788632458441	-1.0661935895929613	0.3734197050264941	2.1777045413968104	-0.9308230626937924	-0.2088735219603559	0.1580941012807102	3.1915120659199623	-1.0856075115307444	0.2077387194727502	0.6356793135062961	0.5804383534532009	0.2660193816613763	-0.5779480914811814	0.8341426389722848	0.1101257276173102	0.6312582602574119	0.5548884065045081	0.5928694526710451	-0.2079366120668382
99	6.06199993520685	-1.5190974620111266	-0.1999926482874255	-0.6165538451081503	0.4658905229296738	-1.9468575427265584	1.1687365145631468	-1.2511129474248437	-1.0116543128042732	-0.3609780686783925	-0.4944136992409742	1.4262588218774337	0.776315578431138	-0.2766966929526249	0.6109428081511901	0.7953387294525756	-0.1427267053901486	-0.1691382486795893	0.4801138431373415	0.0951845972472007
100	5.87243275437528	-3.922867113837901	2.2573129751320566	1.6750535695704194	1.838416290244106	-1.9132126134941845	0.3051302683580843	0.9037503499796352	0.7189327548934141	1.2511489321694105	-0.6456310975769082	0.2415698682634017	1.3788351881090222	-0.274107318859214	1.0159020319588734	0.8086821418446257	0.1685936353471371	-0.016698552073054	0.3502684808685314	0.164659141105627
101	-2.9263041294833974	0.2164967772339974	-4.24934857857783	2.7144598808346743	1.2534375724522608	0.7607857374854388	-1.4549092806783115	-0.8529591406435877	0.1001895809352664	0.1721855893319595	-0.1458859894032205	-0.0634786642794251	-1.7558473515745554	-0.408658870214682	0.1757847843438007	-0.5288018436933639	0.3195679948391197	-0.3182947576980537	0.0260047140621138	0.187078825049106
102	3.6147857804104655	0.1594495457374432	-2.8950931999596548	3.06989341104002	1.0624352413174922	-0.7589063671537093	1.034295917436186	2.680351687539055	-0.9966884312225002	-1.768836503402817	-0.4623707642656089	0.4270961950468406	0.5294707255509223	0.3559416305446503	0.1757854207434697	-0.4421610467638129	0.0903175161866167	0.1514966988935684	-0.4723793729762677	-0.3241265859925484
103	5.575141636345936	0.9896789845294532	-1.5266116492296202	1.676714000575288	1.0496465922082312	-1.4982840294683617	1.1343040741861437	0.6857150709797679	-0.2331317265369765	0.4893075832004387	-0.8738934167397989	1.0562842438565925	0.6375396722122737	-0.2727104917160425	-0.5502979901084579	0.8043668485141262	-0.1708297564377821	0.6079885112686598	0.4084372413469763	-0.2596249945454865
104	1.0283481519554138	1.1883459670276917	-2.5130174862427648	-0.1410015274846543	-1.3708112026288135	-0.0275779630788544	2.085481640023932	-0.0713109445751705	0.1648275217720129	0.4865009867875325	-0.5158495745827043	0.5650793848035187	0.2175986480626122	-0.0225978437990961	-0.2090958668752414	-0.3375525926414922	-0.3334483433865278	0.6007810868009267	-0.3675865316407334	-0.2441996698912376
105	1.7626048507743493	-1.5843801124686916	-1.8472030531183543	2.3456918562314506	-0.8932124063951281	-0.7329185320686693	1.7404248113631835	0.3417197774104075	0.0082090542813499	-2.281671705158271	-0.3999382792282215	1.2204108606769184	-1.1133097651938255	0.5506941249542137	-1.1134637605581403	-0.5106283555437676	0.2374265940860995	-0.126323931194092	0.4990985692739924	0.0842896393431367
106	0.7199711462079756	-3.666095845606369	-3.4102133224895006	1.160798875998946	1.7294403116394588	-0.7993534908733717	0.4550862639180906	-0.6955944284054887	0.1791180663460014	0.010657894857871	0.5226914907079651	0.4830010380968668	-0.5997987814472729	0.3658821514788051	-0.8818357054630503	0.5202286180238802	-0.2069384103257325	-0.2282698862999679	-0.1132931213368779	-0.3721919949199197
