label_id	PC 1_CDMPRtagRFPt_TFOR_pca_predicted	PC 2_CDMPRtagRFPt_TFOR_pca_predicted	PC 3_CDMPRtagRFPt_TFOR_pca_predicted	PC 4_CDMPRtagRFPt_TFOR_pca_predicted	PC 5_CDMPRtagRFPt_TFOR_pca_predicted	PC 6_CDMPRtagRFPt_TFOR_pca_predicted	PC 7_CDMPRtagRFPt_TFOR_pca_predicted	PC 8_CDMPRtagRFPt_TFOR_pca_predicted	PC 9_CDMPRtagRFPt_TFOR_pca_predicted	PC 10_CDMPRtagRFPt_TFOR_pca_predicted	PC 11_CDMPRtagRFPt_TFOR_pca_predicted	PC 12_CDMPRtagRFPt_TFOR_pca_predicted	PC 13_CDMPRtagRFPt_TFOR_pca_predicted	PC 14_CDMPRtagRFPt_TFOR_pca_predicted	PC 15_CDMPRtagRFPt_TFOR_pca_predicted	PC 16_CDMPRtagRFPt_TFOR_pca_predicted	PC 17_CDMPRtagRFPt_TFOR_pca_predicted	PC 18_CDMPRtagRFPt_TFOR_pca_predicted	PC 19_CDMPRtagRFPt_TFOR_pca_predicted	PC 20_CDMPRtagRFPt_TFOR_pca_predicted
1	-1.685814048390331	-2.9301988731920647	-3.289639072264257	0.9052915864676137	-2.2762778254752485	2.1368985051082414	-0.5242071352027411	-1.440491685156259	-0.2123008599963256	-0.8200902828439989	0.7287074314600045	0.9763619017337154	0.1973352673140288	-0.1623391083583423	0.5137096566197527	0.571098012101781	-0.3495087912362655	0.3268667700568941	0.3609784118356991	0.2640550364812091
2	-4.058144201179754	-3.339798009165264	-2.188496968364744	-2.2089337951991177	-0.0772073695346096	2.600794389329447	0.5406949513139301	0.3649560604774495	1.5304554347560178	-0.6317163760093112	1.1282828695869709	0.4260534206704717	0.2899623370402663	-0.549994802984884	1.0473623715729443	0.9510312263451004	0.2328623008910377	0.1402607744933441	-0.321624936112503	-0.0367468467802796
3	4.926694923378943	0.7882712979266984	-4.438723620182367	1.1287221965066825	-0.8384061906027087	1.369468243335454	-0.9987104583287988	0.7454443205730885	0.309014168496514	-0.4879537150994433	0.0749546814455389	0.5870420925380747	0.2531245804734906	-0.1346984510746376	0.7930825250228394	0.6357800878330293	0.0797587564955386	0.0024896714018525	-0.2341843377025689	0.0304738202140688
4	-0.3924380770216449	-0.2937906474174028	-3.4855526545527717	-0.4530082366662626	-2.0037427731057926	0.2217978494330341	-2.7569934674173604	0.679195835616436	0.2303873787215948	0.419698231685278	0.5657112088772952	-0.5712946507945512	-0.1815958067940025	0.1614624617711795	-0.135740255839835	0.3475961809281562	0.1140260100533034	-0.1957833118861827	-0.1446827366580088	0.0538714439857761
5	3.1872719962213583	0.0229918154335315	-5.063303097322144	-2.330861387149364	-2.2168972711039467	-0.0156492414429547	-0.7539948665977585	-0.0253078664124175	-0.7338313289710996	0.1896172697556299	0.5094898242067271	-0.2062996598984968	1.4173047590392518	-0.1255573420620914	0.1201458305065904	0.8154331520838154	0.1277899675562381	-0.0268942242020506	-0.0220038145444725	-0.2843306426391239
6	1.5064855675533084	-0.0513902352221116	-4.5323907627425815	-3.365020886567042	-1.1543174202629674	0.4935683558503743	1.6309077858495789	-0.0520491735455324	1.3147857791984237	-1.1223661366119226	0.3151071544521454	-0.6589814893029017	-0.7268166935739645	0.3567770691331089	1.4535692929490798	-0.1435938067554234	-0.2224068755983181	-0.3790796300438201	0.1615586151083974	0.1806496163602728
7	0.4038288978355484	-2.364458593144679	-5.3271317859199785	-0.2359887966080323	-0.9391448247967	2.105997206191613	-0.1656774333242241	-0.0602525096534773	0.2421547608213714	-0.5295673840562389	0.0124276992110833	-0.7097550703865126	0.0175015733453468	-0.0073977297067104	0.4028652526178538	0.2735318671292743	-0.1752733329316291	-0.3833825716662153	-0.0033729363292103	0.1339386286308785
8	0.0160047497641815	-2.253457534591689	-1.5374678876973122	-1.0719461488773825	0.1186928688016122	0.9795923481801938	-0.7355785719613523	0.0222274420526882	0.2305963623053557	-0.5834481717956943	1.6162669347730008	-1.0526961805407231	0.4049530952608945	0.7798693395580221	1.8629190107139344	0.0168320554531105	0.0621705292206109	0.0264909737388756	0.342594297310459	0.6425113722869139
9	1.257071696576293	-4.079798586213727	-2.4505060784325265	0.3633270117050453	-2.891072036307226	-0.2940184130459902	-0.5815473383066534	-0.2248112413870502	-0.2857054208190632	0.2392667154590353	0.93328604626124	0.4020149138794385	-0.0744323733696839	0.1888146503605872	0.5406375901579422	-0.4087465856869814	-0.3011170609047773	-0.1811252693027376	0.2612363804652275	0.2984899914647512
10	3.5787154800847416	-0.9554150120809232	-3.5957144267056456	2.5454481818033243	-0.3898513882547663	3.1675403779504485	-1.2145790025346208	0.0940077455635175	-0.3044572472196272	-0.0903091507671294	0.6999393764031109	0.7943739085687808	-0.6801459578666093	-0.7281381902292028	-0.1908846031642712	0.0390320824350594	-0.0106462475866506	-0.0522650837904286	-0.0915518492961559	0.1997291526980715
11	-0.4597904545167961	-5.317416266295505	0.1331319290422128	-1.3739052542205656	-3.0740186081828123	2.132517498716808	0.9196430592762566	-1.4862223613230836	-0.975028043070072	-0.0969069176313079	0.1400174640625014	0.2833325070819382	0.7380347628325955	-0.1907695236401958	-0.31366452487163	0.1639677497104434	-0.1579195151344569	-0.0409869549330372	0.3060006949443838	0.1516979056532745
12	2.034093661580211	-3.848450465247274	-3.524320140137904	0.0137668899378726	0.7136496810625159	0.5079275687883249	-0.25055444508686	-1.0803051228792475	-0.3595379721195115	0.9187545073630335	2.4400073650259904	0.254946793554763	0.0998942637824432	-0.6223925616750601	-0.1097180204443334	-0.7432282731413666	0.1542204270190681	-0.2224238693713878	0.1926836774858351	-0.0901326801310249
13	-3.6871292305603314	-5.193908623731893	-0.90833217290554	-2.7498178536639384	0.4176993081600058	0.9184668669008746	0.9076321087566432	-1.0403113614426815	-1.639931236850959	0.2720456633489587	0.6879376398748951	0.8232379934865802	1.2531241040305343	-0.1966424675741616	-0.2769718262692608	-0.1816720703983181	0.0530721952427009	0.1976792364743915	0.0750662541439091	0.0320703627549781
14	5.595034443563686	-1.170185794846713	-2.908153843612817	1.4701574439966083	-2.8139530965549264	2.076917541165656	0.5515901739611051	0.1892176887422069	1.1084398008941854	1.1171377618347162	-0.4852815238819136	-1.0864157245286372	-0.661126825576139	-0.2481768051356143	-0.6201404821110189	0.2430295395637491	-0.0410345842358004	-0.0558921453243761	0.0800525898182016	0.5399372092782881
15	-1.8487241952717857	-3.4902233510439373	0.0314275506706478	-1.2449589465113822	-0.2970142480874473	4.281830365098187	1.9510486113456509	-1.3044574801833722	0.8065210207381242	-1.2886679176178997	1.323016874846437	1.6459742656175442	0.3315771849582821	-0.902233588043874	-0.0033383488103809	0.0742454432924146	0.0474596110096343	0.5940555446857858	0.0894468150506995	-0.2707304460004431
16	-0.4675669756739222	-6.043380534708169	-1.5949787272751104	-1.3883238476702435	-2.119043188607692	1.9992270393546785	1.9291766226803828	0.4995710879803865	-0.3167677248979501	0.7259861891893498	0.9986880420076706	1.7068722250256854	0.4711017341593381	-0.6944753784383411	0.178203288658686	-0.4595576472035469	-0.2893551024074425	-0.0220632101828335	0.0281292351317041	-0.0793886603922837
17	4.078516891793452	-1.8765042926327984	-4.139391840083944	-3.568953479663956	-1.2419018143466802	2.073187273330191	0.2159385073879027	0.4697774347935346	0.281171205420005	1.9781885048483048	0.3509205931980926	-1.2997048029262666	0.1235400115641466	-0.5512930009016197	-0.9404222748081352	-0.3162916875347195	-0.3962203177787962	-0.2438513086075615	0.0367212595675461	0.6841035326803633
18	0.3285384068724641	-1.0171189608848898	-3.112318018351212	-0.4015508114543	-5.319998432171381	-0.3697161979877141	1.4530663467607132	1.7775697681033331	-0.6123583065593863	0.6968459007692087	-2.399238073607333	-0.7505462172190273	-0.9114433852323092	0.344898965244848	-1.012839847707671	-0.1295530065512915	-0.2410878673946626	-0.278373394963038	-0.3882187901781826	-0.0372664388893975
19	1.6888292922557535	-4.009688143970354	-4.860355463045705	2.315446088795264	-1.3704081986873091	-0.0615185012733872	0.1542994720206634	0.5577554089165377	-0.0625817138047573	0.3686812327154958	1.688792211226473	-0.0965840755193691	0.5944749586984107	0.3433556395973125	1.0720223398292956	-0.0422499546288976	-0.2308894076654275	-0.1120489900610812	0.1637389712700532	0.4142970126274639
20	-1.8288536131710136	-3.3691729600335383	-2.927051043022663	-2.641506814732687	-3.1090993176619444	2.7717059737437704	-0.0523023569479592	0.0069669393053248	-0.8901575656889413	0.2389152765362294	0.51028197922541	1.2857176041030107	0.2183260151131042	-0.2674764552121476	0.1740490117366454	-0.4143218985937666	-0.6078679003539533	-0.1490904447494094	0.0960331803294458	0.4855347166456019
21	-3.746709496038524	-2.1521351903228947	-1.6943978311972123	-1.7613983329781893	0.6112990860382821	0.1339911562923492	-0.8711503131033362	1.6552432589816433	0.7722911548110964	1.3220628698595154	0.1091221158372438	0.5526232295552529	0.1688087712215965	-0.6127336089928195	-0.8231977732564141	0.3153660446572806	0.0715335539668182	-0.1477844288044436	-0.4333983264529841	-0.1710686519399695
22	-0.986543587579512	-3.709467364682734	-5.132178632683809	-2.4114670641670544	-0.6698955393752586	1.1048145318880098	1.5162800923891977	-0.0352557959081694	-0.9775346033856636	-0.6657900948169481	-1.1372739498386553	0.8547807163855848	-0.0816226097681381	0.0179150487147621	-0.1507971772412199	-0.7065899945424059	0.0455060286727282	-0.2564746697562277	0.017796456274624	-0.2536452135884994
23	-4.785774763174093	-2.8980140396267764	5.442711391116953	-4.23299178788864	-0.5932361740828299	1.5524302816877582	0.8457047673671481	-1.4115779060280969	1.4423441913656134	-0.5003416170715407	-0.120953945569359	2.4008951442932065	-0.7150316394674393	-0.9551691562125628	0.1261102226139597	0.8980708379570421	-0.8118460311017279	0.6588864432738597	-0.2572328194126783	0.0716965979912513
24	6.049375485217893	0.4309720506015537	-5.857665515912311	1.386302118696246	-1.9761232477274515	-0.600701780563544	-0.3970099159432374	-0.5785696692680049	-1.1842602373386235	0.4404007613468725	-0.9506747386213956	0.636374032036373	-0.1073882725909692	-0.4220037824958569	-0.8888965503281521	0.4297463970564044	-0.1179803322033569	0.4655981161599798	-0.3043466080046109	-0.0334653323130469
25	0.7602891073806854	-0.6757389289732139	-0.408990255785971	-0.1382767050024758	-0.0049288751576925	3.9313794241031057	-0.6986375417053496	0.379423537411538	0.5515506030681719	-0.7005078431744631	0.6998019475618616	0.022931065616459	0.5559938048668703	0.0707700284925783	-0.3132003404191403	-0.0233758646672166	0.1433234088689432	0.3088374925255182	0.244425180648335	-0.2846649643944205
26	0.2596180506931698	-3.4531092225432403	-1.1006612908810227	-2.8198217301181066	-2.1484269320990217	2.2117873502738123	0.3829231778159245	-0.2562101866061366	-0.5599096305096936	1.1991472045959743	0.7760988934349261	-0.350310586320847	1.1733440877065262	-0.5472012805004314	-1.0549520134662669	-0.1469733240167707	0.202245307728758	-0.3668778297371182	0.005535654084614	-0.0662572731139521
27	3.4430727279511038	0.68733463589653	-2.6283089886601814	-0.3788829766392489	-0.7805112808012789	1.3097565225689496	0.2720265722855215	-0.7838187011223591	1.872604657802725	-0.721959632344134	-0.1423214881094071	-0.3711817186666716	0.3196503698021201	-0.6751801359843912	0.2908669910856075	1.7148173556820927	0.2104647849034457	-0.3471266709256944	-0.1187035533699436	-0.6168435704310236
28	2.4555010989295627	-3.717543670730162	-5.448089555747623	-0.8115483253709823	-0.197327303545383	0.4050706255987601	0.7808917766199945	0.4476914887159231	-0.8479476665778769	0.6549373863018855	0.1157035880981095	0.4264400164454022	0.3517483915128364	0.1102592828031309	-0.1026881564833851	-0.9668034417138616	-0.3126299957222378	-0.0346905615369919	0.2122756644213161	0.216426910951184
29	1.7886478060684214	2.5505581318553854	-6.3939854551444935	1.0519572255579308	-2.3280107964553816	0.6390295767867289	1.349479487542662	1.1006394874779502	0.3402488651580988	0.3491232538256672	0.7992204061688878	0.6956668051826304	-1.1226319127665565	-0.4977955318526279	-0.2856991745528605	-1.0639580084037992	0.6244344223004554	-0.1394958770102454	-0.7069187739263647	0.4777076783035339
30	1.6265599086713958	0.9595839316454507	-5.913305834104081	-1.015732924818972	-0.2186751115378244	2.054575815629452	-1.201452877460082	0.4759012722940414	-0.0226497271740839	1.1660970363931793	0.1764569466725473	-0.1620201556365389	0.4394713596479332	-0.6460517749545824	-1.5594871935608483	0.2626626305418851	0.1541248026933197	-0.0195210826093883	-0.2185848876081841	0.1493437288003241
31	-0.8283930648709945	-0.7942694987882923	-0.8410760773939836	2.0716023947164888	-3.2455630386945	3.364837227267621	-0.4626864419575378	0.7976993915041706	1.4057555705021445	-0.4162305586942803	-0.5027035096087548	0.7709873867254172	0.4025248737182151	-0.0584685322131799	0.4449081565652724	1.7042546335659443	-0.9405077239076092	0.0353052133214668	0.2067175984399298	0.7584991828980376
32	5.951662770187888	-3.4581446711603188	-2.3842308684067297	-0.4392734553718882	-0.0936111957781173	1.7048692366496383	1.0121036957088263	2.155175484554764	0.7892919282181659	0.9443585684645872	1.1578053946063624	0.5045103493486399	0.4165670017510597	0.082784965631905	1.0004397454080622	-1.0784386709519227	-0.2371528195747259	-0.1546122981064299	0.1473780897700862	0.6723205501696929
33	-2.387333509177876	-0.5354529306260218	-3.8392867652573854	1.4958399750943516	-0.8814480494027572	-0.6735915826972563	-0.0673951733579452	2.138778135160988	1.0370006123737632	0.6544032224639413	-0.4345548303832994	-0.5379725543076314	-0.4027270430769457	0.5673387405742039	-0.229733143134702	-0.3917572486404284	-0.006933183776757	-0.2724753725435085	-0.2288188560986306	0.4638005010814146
34	1.1546444548504795	-6.368890009495433	2.1482726498857354	-1.985598248575116	-0.9673877819475444	1.8273158223666488	1.4920497977025984	0.1744074454649697	1.1125336436371818	1.0966449885740135	1.012288414108876	0.5175617192712542	1.3617277430096109	-0.905819182427756	-0.3049889092588637	0.510515617850408	0.1815930136370256	-0.0394151457169207	-0.2037189374191292	-0.134535576114108
35	-0.4169125443931389	-4.040854262094598	-3.3287885248882225	-1.4558369021130333	4.737585560595451	-1.9418236537172544	-2.1860007406939035	0.1791655613723839	-1.5629636987509024	1.179243948064514	0.3899294590911414	0.1899016519094422	-0.1685907212890272	0.434727886543772	0.2320275245749064	-0.4500911705193582	-0.2203044620241825	0.5048320879882326	-0.242026516306236	0.6416817607458887
36	-0.1412624945365519	-2.4735204343941817	-2.524582516470209	-0.9774239830668392	0.6615985990639599	-3.3325021648420425	0.3080258228721559	-1.3409871318014983	-0.4784588871947441	-0.4390130550693594	0.0097528569996104	-0.5499308861244275	-0.0751836965500404	0.5007637359669379	0.2300024592828363	-0.2164495157048707	0.2750016991903465	-0.0631988891876473	0.1092337275481085	-0.2255581131670263
37	-3.9190690057851225	-0.8362462851069452	-0.1862424737137666	0.5957423124142927	0.1763636288013605	3.1953173293118327	-0.3148107998710978	-1.3034475904405434	-0.1285938727561344	-1.0709365088045746	-0.9809530750148252	1.6351220896187662	-0.6635631721021357	-0.9670644646136284	-0.545069481680141	0.6584033197561459	-0.6462397141398291	0.3077373457632242	-0.1099960862045215	-0.0316196581963952
38	4.8517867659591545	0.8990730608802728	-4.396124841641798	-0.1017475816276438	-1.6857215736793707	2.9823332332986534	1.6311648482339642	0.4146839340831749	0.6851541020486671	-0.5324825249117278	-0.5109064747636199	0.624950236422824	-0.4865645638122858	-0.750901035798549	0.4691908604819515	0.1236892875210307	0.0335140889849463	-0.2053999964370354	-0.2533353191397935	0.4049627179967129
39	-1.6820111610087032	-1.6057282505076174	1.6787550542491287	0.0905477816830848	1.2477957355001896	2.3498481537089613	-0.7291489734909051	0.7526735501769504	-1.8186368358504408	-0.2572388266263981	-1.0223048852250978	0.2104706573803353	0.3521928795144416	0.1786719669567202	-0.0685540939954096	-0.7893215417897617	0.0041111960179578	-0.3478119964543835	-0.1162425254811196	-0.1437093569622485
40	-0.8580253702120726	-6.7530886102110985	-1.4798354730305634	-0.1759445515180258	2.257494563304852	2.0962251739221496	1.6256375302671584	-0.0038954606132191	0.5703889073629149	1.119351357883549	0.4513822371871246	2.4513308900831325	0.5799196525400749	-1.9351130783694543	-0.8437433668435937	0.9614739934951428	0.1379786282804596	0.5100261128841468	-0.3927056588122397	-1.1177819632855952
41	-0.4398138745713535	1.4977378835450672	-4.949121117292043	0.4150281789469665	0.2881798055631028	1.428111821523984	-1.5609443761035249	-1.0430670684529226	0.0387097563143683	-0.5594867011974674	0.7380806904986298	-0.058427868112228	0.3562486322004558	-0.3191901753968553	-0.084937603907541	0.8634570998084881	-0.4520095235095751	0.0419818327362997	-0.0534887185509767	0.0478709449268341
42	-0.7563743698641088	-4.926770879493635	2.6026616370570594	-0.240847716477861	-2.042218656538449	2.335869328775708	-0.0916444418537887	0.1941732612246727	-0.5916353983371394	0.2573749091706898	0.2922953532543734	0.5247001426851069	0.5800483360564653	-0.2696979514704731	0.2380709138693609	-0.0860933295916419	0.0615931516362544	-0.2325369749445349	-0.0761442510935666	-0.1326598967066852
43	3.1401980870912416	-3.994559276730645	0.4521521126155775	-2.5393513494478364	0.8618921714911485	2.9851014371271734	2.5011013582958226	0.5122048051670176	1.6948418725057657	0.733758054918312	0.7849958960864097	1.1926718331582875	0.2002556445865989	-0.9530296190998836	-0.5428627994200462	-0.3071370103978816	-0.4386873827416599	-0.0795171500704845	0.1813977868431102	0.1365338757602137
44	-2.1859604888922246	-7.994047140383934	-0.7996924938227588	-0.6224688941045344	-0.239232036271809	-2.6763263788506544	0.1925127941792608	-0.9550628607209792	-2.087179539972361	0.651945587791936	-0.0486093378469415	1.1456392001588376	0.9926076252569812	-0.1935848178139496	-0.2630265730408824	0.0678791992835732	-0.0649607711503938	0.0744644910997771	-0.1457363593327372	-0.3293650885927279
45	-0.7354256488829525	-4.3743308037247965	0.0993619244904294	0.1462248604019858	-0.3487198019508577	-0.9131153464533208	-1.5303689501012745	0.7575977884227796	-2.550890288362844	1.3340195273050282	0.3612391809786918	-0.7195477708853121	0.9886095327531462	0.6545663004444469	-0.0046829848841662	-0.9917172655748354	0.1944380430163037	-0.2348175885693826	0.0510522670461064	0.4620304084281049
46	5.591337117259319	-3.579768263827816	0.0956443200986235	-1.4909494407728483	-0.1820811993879276	1.928387100781968	1.8145939443074708	1.2093832958740118	0.8109664969582829	1.679677519754876	-0.0042906448808618	-1.0383937279271778	0.3305846075564437	-0.1918923020601364	-0.4420951313178529	-0.2759010602212415	0.0377668196503315	0.0388394414797361	0.2446205199517308	0.0126760113418411
47	0.1047646717434953	-1.8885835246466025	-0.6105530470279719	-1.150431238485576	0.2810242200001971	3.4749982650250533	0.0565014561762593	-0.3417591564445197	1.5532106005904964	-0.3637541320877662	1.4256884084242456	0.5769540088682679	0.1750385029152083	-0.8056329783426757	-0.6664811987039309	-0.0030504110691369	0.4132156011011099	0.2692276224730556	-0.0089360862488163	-0.6859134177544215
48	0.6541773600628669	-5.992630018327779	3.965747021645216	-1.7711606885914315	-1.6280133164324413	0.9082142072431618	0.6889933267292205	-1.15417690489403	0.425788206235655	0.6466097140798195	1.8292920982796224	1.1368490837622158	0.6597906383861888	-1.0911561467381503	-0.1731408058896095	0.247920991423153	-0.0542882610532067	-0.1552316085575475	-0.1761447350780614	-0.2386973496230426
49	-4.294593681434414	-3.8292491192513154	1.4646222441738976	0.7133712599736373	0.9938251502396148	1.5071787173069917	1.215948865377082	-0.3009656874938042	1.4065837790629914	-0.2089228859727216	0.7273839189386128	1.3438285543967026	0.7230726862929066	-0.8301728516320817	0.0225419229256188	0.8871822232896305	0.3190107087078773	0.7925069660009378	-0.1718642017966445	-0.6047430293990823
50	-0.6229393114795134	-3.6405103896860886	1.471646688588253	3.1673101570144	-0.1200974286563196	2.7565242304069915	-2.304480915045983	-0.0215971275161259	-0.4406252587366595	0.3907703629126478	-0.0445885252388126	1.2457516971033988	-0.1230853574349263	-0.5043726358222573	-0.7696983913366929	0.2531229452529642	-0.4557351663032505	0.6521280241304397	0.1412765162378306	0.3512879098607504
51	0.5401828957965757	-2.2406289693512806	-3.6433893265163033	0.4345368100385651	-1.8719294693203787	-0.1767542160697713	1.2128081122360106	2.9964354497556163	-0.8277490861717887	0.3922819690027919	-1.3534344883139058	-0.0167027046752382	0.1805612898935654	1.2713101026740572	0.2798396370677805	-1.3552841989682962	-0.2344778437605489	-0.1313574716329646	0.0739865311128049	0.6571346755172973
52	-1.8229229496726629	1.5813424517412535	1.3340966812708734	-4.926255812890556	2.4694155810871115	2.512288233025721	-0.8973206638145763	-0.8087570978431313	0.9332339996675144	0.5117748851490167	0.5343160020122423	-1.407056261259028	-0.0937425281017626	-0.5990897538268529	-0.6962074024634292	0.6002261830204239	-0.5100305247099342	-0.0834186616865131	-0.1498289868893216	0.3901334841016313
53	0.1568025091668512	-0.3243552179728404	-5.280015287404373	3.1648131213278403	-0.3377229894481752	0.6849215769472141	-0.7561297657748272	0.7165040960381357	-0.0720111807071646	0.0375414827365969	-1.1378127064517516	-0.7418115695090416	-0.2310682580689858	0.3247243853434758	-0.69937745859502	0.4910803448295828	0.056037860568717	0.2372438844958204	-0.1800586688230758	-0.0654196629301298
54	-2.7894600436218338	-3.827048162984672	1.4606993249280211	-3.4441664957493505	-1.7024239447838	3.2752045695341963	1.2193134212478922	0.3306693253165451	1.8929185766371788	-0.5816507931023014	1.1452188632479183	1.1170487745997852	0.282151014486048	-0.3853707361173948	1.2779572764483471	0.3297666702463031	-0.2049667059458193	0.3182103608162117	-0.2225666928829319	0.4062937187947595
55	2.948241615067458	-2.6558452921833364	-1.855098328822892	-0.9437143110085188	-1.5506202217454623	0.0935701237738757	1.0681515862283204	1.3649888651592526	1.3088305240226674	0.3229182486618183	0.7546842452122878	-0.2973957096938969	1.1718780646500109	0.2770158043572868	1.1439584148389697	0.4951686158160688	0.1353417924824271	-0.2041977086016912	0.1706457081239527	0.2172987755544744
56	2.3960386183302407	-0.8742025737658139	-1.7217145418540605	-0.4745512329162875	3.2654189886118865	-2.721607995392932	0.1358506087215287	-0.2659178662780257	-0.2236403145216421	-0.2039850468511441	-0.37337438840438	0.0489481603456146	-0.1535637261117225	0.5858144294172083	-0.0169548850888256	-0.5053182261764926	0.221556665636522	0.0842306277296089	0.0993395891888972	-0.3000655214411418
57	0.4082101862176546	-1.7508826854393007	-0.9711902277999992	0.4520711323138484	0.5824032236197203	1.6219724341508228	-0.5220887132118444	0.7749227062210546	0.6864584325503174	0.8965354082581674	0.6321540374922837	0.2129820610470018	0.5878968396226026	-0.0388616577128007	-0.9264406651742656	-0.03994062895043	0.1644844600931159	0.5389269566641972	0.3055380664391336	0.0334428295346063
58	-2.533541839465248	-0.8987634821670554	2.340858214703448	5.923211594679617	3.614328197519998	3.460607836414247	0.3412591530370852	0.9210469741503248	0.9053778667451092	0.8084092065381552	0.8318756225010507	-0.3221913873481471	0.2175187946486557	-0.7927164896682017	-0.3178277900209531	1.1749895514092643	0.4931986305431608	0.4008356518629257	-0.1293136182521124	0.1374297416176153
59	3.579836112275213	-4.002858700551826	1.2089809213904898	-2.565940187789201	1.411254621732069	-2.243085718386372	2.6606296903687108	0.5591041425697276	0.4161070999429874	-0.1186016657823993	-0.6067243944963546	1.247732064244564	0.1438228894648764	-0.0088167939878334	0.1986567129881853	-0.4220680305872095	-0.2326212069777944	-0.3788700340160438	-0.0826163314411799	-0.6092639370779489
60	4.925483855943662	0.2555495788684077	-4.137935547524494	2.61409186206788	-1.6924896664265647	-0.6998424438657485	1.3062887636774176	1.6640571818432526	1.621546795912412	0.2897151990861569	-0.1645920514761175	1.0771094214459622	-0.0800039264534349	0.1355305358842249	0.4094700554475031	0.3402704169762058	0.1055020792392427	0.1766260622008375	-0.1886131457397937	0.3105212736173888
61	-2.7289696664783567	2.693254858750617	-2.738287396740629	-1.4247392102902876	-1.0573648498097663	2.000724680727348	-0.8228196612465809	1.0520191687698044	0.7451086349924019	0.5704234052706494	0.398780193825817	-0.8254161997752819	0.8548559369112011	-0.1478437437054049	-0.8309756454913036	0.5348054263880284	0.1442665198218464	0.1615751012761692	-0.2158301988788586	-0.4306201353943395
62	-2.7286814415419376	-2.0009016583787265	2.3151844199221165	-6.2348857267837055	-2.386630576669849	2.4529123863347446	2.037452745306012	-1.6039772631500269	1.287486598941367	-1.3800852754657345	-0.3221098824085376	1.7880582913618013	-0.1553200106189139	-0.8616658168279799	-0.0066856855888596	0.7904348882057368	-0.5541279557575307	0.4985095743762771	-0.1772037203451617	-0.1463748702620622
63	3.554826465426621	1.2500857971033523	-3.800418791752639	-0.9321049974794922	-0.7440371367366057	0.207933272979353	0.3717217339175525	-0.2040183516946414	0.044501945443546	-1.0889551729214193	-1.0410763408864063	1.117317209117212	-0.0082589932811623	-0.4194097973111149	0.4378288260333567	0.5861244890288573	-0.0292165204218526	-0.4883661422255776	-0.2139547464799562	-0.2850521994482102
64	0.6962583379451277	0.4803948290169871	2.3415477210939017	-4.1038732940475535	0.7170913883543859	3.0655653228161905	-1.0052182270831809	0.6224967925899311	0.1405106617230345	0.7685543566126191	0.8338817632747738	-0.5192367707199339	0.6036417057017877	-0.4572346657345536	-0.5011516704576523	0.1376573679625279	0.256975243114161	0.1672644728264694	-0.1618195947903657	0.0110837141145436
65	2.4936522336656703	1.8664943324333616	-5.217586405062916	0.4194968200621924	-0.8158507206738017	-0.3037190208003868	0.3355338711407993	-0.7747069651360623	-0.7215268621951374	-1.3118175096524065	-1.3153332379150422	1.5030982217667568	-0.3137615325423321	-0.1434317356609187	-0.091248351841884	0.1505115269514609	-0.2888207554928015	0.288488400995162	-0.1084126114624375	0.0049399122384903
66	-0.8953683718078521	2.133545809323561	-4.225225953819495	-3.2034138204495464	-0.6466482636490491	-0.0288878145204703	-1.791340040666488	-0.0474715378058481	-0.0714784153398468	1.1361738577510008	0.7261487985496825	0.4465163547628753	0.3559791534593953	-0.5883264924078804	-1.4413834074372505	0.2141996958997358	-0.0990746073078141	0.1469370865083257	-0.0716255206875793	0.1719708111424323
67	-3.2296537243494936	2.4127541246670456	-4.977571248715497	1.1432171136757332	-0.3720362494915799	1.4782981355792937	1.0755707934794954	-1.1517674239250586	0.8216612177681029	-0.3818567949345097	1.4794309529540532	-1.1681735110913416	-0.0417183059221729	-0.2325023833620039	0.2153301509721499	0.5281045389172112	0.0884105082985464	-0.1028494121258964	-0.1330649205929432	-0.0784657184448045
68	-0.5467633145986466	2.0742256305084967	-3.869925905326399	-0.0183648687202233	-1.764502707359079	1.3329142094467836	-1.1897546269886066	-0.3559733255273767	0.1130709385706829	0.3660369411249076	1.0715988847327251	0.719444897720192	0.8330448042753081	-1.153088192946708	-0.4768670170978774	1.7729547795849738	-0.0501889524005831	-0.5412053225750539	-0.2655226527206373	-0.5997711276234456
69	1.5569385150298518	-0.9531549453146476	-1.6908958719502731	-0.141771959412289	0.9664536357707504	1.5741671140222624	-0.6105786367007839	0.8234893951224129	0.5451065083633857	-0.4172652453112486	-1.1030888387458306	0.4253860774458905	-0.4589865626821551	0.2851804381531051	0.2369477980858077	0.0558746916539716	-0.5594495883224204	0.15147645432697	0.2283304888651685	0.1112108457387384
70	3.2740871130064124	4.233402837304851	-2.69029642002941	-0.5798183595628523	-2.127707798993897	3.0327773407757364	1.425091181278883	-0.7403193869821956	-1.537103678385467	-1.4110197375612752	-0.3415226374356531	0.1771444891303749	0.1325239696774941	-1.1012927380522088	0.6723813122910903	0.4652356934476769	0.4806628132768318	-0.0483163139902038	-0.5933644703225625	-0.5219358785785646
71	-1.1431891146598263	-0.0972976249820973	1.925978970718189	-2.9028743592999384	-3.571871059498272	2.7599049615115483	-0.8378474365490769	0.765281284675321	1.2126578504221754	0.0746558763408029	-0.1080934510097658	0.4552737315634635	0.1215087439596741	-1.026228144833649	-0.7499658539681989	1.4069261795239347	0.2371650724540601	0.0740603141149045	-0.5997000126798433	-0.3475618402296279
72	1.4691889933362172	-1.5565243732596414	-0.324412711275636	-2.0727549679820134	5.660973972533166	3.5616520715819706	-0.4126147532749593	1.9985383194914603	3.2357312056698007	-0.156633402611678	1.1745966945349542	2.4991320899035805	0.0181658921942803	-0.8836953975940391	0.981080445682668	0.9661229606296962	-0.5904456957147359	0.2206904376370944	-0.3444710527191539	-0.0552150392065131
73	0.3800487886366386	-2.3884331691343235	2.087983291358134	-3.8872024713180697	4.287019496647708	3.590910925848785	0.7533792388137384	-0.6155225588505631	0.4275421807500699	0.0630572790195924	-0.9873529356367936	1.007021791305069	-0.5992636296113846	-1.0236943347284646	-1.1076131458742609	0.2252967948011806	-0.5020309781153371	0.0308330860516208	-0.1404461521696269	0.0141911047270957
74	2.6911054497908853	-5.390513388204756	2.8772139795663088	0.7894760211645582	2.3577856820105927	3.7621853751179968	-0.8075524685574189	0.3784988692140163	1.7336082302032167	2.0518774329268656	-0.281264389937257	0.9891598274031508	0.0495200896972546	-1.8273808942912169	-1.788363813233712	1.4435627263620558	0.0364158919262913	0.2791622375395897	-0.4153959900503139	-0.7749721106280534
75	-4.205124863972948	0.8593473565615	-3.631737073931264	0.609645812095946	0.2272440500154031	-1.1180843927313444	-1.3875092612131334	-0.2003417679062544	-0.5372727519280893	-0.2380823114859639	0.4098165097070055	0.6514522846828233	-0.5077494923041309	-0.205745946626543	0.0380124911010282	0.1712424773259355	-0.5186254554843344	-0.0259350925090458	-0.2120654499760057	0.1129929316995186
76	0.5960840886240031	0.4511211819675118	-2.2867338465880858	0.5372083971343495	-0.2024013635567714	-0.5261097669312638	-0.6200956069692447	-1.2236218672397468	0.1489423655050679	-0.4248883907655307	0.6611090248059551	-0.3646591518022953	0.3892720993119821	0.1247407826888069	0.0628287159106049	0.2470765761726978	0.0205284209698235	-0.0312435572567841	0.2885508185557484	-0.1732612409998609
77	4.1025495079513625	1.8623575815490088	-5.4562616610927055	1.2077729861461282	-2.2060682767876445	4.726973423191629	0.5225271139276115	0.0167887554190317	-1.1857590792096318	-0.0828776345558455	-0.3689236690746514	0.492232294924649	-0.1375689168652828	-1.3893595548611126	-0.3168465424350303	0.1556812922854531	0.5728736662148449	-0.2471426030424849	-0.6829418974792993	0.2565757308016527
78	5.355274599449737	1.6847154318146058	-2.1021137025237606	2.2421571621476537	1.150860684599638	-0.5516922130970809	2.7132939686318727	0.1294277917070369	0.5970026008387173	-0.2650782244990384	-1.376503153071735	-0.8448014634292017	-1.0722632502052805	0.519542018749817	0.3014938281258564	0.1225436036347309	0.2931037603895832	0.2412783600585606	0.0719314205967762	0.2090177304077114
79	-2.43965464889794	-2.5502562503121986	2.890452609298616	2.3729999618504123	0.5302895163471346	-1.8402758302038864	-0.5061814112182974	2.1355574265102564	1.0315709065248375	2.0130598152190555	-0.5109362261174059	0.3865621470215193	-0.290529959088302	-0.117180440020338	-1.3278172222875892	-0.4252058646416801	0.4849405963383355	0.3853096699304879	-0.317165400438121	-0.0646077056243976
80	-5.763090859980603	0.8702998320301951	-5.693538466804367	-2.628356002241768	0.8830354195758856	0.3556257448541191	0.2326221925793055	-0.5914236510554205	0.63065912243081	0.11039785212547	0.4254517768655599	-0.3283409101149518	0.3685574039115143	-0.6115546399088816	-0.2438427672070419	1.7471754638102288	-0.4399454638770534	-0.0954015448907745	-0.2378041093916607	-0.3058002886829003
81	-2.116108310482673	-4.122074214653505	0.8219177569079241	2.4378298811202037	3.1545850990864737	1.8984322248755665	1.1145434148729114	-0.0882135947918069	0.7386347969405342	-0.0530186513781028	-0.1938808146567235	0.9451601047546396	-0.322505166566741	-1.027324395588764	-0.5971501141978665	0.5735080011829643	0.3487566671508966	0.6276918822380098	-0.2306100628016416	-0.7574962080544418
82	-0.2658563595046534	-1.813731711538089	1.1902386919580028	-0.3094654745250342	-0.7449809201516162	0.0586373285787966	-0.9608915451021368	1.80541450067032	-1.540200722570468	0.9088487027034984	-1.2928977728458912	-0.4581471577621011	0.9738096183362768	0.5869819848646639	-0.5681673968537703	-0.4971884618346509	0.4775149024730099	-0.0625235486729081	-0.1012211755665895	-0.0080908673937587
83	-0.30825976825566	0.8138416113828733	-1.6535750718372115	-0.9152894049049184	-0.2553665383470838	-0.3166866657763099	0.7337848873497377	-0.5061948642574206	-0.1738437453085453	-1.0584745736154129	-0.3019802209370869	-0.9974488184595623	0.6826014512073731	0.5169439419423509	0.6329367125142759	-0.0098093190797863	0.4818466023033978	-0.4001528085126415	0.1334917092420759	-0.5115602897491778
84	-5.028314312332637	0.9605119003394228	-5.126435919119908	0.4471197752110414	-0.0851222301438854	3.6001393380185323	1.4173070548314106	0.259502064748371	0.5467748767060243	0.3557586687705378	1.5335951661711558	-0.3519066413363619	0.7008535061356168	-0.7917310655742399	-0.0559732390513369	1.1991374160452812	-0.1500040254609458	-0.6569274488963557	-0.3632449049338575	-0.0985846379953345
85	-0.6659722964843948	-0.4182619711207813	2.7624925098422635	-0.9197825216719786	2.2569352241108254	3.3352799034677107	0.0521356400041729	-0.4982792884423692	-0.2410644053289274	0.0471973235764591	0.0074948776301465	-0.9475348355197776	0.3213403489016476	-0.2497408451247802	-0.3963592148305645	0.3968659409886923	-0.0145339817223848	-0.0444815108083793	0.2523191751449225	0.3266310355490871
86	4.049168712090972	5.45450959438277	-3.277993872067208	3.8046536556958137	-0.8223107254204338	-0.4566618960123922	2.423197031053877	-2.2723743806722827	-2.603748348890776	-0.593628168397824	-0.3670937376274362	0.9775221938240944	-0.7035891618147249	-0.1497347994081226	-0.82987236108524	-1.3594216540584307	0.7359038428225184	0.2284690872724675	0.0417981013938444	0.3422387642507045
87	3.040809482065242	-4.143877757535787	2.38560634851927	2.038847820194732	5.777485022078736	1.9051919167423388	-0.403184905522818	0.303690419150191	1.9436136805937776	0.8491057777200628	0.6698397936177319	1.8838950121463087	-0.9342714951532992	-1.4533593240721423	-0.7107563147587933	0.7134321317169734	-0.1983229661128773	0.5959296295859198	-0.3320057313662765	-0.5138485870335225
88	-2.473907992282801	4.236315726877694	-2.2503381457868783	2.7392735643931974	0.4574830806954528	1.968378509843134	2.450675724923566	1.009818112513464	2.1138501491933788	-0.9875358446120468	0.8306987861013323	-0.8283980112936634	-0.3178843001945056	0.5672683557660105	1.2054350074935092	-0.1491923643824551	0.2011378885301504	-0.1304753741434132	-0.1223203505747854	0.0756778474969044
89	-0.5657820718816606	1.3870119596300938	-3.5274676056058047	-0.1468162235113408	-0.0610431248469511	3.5718200505922364	0.4226039764075677	1.0114467373945175	0.0376464909601743	-0.5837385499121619	0.9363796581801356	0.4459238794601899	1.1939185177978024	-0.4856316437847072	0.5067373245273855	0.1605366049469081	0.7838673158319076	-0.2609760551276472	-0.2427466195783125	-0.4117575953009096
90	1.8548243119439287	2.7555316318513405	-2.364226366479864	2.0360805087862306	-1.3791200788027291	-0.7829554208168727	0.1705452134530416	-0.1259635908115268	-0.4323538369210169	0.0861024414359126	1.7755009838421565	1.6088218524615931	0.6314257563844071	-0.0594849250581399	-0.1385252805460448	-0.5969103937944675	-0.2414499561314307	-0.2419713546628989	0.1925604988016083	0.1135905716412066
91	-6.341461601628031	3.551824007201976	-1.9062326603208728	-1.8620333379863028	0.8775198916658047	1.6152262057366396	2.5049849435432625	1.082675631031289	1.0875201401438377	-0.3730811749639176	1.29872267256152	-0.0386778924818381	0.4456686620208797	0.3197230608459589	0.8743277659926959	-0.3792340741695996	-0.3528700229410629	0.2481569530656124	0.0695628454650325	0.3544815823527569
92	1.2216420844893991	-1.1429176252806317	-0.1317006527805213	-1.9359956154106617	5.291657122163975	4.385694099409687	0.0007309784100923	-1.2039354886269575	0.9945737500019404	-0.2288679366531947	0.5983448731027953	0.7353620008717221	-0.7148473837393882	-0.956257131741694	-0.5947649520065746	0.2802369470758448	-0.3383697742990512	-0.0300822632809505	0.2141501690487608	-0.0521306754357739
93	-0.0138806619535469	0.4330135732708697	-0.9466772359350716	-1.0971757394291193	0.5705075982589554	4.028542448995867	-1.7049330176856057	1.7846427119452808	-0.6335237548107209	-0.3800948127871666	0.1400982485071072	0.6380012600039371	1.260815897676261	0.3017402820505734	-0.1056392139614816	-0.4204311103107025	0.0147277919746628	0.2171909265235414	0.0201202645815179	-0.2617276664123666
94	-4.284176539734435	3.9037177574451785	0.0771348949406046	-0.93116114066514	0.0436242533278194	2.1511587506404086	1.2617657289441755	-1.1525352613710838	-2.0610257362623976	-1.5045695915775457	-0.9504245929751756	-0.2382633728774964	0.6030680959099873	0.061234531217394	0.7564708045840013	-0.0425574154519106	-0.7664693735564874	-0.0098444592299222	0.1060122646285783	0.0680497630807321
95	-3.7180287659864817	3.0701531824088484	-4.547305072767044	-2.0318304191521634	4.247756670705009	2.6479880054270555	2.8085111637606266	-0.3537464569855353	-0.7247067808727152	-1.711702787792578	0.3044932024865997	-2.2853181128737377	-0.4549262588117765	0.3798010675980767	1.554785696811958	-0.2389841097755978	-0.2396605750290574	-0.5011848752010173	-0.2610469468564957	0.1254435838428547
96	-1.265224314673944	5.474207569744372	-1.8380909198484952	-0.6250979849831269	-1.6076775830081766	2.2244208899043367	-0.2576104410316953	-1.974103895240415	-1.9200083836339448	-0.7837826141317409	1.9271188993720108	-0.2672815148238557	0.1908557984778886	-0.5776380591225456	0.6367360757033714	-0.9648798803521724	0.2567287700127125	-0.340872373553958	-0.1681219084262686	0.1951511549976059
97	0.7786796333227062	-0.2583905781108875	-0.229391200576545	0.7858256411724542	0.8490140692824211	0.7560192381187067	0.0735812438878538	-1.2951968712411834	0.7773023583721255	-0.3442767100117012	0.8251896684275789	0.0668450219979502	-0.7384378604835705	0.1125158949077052	-0.6205708695890167	-0.7215087092869163	-0.2271707762718775	0.3236945589724365	0.5893529098307511	0.1296235035796575
98	-2.4861145999764074	1.8829140812542096	3.878060164163964	-0.3126392354550771	-0.9819488836577124	0.1051470557358089	-0.8259595785127241	1.948106538272524	-0.1167466171671627	1.3831517739783163	-0.1441375930327285	0.2550479732550398	1.2336460444104254	0.0760121509701823	-0.4397402645743719	0.2815507532513264	0.0679966723797904	-0.016405715314272	-0.0200662047726716	0.0756501820596459
99	0.26848255428532	1.6619907495811184	-0.80695023567109	0.7663485192025603	3.504759499028298	0.9708358256391274	0.8079690542925659	-1.3829159312105657	-0.187969564909249	-0.3352795834516189	0.0598864066096095	0.7333123320038174	-0.0353483992484791	-0.753636450454277	-0.8656719082023764	0.5449880149920991	0.0099781416392326	0.3980165950398224	0.1944446517453997	-0.5022313709894783
100	-2.1054630062838844	5.8980193310592055	-3.3464786548770475	-1.7334317257921057	0.4293088836840217	-0.1658450065731363	1.6366028399443513	-0.8786671482926036	-2.1854981394648973	-1.3578156532428554	1.4055684116832865	-0.0143283771294934	0.7896172220580885	0.0011167578523829	1.8683083555742388	-0.4087133201021773	0.2120652969091794	-0.3418723945701294	-0.2671946215989145	-0.0672885672884548
101	2.4397594295421743	5.062218279331997	-0.9380178776042436	1.4084379272441647	0.8876065641306026	0.7147930094019865	0.9368267911240258	-0.7619265367292987	-1.8511987930322285	-1.1808768410217352	0.4385235872622343	-0.0449718862482756	-0.1678015445328592	0.5495704031396895	0.6438334172827956	-1.1993112251973246	0.0506218440903141	-0.2220876439634849	0.147765348118412	0.4160506803273547
102	1.9927038152268104	1.4460067421237106	0.2265192968545391	-1.1774493913771829	-3.5807524654720004	-1.2154380606042818	-0.6665828005885617	0.3871553472180422	0.0994576161966058	0.6745260878507158	0.8405572283969985	2.0381869259492658	0.3251149669144032	-0.5222938559360062	-0.7134466814268557	0.0566398745340377	-0.2013503181644345	-0.1364978365786462	0.0353348192911013	-0.1483882255136572
103	3.2702885539716706	2.642641048815559	-0.8864156998684984	2.337852767418437	5.119114216233713	3.5451580648800483	1.2316029651920382	-0.4900280769183163	-1.7909130858856237	-0.7183113237831082	-0.5527315262242328	-1.305755755272783	-0.8065074128884563	0.1303444333730821	0.3941212700877441	-0.8661958533140686	0.5515017426545819	-0.6355808078278691	-0.0294159183446609	0.4896536882140792
104	-4.187557676971842	3.3223794286347967	-1.4248545976959208	-0.3716720549820711	-1.1423533187328454	-0.0709975684894215	-1.7469634049233926	-1.3625291076441433	-1.6386926904869623	-0.3087541918519458	2.2559953445127894	-0.5247852665631593	0.5447009300980324	-0.2429765109190216	1.3567113881840738	0.1273210916970368	0.0082295064090218	-0.5053800943300941	-0.0716167815153241	0.2746966196158089
105	1.9600039835404284	-2.379621750845981	1.9402335455116615	0.7899878473550053	0.3137163794002573	-0.5163880542514616	0.8441884896116276	-0.7512995858740816	1.1402111993856714	0.1756873236823612	0.5920303091116023	0.6680936450286422	-0.7297208393552262	-0.0987772271012767	-1.0485908781744089	-0.6761846118889219	-0.2186047165668454	0.0638687315210817	0.4383151184338096	-0.1436722916342718
