label_id	feature 1	feature 2	feature 3	feature 4	feature 5	feature 6	feature 7	feature 8	feature 9	feature 10	feature 11	feature 12	feature 13	feature 14	feature 15	feature 16	feature 17	feature 18	feature 19	feature 20	feature 21	feature 22	feature 23	feature 24	feature 25	feature 26	feature 27	feature 28	feature 29	feature 30	feature 31	feature 32	feature 33	feature 34	feature 35	feature 36	feature 37	feature 38	feature 39	feature 40	feature 41	feature 42	feature 43	feature 44	feature 45	feature 46	feature 47	feature 48	feature 49	feature 50	feature 51	feature 52	feature 53	feature 54	feature 55	feature 56	feature 57	feature 58	feature 59	feature 60
1	-0.8558823117437384	-0.4633056730571214	-0.5966229710612836	0.8738727961389974	0.1057086918248512	-0.1894119943575241	0.0078553904090812	-0.0515255695305255	0.0524398541104976	1.0451589495695677	-0.0713406806726875	-0.9426626174384845	-0.0377733625956153	0.1085331060762813	0.1954629620635581	0.5347027761900458	-0.0838102753512825	-0.4754529121156539	0.124579715392119	-0.1877721575969564	-0.1039153615810505	-0.530573578503729	0.2954183646393478	-0.7166760031192829	-0.7466038222643681	1.2286146305178227	0.4336106818463572	-0.4269994429104842	-0.0784393023321164	-0.1567554787237279	1.4148138907419885	-0.5107432092417381	-0.6118084070014806	-0.3729191007301913	-0.0821325389836653	-0.9235253662634176	-1.1509281966610807	-0.1048989857992817	0.0961313109802593	-0.1044978141508308	-0.0105235183105945	-0.1084213727513271	0.187355804619992	0.3012474009208555	0.2427555040412755	-0.3544898875412672	-0.0427542583577311	-0.1244649194166057	-0.4286731239729886	0.9208517071102889	-0.4054897319881179	0.2440095418688307	0.2673152378481713	0.1922497350608376	0.556580269907403	0.0451302805046975	-0.7049122819332301	0.5449583872342375	-0.2014015151046132	-0.0651188925558618
2	-1.152258343693434	-0.0473180147525462	-0.1033719291596766	0.7861905858790454	0.5244566081169322	0.2102234582592388	0.0790276102006031	-0.0991392892651391	0.0589840869685301	0.8546762050920974	0.3660202820977645	-0.715712405870031	-0.3446032228601836	0.1143064998462846	0.1614357506890389	0.1641598696355926	-0.279012716507048	-0.5057090477338968	-0.1231833705473665	-0.2037827554731415	0.3916337187719949	-0.1977155533900003	-0.1970469851691532	-0.4958392780524554	-2.5399017892134115	-0.2095580819668114	0.0055305639736396	-0.6285587627559288	0.3190317423549877	-0.0104819911283279	1.0961482577542034	-0.4902674954387562	-0.4729701433209722	-0.4202880722930133	0.3157812672086297	-0.5953096495817087	-1.3866603817542198	-0.338773956437987	0.0142036588024366	-0.1042078976771551	0.1664471021477973	-0.1470395082564288	0.5017309308136245	0.5047930551577324	-0.0815761324750003	-0.2010087543559189	-0.2592411824642489	-0.0078255288027037	-1.3645813920066558	-0.1256854213487925	-0.5116167568802199	0.507143289198662	0.4703157172028387	0.2684465317150215	0.4549261477003592	-0.3823040838327185	-0.412195376496647	0.4192783145328019	-0.1397176231363558	0.3686158751254512
3	-0.7363910833187903	0.1510589168518181	0.9751903356085488	0.676094459351263	0.118053862093295	-0.527270269190906	-0.0326424124971001	-0.0178416303943958	-0.0341913326434276	0.7985242605369794	-0.489698698792715	-0.4070626659013381	0.0969917060972539	0.3109024544866192	0.4966411452891854	0.2977736352837373	0.2577103966111594	-0.4577457304408423	0.1248239342563807	-0.6784691103562406	0.8280897628626267	0.2349304222982604	-0.9676753518585404	-0.0756722034001535	-2.304469353738199	-0.7258096533818317	0.5572179015832435	-0.3669975804201466	0.0149349032475977	-0.0602052869431463	1.1142161656593454	-0.3261343513295058	0.0999627475529518	-0.0711623486328084	-0.083688611696151	-0.0160354623680265	-1.1807827092306458	-0.5880688000347979	0.1241663115517988	-0.1430547352178986	0.1463262720808231	-0.1550338822118963	-0.0933250271656767	0.1958532198131506	0.0184845117367201	-0.2315159028208661	-0.6888680031847475	0.3476122259228228	-1.009568794316016	-0.9079465431855512	-0.0864559609211066	-0.1986080270231957	0.349475661435743	0.1588840425964626	0.7273103976984479	-1.1778830838625491	-0.0536704909109695	0.498466564839521	-0.4959451681703846	0.3553618212867201
4	-0.5010987266130245	-0.3370997131886393	-0.0808137815606604	0.6942584522649942	0.7718623032585918	-0.4942459455887718	-0.0913394116930534	-0.1194552162796817	0.1270887940447823	0.7537528914679092	-0.5865811416131652	-1.0735111221420088	0.0803654719968226	0.0608295182045202	0.0272685550996492	0.0234730753253824	0.5012919928644649	-0.8252472118610406	0.0371054923600343	-0.4758855597942539	0.1936178406973745	0.2359804404423113	-1.5877877698693368	-1.0558264200504064	-2.0266880835247183	-1.2775946770650757	-0.4768368893272452	-0.063131248243794	0.0373746470672524	-0.0360423835441136	1.0355823403168751	-0.2776057608820669	-0.4716274897924537	0.195331128795804	-0.2545781290256526	-0.6968540668349141	-1.1295468337061236	0.2207443698714921	0.3367155559397157	-0.1271147598429681	0.4140570901997212	-0.5484071011350773	0.4816500345100467	0.402995781806199	-0.0218873559574011	-0.0440649341031921	-0.0483361267858595	-0.0085089771684351	-0.7036365465643368	-1.492909806912365	-1.118749441859504	0.4393210151247669	0.3588146034924098	0.38889420660532	0.7019380137729732	-1.559632346556438	-0.8881188076543682	0.1264407310640622	-0.1747203757787658	0.1396941210682893
5	-1.5228280531741991	-0.1923120397040845	-0.2739334680854126	0.7169848962641607	0.648145036064434	-0.3101689492965426	0.1473253384356027	-0.1280805516556707	0.1864680258692893	0.4112756837148534	-0.0102783354351212	-0.889226661108701	-0.0274020807860467	-0.0813618042461372	0.1393464536491322	0.0052797995231048	0.3045819531683076	-0.8994838342117852	-0.0209296789276923	-0.2825249497775242	0.1535147802364096	-0.6444873474973275	-1.0887974984868531	-1.125515100930312	-3.338039334329727	-1.0906734219340053	-0.6371680005361087	-0.3795582113133762	0.0926144526691367	-0.1178699489484194	0.6928245790215475	0.1430336232490809	-0.3676172411036533	-0.218859091733241	0.2653412843467753	-0.6965800966551241	-1.5368015342042494	-0.6449264237567558	-0.3344188699640598	-0.4136498730996748	0.1384687525778457	-0.4810990810474591	0.4830082621446188	0.3728154092729892	0.0680943260962245	-0.6155832408023347	-0.0609190450829014	-0.0615803732279411	-2.097817866175819	-1.1196660283744009	-1.1850414199737545	0.5681002978172225	0.1942656882156423	0.473807730643748	0.2297953595237831	-0.9104668850816092	-0.7477375441535017	0.0757972456959303	-0.1371980128659078	0.2218665978444422
6	-0.9503347966154456	-0.3455895431220321	0.3427333787191289	0.6520316794367471	0.4695631646229972	-0.4390456519409261	-0.1464488769630888	0.0808649395337225	0.1284540858427608	0.4173948445320341	-0.1315028850763193	-0.2231889396947395	-0.4255969642878028	-0.2568872138005957	0.3338458675429325	0.0909491525782331	0.1323109793906025	-0.3543004492654975	-0.0531198527383329	-0.621816066904896	0.6188538304596587	-0.2659215858966841	-1.0170556555012018	-0.238491787514536	-2.615008490707273	-0.9070781605932784	0.247529217181986	-0.8914807442365463	-0.2299151639416207	-0.0103790447648783	0.6568289295502523	-0.2271958106883461	0.1089048629012021	-0.1080778490104436	-0.0468601389276925	-0.0293682725500246	-1.6749326589832876	-0.0749978623459025	0.3887333530443242	-0.4437009676683548	0.1592172835135218	-0.2273769274522706	0.0150868768187637	0.041743467598879	-0.0171628192317636	-0.3136972546144654	-0.2908778635253392	0.252419851220656	-1.3296443430901177	-1.054906697385149	-0.3320452554190289	0.098382653854422	-0.0316153157339875	0.0262371020145995	0.1940946745891436	-1.00403867961628	0.0005229172999978	0.2160919430729717	-0.4773053465074556	0.171127872670355
7	-1.2062654437718687	-0.7514141506441787	0.2951626568102221	0.5860127406196489	0.7057075515537481	-0.3284858537696141	-0.1581898014979288	-0.0044177974135263	0.0145968013370098	0.639846325283971	-0.4112306069546969	-0.5141571448072579	-0.2660734845801689	-0.123238561781825	0.0466304361775378	0.0342358847723358	0.4147782992574003	-0.4570141470778168	0.0200024581306661	-0.5272487839919036	0.529478885919789	-0.4779038397256526	-1.6481641655673973	-0.6604629390235852	-3.003218012591526	-1.6944205871169449	-0.068136096714743	-0.772869738326186	-0.3271485752927322	0.0832123280929422	0.441853636631436	-0.3837240497159624	-0.1873592838576638	-0.1469638759010292	-0.2560725650618267	-0.2370881356511802	-1.6127356833004989	-0.281713225281019	0.4982126387295972	-0.1695628677356306	0.2450160897049573	-0.2563014029076993	0.3113553508115031	0.3244888931292179	0.1798169887670311	-0.4841434466713168	-0.3703856953060497	0.2842729043886193	-1.6610550052165909	-1.794372651504355	-0.767010634067604	0.4284954311393191	0.3476660237645772	0.2546799359224956	0.65394468111252	-1.2995102352044916	-0.3221665165134331	0.0403489043127998	-0.1474735178349223	0.2804076907475508
8	-0.4449988699695419	-0.1322687428983868	-0.3809918726193787	0.7994757585231076	0.8127909452541778	-1.1308695669863762	0.0337145068673621	-0.2318933001593601	0.1498248320965813	0.3346187366375608	0.4077357750472332	-1.260357793941484	-0.2018984936078544	0.307445411708753	0.331141907207908	0.4099156903883879	0.6351451677930982	-1.1861543515912192	-0.0129897446328225	-0.2490918855996446	0.0054846450078965	-0.0095412870319167	-0.0731532821110541	-1.0055940777429575	-1.470594667244551	0.0645120700460846	-0.2546408423045654	-0.1959772284948351	0.2237863283005771	-0.1634416696719817	0.7425204508993224	0.3533256284430925	-0.8468917410197512	0.0053639224588801	-0.0099474359587292	-1.1296704453972255	-0.9547897554702524	-0.2147432633373567	0.2372989944645209	-0.1015516359542223	0.1030269993825712	-0.6660164607346848	0.2050493665023334	0.3666916168447457	-0.444743101242345	-0.3060442543855	-0.0890458757227941	0.0263419984207642	-0.3367366615650899	0.0249100705468752	-0.987730100140202	0.0696783300683192	0.3254815054667053	0.3096881078527203	0.2632942035232327	-0.2702016502472717	-0.9580381630475524	0.2016356565808428	0.1473476316811051	-0.1613764992063258
9	-0.9751279286265548	-0.1464140283792319	-0.1738394709926218	0.9244715331532796	0.1902479129538192	-0.1033040469310124	-0.0503997282720428	-0.0601744189787053	-0.0159419899746384	0.8875080901595478	-0.183995982049451	-0.8283479966718119	-0.0974200484488294	0.4187330711368047	0.5268029061203332	0.1762012143422034	-0.0204750586129004	-0.4535504353983477	0.1141596280126769	-0.1281828208634385	0.1261127505095669	-0.173089821350964	-0.0580704259224522	-0.744774078123569	-1.735921652909838	-0.5517740069166432	-0.5048192411238961	-0.3147167167882263	0.0775604333898205	-0.2448215964360496	1.3083805381437714	-0.7601358376914975	-0.1895064314741024	0.0299736594371551	0.0685491109517402	-0.7397545906899603	-0.1175370131670221	-0.0263364922802022	-0.0668948574744908	-0.0214279351107575	0.0884706627596389	-0.3271862596603202	0.2334960433394378	0.5398207115424541	0.5473505311816885	-0.0818680230632717	-0.1580249602119294	0.0206832777125219	-1.3331220140498976	0.0916702399510014	-0.6842555022487704	0.5340910396474318	0.6286781065734686	-0.0087725168192818	0.6802553591655438	0.11635425557201	-0.4764965932827232	0.5406428912036362	-0.4008809247188758	0.3894795525665464
10	-0.7463422517367369	-0.1864603696681885	0.1564490226588926	0.78390146926605	0.8104543744216862	-0.68621916220293	-0.2297913264214097	-0.3311976403203797	0.2359833490767268	0.8604169460263651	-0.4380481413761143	-1.1290290639071816	-0.0051521934112248	0.0525312188997157	0.0641229299443595	0.2053400732656243	0.44039395621507	-0.9329827321197502	0.1047054958725627	-0.3148941034623786	0.2609087541383642	0.1427521686432787	-1.260287928271675	-0.9742449833152282	-2.5324567952172705	-1.173214428067579	-0.2590260471201644	-0.5141379530273651	-0.2390148497827035	-0.104472116673411	1.0784303156884476	-0.2542902252452019	-0.6532233031216437	0.0581539347853259	0.0106699086212151	-0.6677687017174876	-1.51398907517128	0.0552844762414235	0.6219617344081537	-0.2676938371652915	0.4564269493090046	-0.3948136526836562	0.2671065644741134	0.5486706454373698	-0.1437542710991079	-0.3646554965453518	-0.1104406866103311	0.1835655082202199	-1.1746367367829804	-1.324138295003546	-1.005678699876836	0.368526311410315	0.4298849380585182	0.3690221908405837	0.8465451765978571	-1.2110028828914945	-0.8644317586061103	0.187622068401551	-0.0789116115517615	0.0254936570514639
11	-1.5681318161864228	-0.8075009018132908	0.8059228746575184	0.1369987115519428	-0.0668913062261411	-0.0937285120815198	-0.6586418180344172	-0.352600682478103	0.3200815439878591	0.4919759589596733	-0.1180459303300693	0.0489185623694541	-0.7765304121402266	-0.1921448262973581	0.8709011255866371	0.0942046329512237	-0.0414171121428938	0.0440622339099106	-0.1916670771283884	-0.7622517358303147	0.8098579857052428	-0.6702427005759322	-0.2196857878849534	0.4806121353238453	-2.8491705801473755	-0.3042457777689478	1.1759897549634124	-1.185315972203532	-0.57339434752104	0.1574144091489083	0.8716052791807021	-0.2462488424965103	0.5203787634171908	-0.1359655936841289	-0.3282542305755134	0.4350644977078337	-2.001556644981057	-0.6368103571234978	0.7924798783377558	-0.3035380144544147	0.0423467495219285	-0.0423937592111673	-0.0190091468628466	0.1121534798771075	-0.0774459655358869	-0.7299934398899885	-0.5475961616339828	0.7854277718379217	-1.4767479675101625	-0.1859791406445654	0.5999669935002738	-0.0297941893454145	-0.2807903308363513	0.2966365632108285	0.0135111184432605	-0.1201507351053248	0.5237463753378635	0.345461207475388	-0.6754338678242975	-0.0623013294498011
12	-0.4922767533622918	-0.1800119362998353	0.1640541963495414	0.5787118769305553	0.5845608519384555	-0.3344948724382424	-0.0395108520663934	0.0321652348098292	0.0552755433333627	0.3009527010445258	-0.359477163227075	-0.6313567651866772	-0.0252584682160973	0.0678853392780673	0.1047023188848268	-0.04050683056944	0.1740542751950713	-0.5265485312012597	0.0547138965116985	-0.5841079282088613	0.3144627631765579	-0.0967151307533127	-1.2330134846440943	-0.5614262846495772	-2.306045274631097	-1.0323838296928076	-0.1064333733114708	-0.2233334494743906	0.0546994556689576	-0.1413112081792309	0.4986428900725881	-0.1084464552515774	-0.0133525814152555	-0.1343079010665487	-0.0390056122263	-0.2929109921225485	-0.8961503673012554	-0.0953938711487797	0.0691143589804239	-0.2635091116123416	0.1822644487412248	-0.4605514547939197	0.2505877661487385	0.3899940236877385	0.0481445787452944	-0.1878692218291586	-0.1286649456841209	-0.0216536431052526	-0.933541285015918	-1.2543542769856937	-0.7859652684071678	0.4893899376549705	0.4153365759607459	0.3303566180756112	0.4583707821859079	-1.169954633720979	-0.3706660118367042	0.1513340505568154	-0.1767659501540504	0.0894868972180108
13	-0.8170128673936483	-0.4726704074687349	-0.3945900712101035	0.9422945990739336	0.5690338456006565	-0.6218547928859026	-0.0591348891127263	-0.2039955611494807	0.1463376376576091	0.8960892206392231	-0.2910593930848633	-1.3262364960349138	0.0206745709005202	0.0288522434222593	0.0645820647658927	0.3582273834892229	0.2640800528882622	-0.9544469621395276	-0.0567109822386635	-0.1752765045115198	0.0597608673564548	-0.2528455414292693	-1.5708622201686524	-1.429854238137869	-2.6111993409152348	-1.421588277902647	-0.8070633918776658	-0.2513491730315218	-0.080383211211697	-0.1945160731437014	1.2126624213113573	-0.0948871536221955	-0.6871505827066703	0.1183310123082769	-0.2445638839586508	-0.9134587638720868	-1.105210079416049	0.1045238707675919	0.1297731153647107	-0.0244706358412735	0.3938931894980312	-0.5230056608996962	0.17508364497918	0.6591743629542977	0.1159663880065436	-0.1362666497230161	-0.0006341359899866	0.0106061411729365	-1.2262454980146646	-1.666164814152464	-1.5301363749551002	0.5280077158903669	0.4521623000906363	0.3139232334234918	0.6930678930322209	-1.2705929166458565	-1.1923327907857164	0.4364544229615421	-0.1401432722081593	0.0880245785712264
14	-0.5829810720576449	-0.099762090452345	0.0363915348390055	1.2105859720827743	0.6455961283619172	-0.4469615659555906	-0.0209656232180038	0.0224659630954321	0.0328764809961579	0.9758706230605216	-0.5764143263012695	-1.270768816526239	-0.1756689672633686	0.4459908279011688	0.2367825900530376	0.4146697102437437	0.0853138160817215	-0.923197020391235	0.1417180247907719	-0.3531092557487592	0.2743817349084996	0.2278081434099267	-1.2447026748960988	-1.0334394551951414	-2.095364806169252	-0.988435800821805	-0.3580940572655819	-0.2824857661517486	0.0982580672824002	-0.1010204324045985	1.340818892427865	-0.2694911776604836	-0.649672960585776	0.1808617980399081	-0.0523303734643811	-0.7809338749778598	-0.9551409871373822	-0.0765948719041543	-0.0415734571179365	-0.2770378947285281	0.2453583436116579	-0.3853001153770115	0.5127783367325902	0.4587682691002345	-0.0187614413585791	-0.0378203023369042	-0.0426713343180009	0.1094291265953273	-0.7918574978172743	-1.164471493971924	-1.0319537703294144	0.2669560374798186	0.6344901157322741	0.2251244532906404	1.1142794711477997	-1.2035305650378865	-0.8889900483176536	0.4813487414319213	-0.0720925619714351	0.129028963838821
15	-0.6425854077124342	-0.3592555037760618	-0.1119267159929142	0.8047358221617074	0.7861402282071577	-0.6336690607600307	-0.2615947183635324	-0.2619459582743135	0.3715539159274164	0.9229097867316322	-0.469398414549615	-1.0806377532954672	-0.4874865563674521	-0.149939145483166	0.0473964090267804	0.3269718394757583	0.4454702106344717	-0.8205759828476868	0.135423119264006	-0.3128752648978439	0.3785732728337139	0.1532931402396178	-1.550602078263562	-1.1832779761602252	-2.312298069099932	-1.3018404205095786	-0.5139569336005663	-0.8506036924461227	-0.4030052568454777	0.0121796180366362	1.0048612277196027	-0.3363996523901047	-0.676009104416774	0.1087996567666714	-0.3013540542633783	-0.7294284588436688	-1.2646051168613486	0.390781413618311	0.6927758912233817	-0.0559914840841863	0.3372383522870491	-0.3269332346816448	0.2828117096937095	0.4355473749919972	-0.135126346510738	-0.2245276298077819	-0.046130865509756	0.0731121538680171	-0.9104354151505204	-1.5489119706836698	-1.2826346004593845	0.3689269108805851	0.1626740818365946	0.2231184957423364	0.7935578511403653	-1.4694384836603651	-0.8983536020441627	0.1229688837009941	-0.1316035007393485	0.1491270751958516
16	-1.2704965275446858	-0.5898063100513367	-0.5776385784227853	0.9049859938028062	0.903852747414535	-0.4352935585300475	0.0297586004640476	0.0379361410485633	0.093961513083189	0.6126936487089798	-0.3854398919705466	-1.3100400429558468	0.1637103243902994	0.7607472817435844	0.3694174171587241	0.097427727074607	0.3629511313430846	-0.9186725775871268	-0.0783582083124775	-0.2232917265421492	0.1292352994302866	-0.4886523699908177	-1.66666932057574	-1.5837420376663442	-2.802120431765555	-1.6629179918974215	-1.2154986129592806	-0.2829524878712888	0.3762974521147967	-0.3375517101006318	0.6043611557994328	-0.1129211355974497	-0.7452415229415311	-0.1944509395432331	-0.3388110499107917	-1.1286643693062033	-1.0242227461263305	-0.1374528664188588	-0.6372728786689674	-0.3887637312297365	0.3975310928305892	-0.7725102186629703	0.4816583060416806	0.7324472691650369	0.4081916410626524	-0.4282517958615793	0.0923388775647648	0.0691883533981088	-1.7003142493551362	-1.7433906218517043	-1.7049630689763149	0.7507760998347202	0.8574627423389024	0.8229107793345687	0.5084461377479323	-1.3855534901477295	-1.2509864640142117	0.0488642776928311	-0.0760503629503661	0.1203176820631922
17	-0.4827602302724105	0.2427025486534912	0.2821032834759287	0.7001785452132574	0.6095759164621664	-0.7771555286807015	-0.1031891370313543	-0.0921489775677386	0.2759375781885045	0.8933456256207042	-0.2498844077919066	-1.1864805311434194	-0.029278852287281	-0.1411939598914797	0.0716195762270721	0.2330795812520664	0.4914996882820879	-0.9678948631880864	-0.0743630183741188	-0.1224273423528206	0.2586148056657691	0.4344196262066193	-0.8121866261189901	-0.8034232123354372	-2.1603048422975366	-0.6178063564462155	-0.0376539752859232	-0.4219788268290994	-0.2182987531161696	-0.199751344580277	0.8027281878224499	-0.0533366248036768	-0.8540758503777844	0.0992941893324587	0.1305091623693932	-0.6189304915623153	-1.2324649979751323	-0.3203644122779972	0.508407027458003	0.0052050060470483	0.2479190851961641	-0.4758898700719972	0.0276343753062311	0.3527081396695291	-0.0922983481683402	-0.1742766618801164	-0.1356778676903233	0.321287197403266	-0.7667330782675441	-0.828946800447012	-0.8098036912073168	0.3064171121628848	0.2012418899762762	0.3919844186815755	0.8733131929312519	-0.9966719920339836	-0.8192580805339895	0.1146308588545974	-0.1351682303211079	0.0246172693501199
18	-0.7316028222680038	0.0461133670529807	0.5005098193015913	0.8824456559515834	0.4010291883535466	-0.4723952723198871	-0.1062538441792553	0.0296088908084035	0.1120122332502244	0.5654507885359794	-0.1761371864070113	-0.5890180715913256	0.0535851560653023	0.0804583929393598	0.2758142664865168	1.9950620387954032e-05	0.366131749864185	-0.5511813740240861	-0.0683168457602332	-0.4585974090200131	0.1634227654196318	0.201856110969416	-0.8358510350057209	-0.4887962911663561	-2.2248023615784955	-0.4568870956859454	0.3178723937145007	-0.2351305603911306	-0.2254782181778128	0.0811841039167838	0.8716025338539748	-0.0892871823615367	-0.1005777722222862	0.0419469684322345	0.1127633342040066	-0.3112737148195812	-1.2619604362538253	-0.4889861432373432	0.0204368243369717	-0.1305498402714164	0.1793132017358209	-0.3105945429034725	0.1221285983123066	0.2493373321465384	0.120187546268524	-0.3869997083122946	-0.2907044714720078	-0.0041165155112233	-0.7876645305723902	-0.6780536624444022	-0.4640337206404572	0.3674508742802229	0.077601604605473	0.2175463153776964	0.3875247573488526	-1.0036854185198787	-0.4758719917291796	0.338235328752712	-0.1955232793247343	0.0036327824751609
19	-0.5820683551382331	-0.3552672628387565	-0.5269169716994725	0.3401577323795992	0.747412679455341	-0.5274871090511235	0.0556628310970889	-0.0887729518922889	0.0367794862626624	0.7083861897732789	-0.6383060334839645	-1.284787872565566	-0.0528326319229638	0.2995037735325714	-0.0001926714873397	0.090343659435391	0.4295678062073815	-0.925841390261595	0.0595725762277683	-0.4253303884909849	0.2366664562940966	-0.0652721204831542	-1.5303783851037651	-1.346750920481716	-1.712931856379877	-1.311629365999354	-1.1200254652120738	-0.1829082226551288	0.3465217375138706	-0.2028918935317127	0.7384893869016005	-0.4544137663860493	-0.6650963641077734	-0.1638212323414789	-0.3530398882806127	-1.0436754113023594	-0.449615277898918	-0.1295616301825288	-0.6123598522993722	-0.2329576884934079	0.1866785247184168	-0.6546367413579446	0.2639088218576746	0.6505703168683813	-0.0294681662657268	-0.3991863451896779	-0.0725765091382265	0.006711513474142	-1.0793455804045031	-1.5299799923937718	-1.5628267082893013	0.3782644508394722	0.6167786938847419	0.3153038018019041	0.6982231225498593	-1.5459542117780396	-1.167483319869629	0.0860662549385942	-0.1056129326881477	0.2130097899126178
20	-0.3268063447261224	-0.0754489895548347	-0.3370032323766776	0.7637238776573765	0.6602671277290681	-1.1578567921785408	-0.0222437141704539	-0.076241180061128	0.111739274142432	0.634752334097728	-0.5208254582712353	-1.678206021123644	0.1212341378086271	0.2373473146927081	0.1785592107983964	0.1509545267161925	0.6892843605971032	-1.291945528014148	0.0887390797177409	-0.3707525821127924	-0.0914715336579437	0.6551525612292748	-1.2849791672776814	-1.4861036477448744	-1.8049493865024493	-1.0203171477211612	-0.7280255418648682	-0.0295898434822987	0.1813553786553402	-0.1379895361854742	0.9838470326778104	-0.0902469198682515	-0.9838811015634922	0.399887889730064	-0.2014735559430485	-1.2479955461274996	-0.6480151886832015	-0.2315430924801668	-0.052320770682937	-0.0188707757497413	0.3077467019157743	-0.7760611848606915	0.1536611862894477	0.5263208220513803	-0.3027464407044349	-0.0867463168263564	-0.0700668142268896	-0.104143374981927	-0.4769676100677436	-1.2104764546457103	-1.4773384364825637	0.3736573974616685	0.4448179756329365	0.4075484310405664	0.8782596090791503	-1.4280447372215612	-1.4277129784898337	0.1942490684476598	0.1134636329771167	-0.1688154625680214
21	-0.6381310855702551	-0.6038680548283517	0.0698793585233175	0.8632962586031652	0.3182565516867905	-0.3818070204477171	0.0675584615039061	-0.0112789103006904	0.0709127829883713	0.8023931784723839	-0.6496376476280201	-0.623718921993498	-0.2130374411418845	0.266029472795277	0.3022631285771109	0.1660016310724706	0.2910914389240585	-0.348272496874783	0.1307922338533317	-0.6047351560620082	0.5934075915727381	-0.2072396425318657	-1.3225469787096753	-0.5981033788598296	-2.458761666800027	-1.458505219882727	-0.2299792969313709	-0.2260798028450301	0.1325132584905349	-0.0832806522723573	1.17315937115505	-0.2907078255176851	-0.005673407171481	-0.0482394638499185	-0.0165112956838167	-0.1595208203502678	-0.9960585233313022	-0.199296915186542	0.2319484592370493	-0.1916015951137986	0.0669593924508851	-0.1522798238981187	0.1310909285244481	0.2556852944352612	0.0150370850696471	0.0126936275708875	-0.2634618888452776	0.3047804005101049	-1.3482708306917486	-1.4117445965484667	-0.7487427941436788	0.1581967242513844	0.280677089441447	0.2214037213607587	0.999912341421207	-1.1363597030323866	-0.2522577348261838	0.5009985842535677	-0.3770061186827729	0.3027468676735754
22	-0.9788988466986256	-0.1014157553670631	0.3944772383891557	1.043827025810677	0.3207722182910658	-0.2773158269896961	0.0778353959480219	-0.2587654679650461	0.0672734267591225	0.5857686115922698	-0.3609015752881892	-0.5055866338920039	-0.3622257441557832	-0.0644182893442628	0.2629458712246315	0.2729313776521448	0.1345172019379868	-0.3418965249735284	-0.0164657900855239	-0.4947020138434925	0.6672639489156749	-0.1279066786527453	-0.7369561327407972	-0.2875431557888208	-2.7476297316184133	-0.6349715295525837	0.2866936440165142	-0.6269972268449303	0.2398569443965742	0.1393352457334484	1.045711711185081	-0.052381682972267	0.1017008369952354	-0.1486457160343377	0.081070145440989	-0.1129776948579868	-1.2189049468163256	-0.4737508895883962	-0.0172535361753192	-0.1900779764205326	-0.0135844606799487	-0.1563443659221433	0.3124123034489773	0.0339420389721338	0.0593862563413242	-0.2803572863678331	-0.3824390500858119	0.1114291124453356	-1.3681644159002395	-0.7754082703925338	-0.4156497809942423	0.1319411796370394	0.0177995499170138	0.0848473499369384	0.6995570491679282	-0.8168075643498569	-0.215336395988517	0.5484678591965009	-0.4370110879371941	0.2257752107359585
23	-0.9082692107189534	-0.3876934060622816	-0.1479934321594198	1.0239094412123582	0.7042743088195229	-0.5278421246591694	-0.0030402180041623	-0.0222156534191456	0.0229973180736929	0.9349387908538128	-0.2186221910836565	-1.142193263273796	-0.139996852176809	0.3434154721932074	0.2134822157961486	0.4077348104263054	0.0128492217182946	-1.033401197258346	-0.0692400247684125	-0.164920668509378	0.3618891929229573	-0.3478762148446644	-1.1752531905448786	-1.1162069524649103	-2.4247435424777835	-1.3976103851778945	-0.8269462711215452	-0.2258446149449162	0.3058773342840208	-0.2298101612403658	1.165846898367029	-0.1784517365312063	-0.6531890986743858	-0.1851866165753958	0.0692872903637582	-0.7967242120406997	-0.6806873352491398	-0.227601863355336	-0.5804297333594755	-0.0973725042177603	0.3050662183830086	-0.3528033237781466	0.2722658071430625	0.7147825287017409	0.0753087394563234	-0.2196207899726722	-0.3946293844386274	-0.0444533357596065	-1.5778169839687295	-1.298103290847709	-1.218860347943976	0.5394760955675353	0.6091703277246326	0.2960929808974297	0.7896042675409888	-1.079830334518025	-0.9093184903704312	0.3290905045776562	-0.2928034374395127	0.0013499822662303
24	-0.4259683759479638	-0.2006033875952593	-0.3404373311566397	0.7315209561926765	0.9998482782842024	-0.7665948432692451	-0.0871953582038833	-0.1319291896791978	0.0745502464151233	0.4843493763503756	-0.3561166079879254	-1.4479130014089363	0.0917846836247474	0.157359775720852	-0.0307584352307406	0.0745655885177796	0.4876206591799429	-1.215441855672508	0.1382608886162764	-0.2648794331234863	-0.0738360899007481	0.4454492742730318	-1.45013901711035	-1.5113288941277871	-1.9957647520973387	-1.0786485868412083	-0.6786745449776537	-0.0918535421246153	-0.0194119116855789	-0.2311236349089526	0.7881078871423699	0.0299199648704771	-0.7739783919940416	0.1946057837614441	-0.2078145086873932	-1.2319889436741098	-1.0652857313421409	0.2272367844156676	0.2363982929450853	-0.2257905050825997	0.4262559013670057	-0.832587503569853	0.4687046060513697	0.6209206240883064	-0.1537869729311545	-0.1273492202360243	0.0321503041571291	-0.1031862636682516	-0.5147443485745411	-1.3759237852249804	-1.4912761886925965	0.46019531192379	0.5251672723549925	0.4838526940458992	0.2856460208923875	-1.3725926150530057	-1.383308253623937	0.1863731266488857	-0.0228792279515662	-0.0596576256390456
25	-1.0385299028448527	-0.6432716816737469	0.2219615290667711	0.4219768555195469	0.2549887799926352	-0.208786777189286	-0.0349211071079486	-0.0445115152791758	0.0031169999260055	0.3121010749625652	-0.3133689751198154	-0.3974698219994552	-0.4989288306232309	-0.10202563861825	0.3339884416024268	0.1486338198179132	0.0296735828136095	-0.169895501542503	0.14220633091901	-0.4984405791668964	0.5621738563676357	-0.2276741845111501	-0.6790756105192268	-0.0543152521646681	-2.629524475005844	-0.9363125614362664	0.2465935093197917	-0.9346906936272894	0.0116202356170938	-0.1982149374274847	0.6173278051596383	-0.0977343507564947	0.1085428206990641	-0.0573738838978877	-0.0631332854459862	0.0480723178033635	-1.446319077515537	0.0042457540420134	0.6476595595134639	-0.2041593849301977	-0.0522380608995926	0.0170577313425934	0.1136744267355674	0.0739601683226767	0.0855115281879418	-0.1918673314347347	-0.2479495884545091	0.2898380175573101	-1.4390628101586893	-0.8763217451371701	-0.1442059276872367	0.2733348442264354	0.0748403679097149	0.2168002135577955	0.6068982896306294	-0.7802298210816656	-0.0255671449973178	0.1572768530149204	-0.4574647921373296	0.3184663723595229
26	-0.4018506130613724	-0.0431203930142616	0.1185207611266099	1.152947610744924	1.071741597965679	-0.7806277352627143	0.0523437957120301	0.0367095698629278	-0.0756617554452998	0.9908329274068536	-0.4319681212933643	-1.23979214986904	0.2574901251511142	0.4756028741602947	0.2997847303909917	0.3721560333831937	0.6834396495916595	-0.9458664518670896	0.0758110518793435	-0.3920462514494101	0.2457661874499811	0.2230595244993045	-1.136434823204333	-1.0316802723033192	-2.1975831520479137	-0.9877735096739688	-0.2942532115339287	-0.1935592150652303	0.027023052674917	-0.236660104999006	1.3649463394693622	-0.0586227085611579	-0.5966640003348267	0.2189675401086344	-0.001788913112231	-0.7248190240854693	-0.840362001988217	-0.2574343771229122	-0.088089230099464	0.1292295586366801	0.1731109309865076	-0.4123516543394134	0.5045172099203832	0.839078306749137	-0.192475398068586	-0.1389907881444338	-0.2150394076088724	-0.1048777303606059	-0.8873232388124603	-1.1564568594065745	-1.0096523394705317	0.3065708633932444	0.8659686109842601	0.4881798945950394	1.019555942778932	-1.153830915352965	-0.9208273453549584	0.4549563055039737	-0.0193772988333278	-0.117969114291925
27	-1.0747409375135557	-0.8448061620161611	-0.7035295600723146	0.4743731788357497	0.5717856185205675	-0.7002842061471276	0.0849535664914528	-0.0359004635730836	0.0413289166758492	0.6724867760572965	-0.8220327270055618	-1.4607465035734883	0.2316657923329045	0.7095220204530276	0.267522567864811	0.1066837790271927	0.4389548940477322	-1.0112314145575514	0.1587335419173594	-0.5956722476953971	0.0425755826854199	-0.2005174460454494	-2.056586654989729	-1.7736761834669552	-2.725110128282842	-1.9089918585792771	-1.2430412844999623	-0.2189821825868358	0.3686315737642087	-0.119929680539833	0.8924482244437097	-0.414769955896467	-0.7828160082792569	-0.0931706101890404	-0.6559345115086379	-1.2834888597654142	-0.9562859608929763	-0.2391340121401044	-0.3122685863914212	-0.1731256401461296	0.5478906393162056	-0.7140355725114078	-0.0154725616155775	0.6212473424606185	0.1422865883520158	-0.1557505278699422	-0.0644701376119962	-0.0247298191310351	-1.4600838483358878	-2.0975891451158275	-1.8958602837567076	0.2460757736608684	0.8535121779016572	0.6261773670504904	0.6574602423890608	-1.8709071276446805	-1.3926252854079235	0.0883160085496288	-0.0734908023151704	0.118228805459944
28	-0.372779844337519	-0.626628904412738	-0.690797897144445	0.6640048420153588	0.9643661982317918	-0.6160346478354854	0.0089158885791423	0.101693656648005	-0.0595579629002536	0.5234639468143945	-0.4895136155405435	-1.2908722184120398	-0.0093497942826674	0.5165143279399589	0.2267440839156151	0.0111734004092212	0.5749637828823445	-0.970739691633832	0.0454742112118783	-0.3189361100797419	0.1462182201561332	-0.502825348453006	-1.785005677722234	-1.6365371454297588	-2.1457669675655384	-1.6191551554518722	-1.118251507413345	-0.1005176423969902	0.1938068181795977	-0.0345069604205405	0.6547616521898783	-0.1905941802479606	-0.6296566299318056	-0.1475690231595338	-0.42233446662186	-1.1187851101404136	-0.6972109081462152	0.2089432863302066	0.1330900883099372	-0.0287115232279985	0.3312698318924875	-0.5988372501041381	0.2327346034845424	0.7419473304898199	0.017967928004158	-0.0371016123960606	-0.0538873305579812	-0.0103366156756253	-0.7828668778110799	-1.8603210419468892	-1.8679320505570864	0.3826566732557175	0.8047322652106342	0.5701852894816182	0.3822137786600419	-1.5314822796005734	-1.1988437088494486	0.1698545594582421	0.0804145117208865	0.1160979351269079
29	-0.2581294406402576	-0.2871786973631156	-0.0742654623851311	1.2675602227911835	0.8566351632944915	-0.5827652640976748	0.0569165864190581	0.0900836882254213	-0.0624463132781991	0.8660016448223513	-0.7266271272671	-1.2522822401884488	-0.1567499880760517	0.7875770546724822	0.4876829710183394	0.1696933509566719	0.5426546802404936	-0.8538939998053768	0.1239247732949092	-0.3860140339599467	0.3431993907659465	0.326932007301278	-1.3918146569634764	-1.1372382405769843	-1.5088698900740185	-1.2697854397644106	-0.6613225887279797	-0.1300083805996315	0.1983492787008329	0.0151294965743424	1.2527862909717251	-0.3299390899540613	-0.553280190044146	0.1775566313716163	-0.2891432605219703	-0.7946129318144748	-0.3256475073599087	-0.0396670653638879	0.0282574997215334	0.0079557193488865	0.4128911645628198	-0.4065543541498365	0.5664028146232168	0.6304286384885773	-0.0396224463040186	0.033407325257176	-0.1862192683395429	0.047464775447452	-0.8391579497935269	-1.4320767681947997	-1.191962610045253	0.3341887302295023	0.731418878853579	0.28876201197982	0.92946350132462	-1.468157549066979	-0.9730795842530864	0.480707150705176	-0.0267548821146613	0.3069372920483949
30	-0.2914039797796122	0.0946496492536577	0.0331113406153835	0.7508299015026187	0.8246136995055705	-0.85597561649863	0.022809529011987	-0.0407252597866344	0.0411854542657993	1.323053628261464	-0.5357660172303738	-1.3907047142059183	0.2311010358153492	0.2238675347857488	0.0586926588857259	0.3240402635720748	0.3347591011522697	-1.2530413412227466	0.2852168170667971	-0.3669174026205961	0.1439112971505798	0.668823884938053	-1.2249502473186578	-1.1949811521496645	-1.986457829553544	-0.8555669054733519	-0.3613503550046772	-0.309037301262866	0.0399190312417069	-0.3176379635185358	1.195960232427567	-0.5915632438125322	-0.9705755290186732	0.3618456682712997	-0.173958722379746	-0.988233189412477	-1.222488889926685	-0.1556910038942019	0.1824535810021226	-0.1099934836732523	0.4587693281266432	-0.7024341497980766	0.2488210677689351	0.6231203752003883	-0.0991488128104391	-0.1702097850525319	-0.1137809690511144	0.0692752692605191	-0.5232224449592497	-1.1356877918903423	-1.1696020850715727	0.442005497988816	0.4991620630427473	0.4178911109679379	1.2060464789015737	-1.4197388953583172	-1.1980206077129647	0.1848210498019922	-0.2770758022978393	-0.1381334060599465
31	-0.5808132972632403	-0.7510887872402214	-0.513598655602819	1.3265826297769885	1.178549076350071	-0.9915010385525804	0.0358583660654247	-0.0223775762496464	-0.0115485216984496	1.421399111213129	-0.800690967620061	-1.7479556077090934	-0.5925067474912356	0.7491641349390132	0.5555542562749369	0.6584392464414063	0.4875962744488319	-1.3808288351889084	0.4038309449528425	-0.5591981851913044	-0.2031294475797657	0.268765860680983	-1.9504581680494844	-1.636811414783292	-2.002891113343264	-1.8699272336528407	-1.086085089176592	-0.139232533697678	0.6034940979867206	-0.095724013931115	1.4856124723301003	-0.3940576785077682	-1.3258036353195444	0.5532405483478584	-0.5683101799648047	-1.217292976024114	-0.4427501467064194	-0.1927979724344756	0.1612559864189074	0.152027529239811	0.4550094525972222	-0.5763377039039852	0.7289436728406204	0.789358141492567	-0.3884772440049746	-0.0180618796185172	-0.0020959502608068	0.1603986707579107	-1.0588496320034235	-1.9614974343182603	-1.707320089718478	0.4813022122275803	0.710523817192491	0.206876759273288	1.29774864742156	-1.7349286959568626	-1.540839643098442	0.6393694621364556	0.1235507904507242	-0.3352700474998834
32	-0.829002006636139	-0.2451023695454737	-0.153187803766297	0.8992043290902207	0.8740086325599912	-0.5552638654498605	-0.0002575348628898	-0.0031317143926333	0.060174229695366	0.8616341463247867	-0.4876120754062083	-1.0492911063111738	0.037329539161827	0.2842077313495985	0.177247189811202	0.0040685418154837	0.4314915271079658	-0.8374694648777729	0.0835815350536567	-0.2880526586512153	0.3723360593520508	0.013758156603092	-1.4402959650655087	-1.1057450598116842	-2.579188702508496	-1.2421865532956575	-0.6107652388899056	-0.3641269911668072	-0.0272429013581871	-0.2232776400930879	0.9148308552274328	-0.3313551623697134	-0.5582797460704785	0.0342228709553615	-0.1208445812265612	-0.6978185164674267	-1.370668781175814	0.070420013927402	0.0404179869572195	-0.0738379514643528	0.3472368258678913	-0.491957364381944	0.3837029849389053	0.4708202479819264	-0.0622275857741547	-0.2220948539462474	-0.0513138145273484	-0.0928929306731277	-1.2670665484606567	-1.4583466568811894	-1.2236598835839552	0.4617964078629513	0.3893609201355879	0.3512414149634835	0.8239336200460221	-1.3589996221113645	-0.8525755150440057	0.187148092892041	0.0328355212485904	0.1458136555518006
33	-0.2467143738804895	-0.2991827725969318	0.2454116723355437	1.1062980582731063	0.5620023815025464	-0.4687754370303763	-0.0622880319701097	-0.0046860506968875	0.1512911367834852	1.2235258006216323	-0.4502748470494393	-0.6524932336127423	-0.2410160575874351	0.0982889525457995	0.3064330246289095	0.4268836857999066	0.1266447677318337	-0.4623742009450489	-0.0101689680917484	-0.4873298278023492	0.6600455629008315	0.4348161385269842	-1.1483124020886892	-0.4245522460513511	-1.509469739705195	-0.6958105163726578	0.3813068814339571	-0.4282116806156921	-0.262818644378496	0.0642377173424241	1.4325944198905751	-0.5144693986144355	-0.2471482839982433	0.0341798782956116	-0.065881585478162	-0.2417006715819099	-0.9341954768663644	0.143997153378251	0.5553319264292113	-0.1044708971070288	-0.0244968455779393	-0.1689782676383138	0.2099573853366396	0.2637143765541532	-0.1290198628965052	-0.069215145853036	-0.3200401038861974	0.0841574824059695	-0.1711263716327957	-0.903975916577147	-0.2947505781307558	0.1751303641067509	0.1264501014359209	0.2172744570423275	1.017740881818268	-1.2162717942945065	-0.4160289925126994	0.6043764610571002	-0.3356587060535955	0.1184050371616969
34	-0.5087835015639497	-0.2663597623245985	0.7069728300087961	0.8608150690796159	0.5508560707460198	-0.3612452931198515	0.0608845042320796	-0.0830812718698375	-0.0120632477752302	0.6601419089309363	-0.5718179184289729	-0.2881702083883997	-0.0954033361663555	0.2008681271330104	0.3526753343540041	0.0735864778642072	0.17457668106024	-0.2672573697907734	-0.0618005734834173	-0.808344791212452	0.6820990631969319	0.3068226727974983	-1.133562784292566	-0.0630809838927533	-1.937263188617476	-0.7423166409876272	0.7656649635229511	-0.4242462542119252	-0.1767846421855649	-0.1292516470133	0.942068821988652	-0.3490419910797929	0.2059841241119921	-0.1011544895741292	-0.15959023283533	0.0607971664817434	-1.3973825339646997	-0.4169426337361513	0.5031024004752453	-0.1358839132012697	0.0487956845035499	-0.127815656497884	0.3388532768109695	0.2649602803057624	-0.0266057484825434	-0.2236582233327738	-0.5659046615110701	0.3156048831801686	-0.5222694658113765	-0.9172791572506972	0.0651420401156963	0.2389187691883261	0.3876376149961735	0.2805772626356082	0.7354779300381898	-1.3325406082598326	-0.0314378312735317	0.3409997208319579	-0.4826109064846184	0.1939998537666953
35	-0.4983493776131644	-0.1069260203303443	0.1340956449264854	1.0475495985460648	0.7535267084667968	-0.7433041675106555	-0.0564391080958281	-0.2467515761809592	0.2830170676158928	1.0996338026954755	-0.3885682733983167	-0.994699857689624	-0.077234959920737	0.0696329572110576	0.0743303293164892	0.3832565418617213	0.4092930046143433	-0.9408222086196868	0.1037451025461563	-0.297735604417739	0.1744161971011757	0.1308666567357757	-1.3437095013860922	-0.9856207416440924	-2.251983992991983	-1.110149744541898	-0.276045039447488	0.0113600573288896	-0.0030235708934606	-0.0089954576446612	1.3310356463943498	-0.171645190743676	-0.5177847731451002	0.1749768692060095	-0.0407778813915284	-0.6247399181158393	-0.9514654984335044	-0.1995329214923888	0.3682054194421746	-0.0544092107298711	0.2595487579253984	-0.5553857554767079	0.392553916533463	0.5349460349139225	-0.0878970900795511	-0.2214403243759036	-0.1997588774105299	0.1487026220969273	-0.911198940064424	-1.267563837883796	-1.0016578540500654	0.6151395501012571	0.301021475229084	0.2413902645339991	0.8557695079004399	-1.2753607962014084	-0.8032065370156509	0.406584186296401	-0.1066388483475278	-0.0282476962453819
36	0.0723214824922284	-0.3188783063668763	-0.4743318603784513	1.4870548685958205	0.6882366878383442	-1.0133902459428883	0.2748764541980478	-0.1022295836486393	0.2517982560295961	1.4204284620226817	-0.7724836066361329	-1.5374840791510964	-0.3411321986107161	0.008281005887101	0.0653966102501528	0.7339724353858526	0.6131268480756191	-1.140981208084277	0.1393148731724275	-0.7184077322939846	-0.0427208805405316	0.6774366503349285	-1.7277592241542157	-1.635928936096418	-1.1354731976818089	-1.1801796568747935	-0.7543816191413968	-0.0686396206205806	0.0737156116537905	-0.1005777919646768	1.8407469246087067	-0.2766119949329128	-0.830150149255477	0.1342839832907761	-0.6663534683010786	-1.328230758006434	-0.3526940686448814	-0.0766770273486699	-0.0106951288429477	0.2528877939450075	0.4258429746972857	-0.5987157201998934	0.7253935715455502	0.4061181224081478	-0.3080256823721815	0.0231332673249422	-0.0904191553119345	-0.001382076799723	0.2386508420098927	-1.4360001609347015	-1.5613761695550594	0.5158525914598977	0.1723393871304099	0.0906522976430148	0.96075683535997	-1.8846801025273725	-1.4552285542267294	0.9082726853371696	0.0346593235263375	0.0229026805118307
37	-0.8111157115736025	-0.5601891674366308	-0.8739154524446469	0.3738398798372744	0.7076484609291005	-0.5348017998319352	-0.0729944679538817	-0.0145681525393021	-0.1001340662193169	0.6228829476302294	-0.6241376838701047	-1.3908084356402326	0.0698854621197343	0.5564213734417258	0.15471672773589	0.0352094277960262	0.3071643314839325	-0.9929791804862482	0.0214140726013079	-0.3539639204511304	0.0274063419744144	-0.2269608975231429	-1.6838368854692565	-1.740486721211497	-2.298207332904023	-1.4479320599051386	-1.2259706249122782	-0.1632412956635027	0.4426802072502602	-0.3593846978406982	0.6965454057391989	-0.3020431576444095	-0.7462745620573622	-0.155349523517798	-0.3641615503414328	-1.2766601706164833	-1.0564668804547002	-0.1354187117275646	-0.2536257117946258	-0.2491677231485075	0.2186226275212989	-0.7368333122725073	0.2202808377731462	0.6146154259610954	0.1723913599614792	-0.1268165752521425	-0.0330375381974592	-0.2425528453568413	-1.2026535525946422	-1.5908577336526224	-1.8113213299544169	0.6175047944138597	0.6124060431787557	0.4111332194772128	0.457361423004429	-1.6188993804729834	-1.3216380129953085	0.1305481935221673	-0.0069704386306784	0.1046707558639834
38	-0.7867564867124293	-0.6659131836910053	0.42668078037264	0.8885312288406895	0.5138828176529471	-0.7017266767143002	-0.1937330378760804	-0.0354340017977574	-0.0657398321026089	0.6667701706423896	0.0323136353415645	-0.5714235470479625	-0.0255548845051931	0.2925481364386837	0.3891775415770258	0.2405605477465908	0.2906799580400643	-0.6379021716428991	-0.0037381975123171	-0.5447816185081795	0.5883224482052867	-0.2031164563203308	-0.5298692706529331	-0.2972334127455593	-2.393284631641388	-0.9348303063781508	0.3505158648537441	-0.3122281270137166	-0.0799573842798178	-0.14810815072386	0.957317889661622	-0.0862107428855278	-0.1956932308573915	-0.046990602290563	0.048594041442463	-0.2352302563811599	-1.3906998596704905	-0.2954128119180742	0.0898783524308659	-0.1828486351012322	0.0675949542532293	-0.1370095165617662	0.1167398785026584	0.3649846203174552	0.0125675716777583	-0.3501441883317738	-0.4256250342140395	0.3712193265374892	-1.0942102249546242	-0.8273023890240316	-0.2959972533992738	0.2300474561113777	0.3915380901125258	0.3165334488941973	0.5693733909856316	-0.6030277576990728	-0.1923018998365331	0.3069285171342606	-0.239988171791937	0.184030792149388
39	-0.1361474974513983	-0.041540676368567	-0.181003743097774	1.1540588603969275	0.8929153306293927	-0.90300299889836	0.0770535914027212	-0.0254117193997107	0.0286966977918724	1.1960128062707147	-0.6756435662605409	-1.7283220807523434	-0.2316717250547934	0.289624656666835	0.2008640136897459	0.6088796084741954	0.3212053940860344	-1.351044237641993	0.3071835962891848	-0.4903602109660565	-0.1088201131015901	0.8391784840067902	-1.2767479318051893	-1.3454746187464353	-1.573524653587707	-0.8561875562220496	-0.505718666586682	-0.14910262449384	0.1603514392329066	-0.0476705272251312	1.305785963746506	-0.3947036136409511	-1.2564788004938872	0.495558526000253	-0.2280477195368322	-1.1089182342939226	-0.4135759236938843	-0.003579286388936	-0.1290138755716687	-0.1332615951448673	0.4774128029233072	-0.743090882805635	0.4542998809604364	0.7955752553312665	0.0113460460301224	-0.0399670341254106	0.0964055551874989	0.0039192400184682	-0.1609041425225483	-1.1191463694792327	-1.2988186424294383	0.5523395132811684	0.5504750332126789	0.2889355665280235	1.3326274743047326	-1.4745277121773062	-1.3101615198605816	0.3934125602111133	0.013639404119593	-0.349434863341858
40	-0.9652880940955691	-0.4052103328971419	0.5928860143487671	0.7550834613739095	0.2581934953380074	-0.1697612781507211	-0.1156158772287399	-0.266145488455192	-0.0186942386027143	0.7083307677002535	-0.4369519516443294	0.0654820737813643	-0.3396781628662011	0.1283880439376301	0.5928569027721211	0.1969930321589086	0.0782591247164648	-0.1042970080831562	0.2278508742254234	-0.9160412313712832	0.7058977611701989	0.0739893147106398	-0.7820345710719319	0.3419383161241192	-1.7769037283644145	-0.0207103005472566	1.226767039190493	-0.6536567601007022	-0.2940638782406292	-0.1182520527777265	1.080840377535037	-0.4587212234305549	0.4753816608736501	-0.0164406874217926	-0.1123138064159285	0.2192599624287443	-1.5669800905622693	-0.5435553557483145	0.3214258721163721	-0.2479009471192594	0.0871611706219853	0.1541268173368393	0.1261624324176341	0.0924798532955013	-0.0309915804772176	-0.259251241527511	-0.4725520213709269	0.3255524991363689	-0.3979305933004224	-0.3285064442774215	0.4682669845346239	-0.0098813359580192	-0.078436261693455	0.2984809856810035	0.7366069901231425	-0.9973875650806828	0.373676116021941	0.4051463581240171	-0.7060077230715144	0.2163837407598747
41	-0.105286216290237	-0.3792743103737697	0.2408887589623514	1.3720342179567084	0.9038050918712096	-0.60647551628049	-0.0204668469537583	0.0282947214340634	-0.0412861959292334	1.0857594785279732	-0.3661032948269855	-0.926244039716837	-0.1832909798713199	0.7968686948463196	0.4167246499656596	0.4790143884379968	0.564220234112731	-0.7529911520235743	-0.0362183782846412	-0.3729016157339173	0.5719701493495162	-0.0722188201936027	-1.309639451522233	-0.799299099426177	-1.6207121486094027	-1.2986530156717129	-0.1619010390069741	-0.170241176675058	0.2792798580025691	0.114776201408585	1.4204927339378774	-0.2092058336861811	-0.456490322352571	0.1747042957460821	0.0017250927885879	-0.3804064290062012	-0.8268422787290601	-0.356583889818047	0.1498944964313185	0.0529263137706174	0.2836479152493738	-0.2694415331205582	0.5834309589384894	0.504293563697588	-0.2671484489777604	0.0475288797238588	-0.3168560962177641	0.3063361095522222	-0.4441136142941884	-1.3855818400504645	-0.903287995995436	0.1521959124003773	0.6271041525111133	0.2192736385843825	0.9489895527403664	-1.119582651105064	-0.5768703653061731	0.6501658149455637	-0.0378807183179559	0.1565595955448596
42	-0.3461453416946594	0.1439472597270226	-0.5556471547294856	0.8218506629069788	0.91235149143579	-0.8883917822251612	-0.0672517368410646	-0.0550349354824523	0.0780977802218337	0.6760797312740039	-0.0876317680669649	-1.4867754430074993	0.1042611586805076	0.3323384653241912	0.2342329974795249	0.2506434734334078	0.6167232893910998	-1.3378623532390104	0.0509570384263507	-0.0637336636598482	-0.1116158636349594	0.0645340022911057	-0.9809633037947348	-1.5977947016320415	-1.4013191542387775	-0.5996851190187984	-0.8899719004028284	-0.3098781097272096	0.2724644434294223	0.0575032754163616	0.8085819549363853	0.0582783939979993	-0.9213507685152148	-0.0007746847142541	0.1092200613146654	-1.2694930965617608	-0.9661718520338848	-0.2078322648436905	0.0389373359978564	0.1091594583039123	0.2192409722609518	-0.7293917068913713	0.2166352346004709	0.4908869239343554	-0.2969298515316788	-0.0613712004877424	-0.0441123389428323	-0.2007469370314948	-0.592835513263201	-0.8341064214962253	-1.6677424471211355	0.1311076074827719	0.4433975632530188	0.2335812008886255	0.7039488687176223	-0.9727247091392416	-1.3365026354803922	0.1724644357963118	0.0814774115719484	-0.1125086530899929
43	-0.4238576731569332	-0.1217846765325334	0.5832936766212942	1.4361390524281443	0.6273602856692851	-0.4918092143044126	0.0491942594042547	0.0974554233703282	-0.058760754926439	1.4643506640711452	-0.5579310129631567	-0.6198198515471947	-0.2252322726758366	0.5822190713827279	0.4190353324242351	0.69397620353206	0.3017888192738933	-0.5583456015155859	0.2690990214432881	-0.7188075883303411	0.4290739841935946	0.2962678957072691	-1.2406711819437275	-0.3861650694018292	-1.9129031848388605	-0.8280501861454721	0.4264350492964659	-0.2413608295291553	0.2108142244584838	0.1393506677420402	1.7638201590619262	-0.4039221881753729	-0.2361910454393043	0.1918772095960575	-0.1283839969448224	-0.1407371238098165	-0.9619570023812692	-0.8761635095255538	-0.1396453232641294	-0.0538808571680386	0.253308607219431	-0.1360113622661584	0.5237423806586172	0.4718452891324852	-0.2485835606850348	-0.4335709203132603	-0.1967169004872501	0.4832310924735374	-0.4599993889985347	-1.0975355473428898	-0.364551344564187	0.1632464211316525	0.5360921894075208	0.3382365626155152	1.2492106003831396	-1.3056043009605418	-0.2993347406626705	0.8084601469153876	-0.3320005106353422	-0.0903351357780095
44	-0.1010243205378818	-0.0705070537149112	0.1325961995265692	1.1933021519952025	0.8116524571335676	-0.4583920162365091	0.0452053719490677	0.0006824905960055	0.0319552924153662	1.1583310111034146	-0.8536082673964588	-1.0300438594196766	-0.2252386076321231	0.8282109308272652	0.3683948826758079	0.4283859052033034	0.3369066407257748	-0.7522615821115272	0.2794406007874371	-0.5919413418720436	0.3909016922253534	0.476309353544357	-1.3415951283939955	-0.8568199384761837	-1.5828931870958458	-0.8985328057132422	-0.1685305519390727	-0.0096270167747054	0.3683465275763061	-0.0649008944895058	1.4245857647537052	-0.5941180858559958	-0.5370389668371882	0.2201623597480314	-0.3363387767405381	-0.5617075419315087	-0.7771602650025526	-0.0963253291622907	0.1004861309479277	-0.1267304345628186	0.2827117490443218	-0.3359959761499792	0.5103066599510179	0.7285564038556956	-0.086987015379519	0.0215058277649606	-0.2301737904029914	0.0183843896155321	-0.24405014142109	-1.1490241911716934	-0.8934333100268774	0.2928208473887078	0.8402539589787508	0.2838144483113864	1.2681993066169648	-1.507453067128047	-0.7131017651065126	0.5082080785813812	-0.2769194584363306	0.1976053133566636
45	-0.9793900699587113	-0.2139007878466157	0.8755550318188805	0.7180447487646409	0.5074409721479143	-0.0338423440920783	0.2374661817706175	-0.36546185653554	0.0926005939818088	0.3344890853088573	-0.2404855242487324	-0.1916748026751511	-0.4365946254757881	0.6092443433073966	0.5253587609978931	0.1078538662597634	0.2165043100234729	-0.227119199148067	0.0245561900915486	-0.681319860739426	0.8249952508289642	0.0113823832088436	-0.6862250746878673	0.1648678556497489	-2.6963563459918287	-0.6903871013447995	0.7969917707767358	-0.3730481049820859	0.4498140114807201	-0.1563639993376265	0.6568637562441053	-0.1970336379000187	0.2585189859098609	-0.0597949763692589	-0.2259140161613329	0.0582327667536874	-1.2152222553800691	-0.8566128971747808	-0.6452183386259649	-0.242659686081599	0.1298325502639735	-0.1343294175564627	0.2591657715532199	0.0826124341058234	-0.0823780714867407	-0.5241296605759618	-0.5345839008277953	0.4622237269113212	-1.2846492390446562	-0.780203352564488	0.0862351376056849	0.2407952207601053	0.3042023901910877	0.2582518701582532	0.4063168099049428	-0.754492042955075	0.1640497238841263	0.2445917553304015	-0.4595853642173569	0.6252439736190883
46	-0.5703030747227287	-0.448148997204548	-0.2375195572507735	1.2963744094939718	0.610224047007273	-0.9220792901096158	0.0526329755162459	0.0304313128813983	0.011731448804946	1.2288248216220845	-0.5346292014980067	-1.4258542468338822	-0.2134026289734251	0.9940001449952628	0.521031682298106	0.6320021696310739	0.4557275951523974	-1.048781323567221	0.0558543950633706	-0.3523346284052262	0.1428696626592084	0.0401422806662791	-1.5427961609920486	-1.3113878078802397	-1.81019704369386	-1.6623472235721226	-1.0121677953089283	-0.1860995569140409	0.4659451740834439	-0.0697380732543285	1.6480531598162425	-0.0951405130309763	-0.7674002032605559	0.3399500568593113	-0.1085743427501126	-0.8953328435793659	-0.0291377982647333	-0.0744712812968835	-0.1237194065922653	0.0393483116658811	0.3384730670137231	-0.3887783545842749	0.3507850092847797	0.7331799226875483	-0.0055233594801793	0.0460349754176871	-0.0923281409268194	0.0287427903527501	-1.1764392959355054	-1.5278413165241047	-1.3560160678979585	0.1936396913026566	0.894185586357859	0.4049754672916044	1.097894918941113	-1.3063271125561429	-1.1265751736412355	0.6428183321436849	0.0217722842507001	-0.0964726060211963
47	-0.2986710849362957	-0.3141890892192165	-0.6100115563578077	1.3823335073524914	1.1840420367923217	-1.1115121069803735	0.0085461876666136	0.0075202557111763	0.1106254189198897	1.4784002479050082	-0.4144956718345085	-1.7428565222382262	-0.7062825019893698	0.483155414730766	0.3909435556115352	0.6931639994834365	0.6508506172491605	-1.5191231234934883	0.2618821478761005	-0.2711793962424733	-0.1967125090000031	0.2517370359536475	-1.4916546370930073	-1.7842488011573423	-1.4860943809796852	-1.5362667763499671	-1.1476311325965207	-0.1543398641462838	0.7202350680136085	0.1744876532880438	1.646613809795778	-0.1740700729082044	-1.2848992738359328	0.3030454086099002	-0.1695900337641536	-1.3751567222058885	0.012868962838374	-0.0761422120375655	0.014706382294454	0.0559837921129917	0.5165477489408274	-0.9409218116845196	0.6102033564238666	0.8447511948777822	-0.5058457534152236	-0.1168320699134433	0.0043851585337508	-0.2124096436372151	-0.5892678052234781	-1.51911910835622	-1.7987543325084938	0.312685098479826	0.7113666095120874	0.0163903568301631	1.264061263134034	-1.32612086428752	-1.5417381735830895	0.7465344051834035	0.0659197513419044	-0.463825406793354
