label_id	feature 1	feature 2	feature 3	feature 4	feature 5	feature 6	feature 7	feature 8	feature 9	feature 10	feature 11	feature 12	feature 13	feature 14	feature 15	feature 16	feature 17	feature 18	feature 19	feature 20
1	-6.485328970073247	3.661939999121969	-1.319606406466332	1.7640922576990072	-2.483191959649358	1.4207770813749658	-0.7834747004214287	-0.8296970225448029	-0.0639404666762536	-0.1292400835841303	1.2065317679066403	0.5280417754371074	-0.5143364787261491	-0.3214117444562686	0.1770507120320111	0.3386762098053433	0.7681118711356746	-0.0825996206906308	-0.5250815449046867	-0.1868508996708316
2	4.834997965139572	0.3160789258301864	-1.457171543613881	-1.1470127312454437	3.0144257184760948	-1.554768412252294	-0.9102587688720358	-2.154166741867457	-0.2300838509127267	-0.8425573806536336	-0.411366771453626	-0.6406959040428638	0.3064628935907022	-1.3743809678692605	1.0710950226185805	-0.4527002761838954	1.6217480683661734	1.1250401649623047	1.00172586849639	0.1582340564901436
3	-4.403637417517658	-2.420123432886986	2.8191270022947696	-0.748176180547105	0.0400237304074565	2.4597970458443856	-0.4696188811224248	0.7216956621349933	0.7314912711292487	-2.6129141947522823	-0.2140661778120672	-0.4231495642373343	-0.437712488545456	-0.1401000794993993	-0.4888798491293098	0.3333948197892085	-0.555227496131841	-0.1467956304501058	0.57309478008882	0.0030577174235986
4	7.345712423722169	-1.8002758405330754	7.207665589136836	-0.1649769124308459	0.7447063565318662	2.9728837559876844	-1.0713831623808785	-1.9177318764166689	-1.2724860809396512	-0.0355019736858399	-2.527176498198659	-1.2479114012806292	1.614704018519456	-2.8814733945699804	0.0117761466254698	1.4362479388649692	0.4578189409676588	1.70365156372125	0.7128935826632725	-0.0115913069849204
5	-3.789861949075293	6.564432219636737	-2.852177715927519	1.53902542780509	-2.5667639447192863	0.203448494377628	-1.9795047048008048	-2.488403580917784	-1.1901429099008012	0.0786733421275613	0.9205333340487823	0.1389353383399567	0.1760269128140599	-1.412566709877043	-0.4096812402051283	-0.756239039746	0.7508216179722907	0.8230352866673216	0.6961256742357274	-0.6461856322304165
6	3.8822297240575927	7.677774799009857	3.9534707564505744	-1.428046777384286	1.6188730275923675	-1.3662822837687716	0.8938010661877944	2.289955478347374	-2.042601231328704	1.676916848275298	-0.3666771262505764	1.7746720384367352	-0.3804848625379501	-1.9979157234663456	-1.69698429909648	-0.9760582134558736	-0.0020295494919518	-2.042909585869562	0.0362661865971102	2.3420884090787752
7	4.267187998597758	-1.2307447792064845	5.526331690978764	-1.5749081661962094	1.9703626559504943	1.3687937110284416	-1.746476435167261	-1.0917209443888014	-0.3795862247108985	0.1733952296627708	-0.3269595000843516	-2.313633162355217	1.8618547666541896	-0.2486473257339952	0.7959508118319312	1.8884137592262928	-0.1495753730625744	1.0470162879578024	-0.9324725220980352	0.8395897083799937
8	0.2245114557169644	9.89730115948504	1.989250017548884	-0.2125630894753443	0.2280719574934371	-1.675168777935505	1.658402738469709	2.555761987395252	2.1846956745788524	0.1920383180766051	-0.0736758133353908	3.629219116299246	0.6274223909929997	-1.5161421549853376	-0.1889246456354398	-1.1102888539895277	0.9328646241015176	0.7511944093824591	-0.1595232610315618	1.0568293287058006
9	1.3666985727350214	-1.6056764408003024	-4.658098439602081	-2.609889874181301	0.2998188059902286	-0.891114608568669	-0.149808063264424	1.5996173449245823	0.3881323607441522	0.1186797244562678	-0.1742674849594945	0.1442707090097092	0.5430709857346968	-0.1232647448632807	0.9382861650856557	-0.6852869040654704	0.222030941629488	0.6283983250040203	0.8244893070584317	0.1319325104784163
10	-6.767542862265191	3.592997533984157	-2.9216984117657554	0.3417113081999888	-1.9799023882020423	2.0954252641392648	0.3865456531801395	-0.561085383283432	-0.6770855404309458	-0.3001639203686915	0.7370176008987065	-0.0239033281347891	-2.247913018228008	-0.7540078182211751	0.0899888515547089	0.0078725070475138	-0.4525004448688335	-1.043668835635996	0.8678470466799232	-0.2087591846940488
11	1.5551588697093597	7.362961909198261	1.5921649142015533	-2.851288809444049	4.483858352551531	-0.1959678008451207	3.1169968364107103	1.6918083516164428	0.3178683344023282	-0.4470110043481424	0.5368483465377927	4.04637219407994	0.232089117693417	0.8211048406809405	-1.7093917162506065	2.1387503670019306	-0.9007655426537609	2.9888344893169485	-0.2341794137376816	-1.4275002532181025
12	-4.598512471491601	1.7951560319688111	5.609315500445109	-1.2194534608743142	-0.7496829578736928	0.9490006804002749	0.5621815291975826	0.5274268620365659	-0.3024311488008165	0.2933469968416268	-2.069302325083603	-0.4441732834780705	-0.041035352302446	-0.9267391530795648	0.806509993395487	-0.1274601400477058	1.2260048656022269	-0.0323824089339378	-0.0021169018383818	-0.0700782803259692
13	-0.5681724651206082	0.2697069896300476	-2.7038102013652594	0.6132665886942797	1.5914175858652346	-2.244260374003705	-1.5066326279908762	-0.9927707052897607	-0.9588412034035064	-0.1622264480513372	0.4105536912155684	-0.2829068121447101	-0.1384809164812472	0.2661339251971941	-0.2749480063314701	-0.314416271079504	0.9940993309515888	1.002627966158799	-0.2718485118915769	0.784034014765017
14	-4.405423317371068	-3.219082590588081	1.5864945536212869	4.595118252186233	0.4347705704505454	0.0660259891925337	0.552484232830868	-1.5416260486977986	-0.6431878508678499	0.5305068614308441	1.4106155174178592	1.156428760741634	-1.4235784890603107	1.1199936689936705	0.82539626268902	1.9943173700408048	1.2851862680899389	-1.298429637633945	-0.0353940013881637	0.2246531986897758
15	-5.141982696117023	1.761637790202744	-1.6298967459708558	0.9595510375608995	-0.797549392628981	0.6291341914638462	-0.1946644949247814	0.2539389355941908	-0.3281487413522084	0.9616768709958092	0.355746144043182	-0.0638386552025786	0.557566379376692	-0.3657169880248576	-0.5803503608974865	-0.9351790878763384	0.403434758148266	0.0621991373840693	-0.5431396832568188	0.6013719827382661
16	-2.879595888245233	7.033616554681072	-0.9289038275831778	0.6823608698455347	-3.4709008569870594	-0.7108962168914621	-2.550938418186108	-0.1710651025773882	0.0742844308760223	-0.6681816164256009	-0.6319416907551086	0.9452307955634718	0.413712379571855	-0.1859573139736021	-0.5745612728541453	-0.4069388923731867	-0.3636490877714348	0.0734579831639597	0.7843217346705149	-0.676169019350161
17	-6.03219110569853	2.234400390135713	-0.2911622591355693	-1.2754956868133136	-0.8262167432925767	0.2751992071774746	-1.227293035916954	-1.1554066588507292	0.5962496428012275	-0.7163591733967297	0.9232322678286364	1.3369815470685134	0.5441931027625294	0.578645965088359	-0.3098394802685061	0.3878443401460565	0.8924516891173074	-0.0214921944007319	0.1254305174400412	0.6241479837773245
18	6.101345088341794	-3.720268272562041	-1.1483512444636206	1.3333602557895508	-1.5268875746327126	0.8051579767697641	1.3418790655894148	-1.3770414695948603	-0.7159040499406994	0.7684346180154242	0.6599404127966253	1.076396826877537	0.9105707757870152	-0.4823062791853488	0.0479237780927723	1.010641954772461	-0.4587500468186994	-0.4892022576080568	-0.0063538976996798	0.4374466738969741
19	-5.843126977636635	5.937196734551906	-1.5746867028095948	0.9347629832887836	-3.7505306764451607	-0.0635954373909179	-1.2314824151870587	-1.5051337678150645	-0.1139471787055549	0.1237547805193341	-0.65047808254117	-0.4296846320986566	-0.5362965019311279	-1.5302220710264964	0.2932946027060766	-0.9710573269615084	0.2366794993040254	0.6468581409524704	-0.5089118085579345	0.0398423402891542
20	4.331581935309969	0.858286885231772	-2.213679420530705	-0.0524825518996672	-0.0126203566266046	-0.4333968311768645	-0.5483110868500034	-0.8611635703687107	2.277397514540395	-0.8400379241694779	0.0942487619188287	-0.5125316848639766	-0.6308565726780739	-0.1236479927682986	-0.3185147464074911	-0.4074610153065661	-0.5700032156760342	-0.3232420822009528	0.1391156919642761	0.0795903048699294
21	-1.6142866490287917	-5.670459625330453	4.763415608456155	-0.2059216007072813	-4.970720698914892	-1.5014120496253116	2.466128234184189	-0.1623471085651275	-0.2629595612331862	0.415695822612519	1.3589320566891396	0.9090828300791572	0.254820511378827	0.811643804720151	0.4207740145978962	1.1144942181274655	0.7171704614162496	-0.1744968623624204	0.6953805425372421	-0.0864346447725468
22	-1.7649655009191496	2.7760318095728413	1.466139820515301	-0.0741570269319781	3.4948871278422406	-2.5329675938894645	0.7624879212288121	-1.3251495512552227	1.0698764920094042	1.1789088471462774	-0.5394553476989065	1.8919333991895924	-0.9351132929766552	-0.4204626104230878	-0.1343963038219434	1.4894222488455862	0.0547744374202979	1.662334947275341	0.6662109837506645	0.5635453720119107
23	-8.953743668188103	4.993908098981234	-1.1764965799011804	5.118061673149183	0.493679875959475	1.50158001997736	2.8069273212627115	-3.168345665298597	2.8423823855207275	2.0646158798264413	-0.6901354104045495	-1.4536406522719962	0.8850043805682909	0.8869931827004575	-1.5036301965133518	0.3137593376547837	-1.0767937527648708	-2.376908661505956	0.0678927432196691	1.5025448183250192
24	3.0485915125898555	-1.593772264097583	2.6563684287832845	0.1351041121971888	-0.1174301952649458	0.8006899574441335	-1.683996275446055	0.2041835579984758	1.0382789348107322	-0.3553273728276588	2.206943741400724	1.0777736844788164	-0.8489308693344548	-0.946337495376078	0.4153189639916617	-0.5795784952822762	-0.9074977244410034	-0.6207909999205172	0.4617242595574326	-0.1870501083729747
25	5.761710917745432	-1.141103910022733	1.1523572341110917	1.6253459496337246	-1.1091858048007175	-0.1751941839421723	-0.470851993139767	-0.3504935097336498	1.1603596359995958	1.1288204372705282	0.9597129289243888	-1.0601023522489017	0.776398216315936	-0.9648953464820472	-1.6869813181101998	2.389184831632582	0.3939845350652935	-0.0663765625556772	0.3428660914380688	-0.8151238892729059
26	-4.479900041294709	-0.3962676031574418	1.9819339847956696	-0.3250890035492577	0.4911752421551843	1.5309651092363974	-2.0925151662747243	-0.3055480373678219	-1.7579719458191572	0.1344563201588572	-0.4452720189616709	0.2166112020236723	-0.1803244840805781	-1.24830366390003	0.1531361758058133	-0.2656843595404867	-1.1431129615373363	-0.1870001907838944	0.6229157688115899	-0.0984058325853142
27	-1.21637221925558	0.485761471823981	-1.2806885257170642	-1.9412587882389825	-3.176255558009521	-2.441130041957279	1.6515732616810836	-0.6366422482276739	-1.591711470492608	0.5242327317908916	1.6664023005471058	-1.1163777876065342	-0.535451985532192	0.317240499268866	0.6749651672038627	1.1091894022809394	0.943157639556632	-0.0751261469770419	-0.3095976825318738	0.2031508228872075
28	3.655965509383369	10.331124923057512	-1.6230916203832844	-0.3544590978960129	-1.7839329031624798	-1.128828948859725	1.5817001915589408	1.1277394157174996	0.5634318665648506	-1.6208843223028833	-1.462583311733185	0.8880350150282317	-0.1846717251704226	-0.1385788590314963	0.1324494471602949	-0.4369794069367436	-0.1689666307862693	0.0763172892398773	0.2401116546029368	1.7224932052590909
29	0.5669775186866888	6.489747402352799	-2.466151349975388	-0.0332203691716428	-0.2222117810788249	-1.4992239523253912	0.5209139875729415	1.1029266595637062	0.7059727213813007	-2.5600432244432474	1.4668725283780983	-1.1298400579786636	1.101547587169012	0.3581531846472298	-0.4563357940505348	-0.8236145044618108	0.5171508963001361	1.5122865793465812	-0.6873554603023895	0.9090732370722286
30	1.7676604436276095	0.6792706006068217	4.230157800448687	-1.1832028755966062	-2.85893146452938	0.0023135906933995	1.2359184423164966	0.0442405717281294	0.5487322703620634	1.6661794105116554	0.9980840500353954	0.0463969858630062	-1.331352268134019	0.6052371276754231	0.0686678456524111	0.1673404374228138	0.0112865886279086	0.2068807329793999	0.8266870476459043	-0.6726094865286493
31	3.2668048425045955	-5.483474927076894	1.8693427735883812	2.052048197794829	-0.5414061424519981	-0.0990216754827435	0.0232053033972232	-1.0425190212530366	-0.5967520725068877	-1.8346220864031948	-0.8847763880711166	0.6490413566222005	1.4398339673692666	-1.0442978345505909	-1.911539236339393	-0.0880228897947124	0.5802272026474076	-0.2712427646666755	0.6256340784214101	-0.6151264709552172
32	2.5822020457216244	-5.809334313958469	-2.789249049612396	3.349166158018343	-1.9205444575868096	-3.319691072750404	-0.889368405971417	2.414868977303476	0.255611564719719	-1.2044999979212427	-0.4838748958304416	-0.3431061894996191	1.943548169623872	0.4295781377998484	0.3536493583679987	1.3358733393453504	-0.9169205845736272	-0.4649134551134877	0.1935026112340625	0.6135123134148741
33	3.8581264864917904	-2.761959370905857	4.142165495141468	0.3274755073724386	0.4856894480114627	0.7979284861202489	0.2151668343218787	-1.4811288900083963	1.2916474972712984	-0.8794440820844452	0.2440259480352226	0.7522538693576952	-0.6568397859161041	0.1903160931226837	-0.9287008033948888	-0.4957471366645749	-0.2458707777946905	-0.9365568448761384	0.1345755042566513	-0.4929105773623344
34	-2.9009663111631823	-3.757143027476213	3.732761039234648	0.0609155802903761	-1.7969128229743352	2.0292189765913764	0.1050675859940122	0.7556647996660123	0.3682806689832649	-1.363171329540262	0.9389648747991308	-0.1966072825482758	-0.8514612006978556	0.1195555043942138	-0.5240494067171126	0.971426184538882	-0.0271269256276471	-0.4718848215979261	-0.3341893718577766	1.0087560837422211
35	-6.048113260361064	1.1398042550594198	0.7435329072182714	2.2892337159306027	1.2123910368977997	-1.1636731360767074	0.8675626349103353	-1.858514273697331	0.1840786909002189	1.0922700159019805	-1.097945247752996	-0.3387979997336631	-0.2296461625235097	-0.3651532930590762	0.3639545949219977	1.019511446908944	0.0767936302459481	0.2948815313424656	0.2437835508405593	-0.1301974475953916
36	-3.03873630924622	-2.0253857548978	-3.2921766689258924	-2.8661556915848947	1.1601347578841616	2.2801592161667963	-0.6667029290316729	1.256515955206421	0.9540159669874378	1.290978504301667	-0.0430461692654848	0.0117348073030845	1.3746825236954678	0.5549732555585178	-0.2852944750848883	0.4658904843415859	0.223757913182815	0.6642999066681571	-0.7670381706784302	-0.2257229718127475
37	-1.388246297692212	2.283321073101954	7.181605494429693	-2.08234241078863	-0.2191655560578199	1.247247732968109	0.2354355092833241	0.5978533368072076	1.1167340791206044	1.6350079493856438	-1.1875620390150163	-2.2797104854734656	0.3428814922532321	-0.336870156682222	1.7735126959804728	1.4382185797081648	-0.639493485801163	0.3626220610369001	-0.5233249568822139	0.4555981214586153
38	9.27716304454277	0.5848497547465338	-0.0895486633190196	1.210910938049789	-2.870275185341053	2.9324520519629576	1.2491306209557973	-1.7601091439386167	-0.0753353514560795	0.1274507793247887	0.2993803747030494	1.3168389050367215	0.627637998865693	0.9128631930793214	-0.0786423845866225	0.2744880698808493	-0.9884364045032592	0.7175677098044188	-0.2780767334886402	0.4223689749807761
39	-3.458590182374826	6.702487936774446	-1.511049728177024	2.1668828214203506	-3.333697987320704	0.5353213447692442	-1.0651810034442315	-0.0687586471755347	1.2240319645854802	-0.0479760553484251	-1.340178616373587	-0.2695273468118722	-0.3752068947333001	0.1278245722118728	0.535998105176569	-1.2758197035773695	-0.7396972113941305	-0.4419798023623684	-0.2869790679787821	-0.0557772359571191
40	0.6922728762635395	1.15225830854835	4.601238255052538	-1.4070209046022817	-3.0087135894432846	-0.0908009449207818	0.236543576596402	0.105705071021285	0.2490545671218716	0.4651922671312637	1.7700707717410191	-0.1362027711924371	-0.5865059954181228	0.3135856888928653	0.1021739137094461	-0.3897520146655784	-0.446121264855443	0.7261453943030194	1.9686026272458892	0.0868582026072022
41	-4.587446149531092	-0.0587621047252812	-0.0351113659506894	-0.5688961011671275	-1.7464576456827208	0.1912773181559252	-0.4080124493500009	-0.5592570279519173	-0.36725439192686	1.2319342463359413	1.0815306009169448	0.1333101601699403	-0.2393183759278859	0.201884340448947	-0.7045026538790587	-0.0075040197564552	0.906065047345598	0.474903559600848	-0.7910150019922478	0.2566864869633645
42	-1.355459881622553	0.166730865763622	-1.8425070951703155	-3.101289139433566	-0.4737886381304357	-0.6530151141206426	-0.5481678891433327	-0.0629768523204173	-0.3837688347924741	0.3361794933583997	1.4885258904924386	-0.9933958166028328	-1.5416234065482155	-0.9652729508458768	0.6033480553563848	0.5214163485516641	0.131867382812163	0.2158458789243988	1.3861638464490174	-0.305157518678645
43	7.967736816123221	7.635398264344463	0.9693217751660032	-1.0581195112359456	-0.6588325957017598	1.2186354682256413	-0.6677795118924531	-0.8330406393121317	-3.9769890183579024	0.5023777027554049	-0.1449212389195366	-0.3412455320673107	0.4447767579736716	-2.535513733987903	0.7997666316690731	-0.1117231675766304	1.7554547998271204	-1.5111410640351828	0.7185984124151741	-0.0894009984925339
44	3.485699841247106	-2.328890070103854	-2.1407245786456044	2.9379709952791986	-0.8306253003015733	-0.0227433136317429	-0.4434897190714812	0.3864019301492942	1.2564819202722597	1.876151885146205	-0.0480775567443056	0.677214419388667	0.5086491445290902	-0.3971728670979596	-0.4490795976759536	0.4125639680369981	-0.3379654141840351	-0.5021732639510718	0.316428351450313	-0.2762046211774167
45	2.227268969805422	-4.764175016012446	-2.230655402880636	0.7121067189894439	0.3321569406930389	-1.2165731074282733	1.3914739008502686	-1.754931296936925	0.1624220635805321	0.3850073863436335	-0.6733963248600998	0.3156344556690422	-0.752702290590119	0.1478645285912631	0.6374188320032336	-0.1289527758488944	0.8111600829800318	-0.4145820067948336	-0.5638079190182844	-0.1629420093260429
46	-1.8425075105205668	0.4923498783423334	-2.416244590688718	-4.030606028042552	-0.1868637776268931	0.7294534050360169	-0.1622387191127919	0.9738055314042235	0.85922608453615	0.5443322350182955	0.2052208731138513	-1.3024371948126148	0.003637421559286	-0.9659928897486452	-0.0315469181544837	0.580273127553412	-0.4679489729321277	-0.3805752554536328	0.2020838845742705	-0.474790264993096
47	4.172719589915584	4.354861630882986	2.02069551059003	-0.3379520396753979	-0.9312585496927944	-0.4938704070238628	-0.586887399444553	-0.1756084151740231	2.2512708081769666	0.0735299483347147	-1.120013629386861	0.0534142241600439	-0.5012677449840327	0.0853655305219209	3.2280942277821105	0.2873300239122783	-1.1020344848116888	-1.5045290044312345	-0.6379109366540279	-0.080677453279587
48	-4.217161996195853	-0.2613814826779727	-3.9913925357688727	-1.419841503335898	1.6140472424540795	3.452059494544422	-1.0737673343105218	1.192681181703816	0.8505366567014091	1.7716520575572816	0.257962844175444	-0.0587450276306493	0.4146155575306273	-0.4393156606264128	0.1180223965856111	0.141443589544664	-0.0975940703066816	-0.0252653616105184	2.0166840681243934	-0.8505461002139888
49	-0.5451113677967715	0.4818748324981017	7.993661121914026	-1.0819827993084197	-1.616805365558283	-0.1928756322965929	1.5629663307863093	-0.6575435032834538	-0.3876901148568638	3.508276620123328	0.4911836002032111	1.638049981186494	1.2001875023727182	-1.72816503326078	1.1273973816556018	0.3953176590294364	-0.4053887608483293	1.0568536481502833	1.1314089628493724	0.2216700277229345
50	4.54683399224609	-0.3100302851432664	-1.455962663757352	-0.5630529612523077	0.4500465742549995	-0.3695962475768592	0.0726694671561235	-1.7259007783888465	1.365151602610175	-0.9046226764929788	-0.9158260681515162	-0.0674913027899981	-0.5236515367224011	0.4176242482259028	-0.9584675771643388	-0.8007809830409456	1.3240041330929715	-0.5646659657510672	-0.5821035007561848	-0.1302960329712032
51	-1.9461939047104624	2.3909847862701614	1.8823361341718183	-2.1658666533832927	-3.433213194667955	-2.0117241797005905	1.6167064770344757	-1.475042447464624	-0.1896760935710578	-0.4706332654414689	2.6176567612917307	-1.0988463571199605	-0.728675416448999	0.1471836630103682	-0.3646597775083803	-0.7422345802463427	0.8396966348435295	0.7058391434245631	0.1747174642581046	-0.3389179828693086
52	-0.841607412935935	1.5838212749407754	0.6428897324584938	-1.88979198552682	-0.5866391718842338	-1.173131468104579	-0.8172369489231041	-1.034252400046936	1.5343226703737305	0.5856409376991031	-0.0321857659736116	-0.8927151205542618	-0.0141801588275073	1.422871366657356	-0.1545582629794031	0.1936239996485827	0.5725012194222264	-0.8551350420009818	-0.224145921854807	0.7469871752507298
53	1.9675195059836927	6.06836164937053	-0.7720675998284655	-0.9862339698697078	-1.6612296140285658	-0.2300569059791592	0.1167195894464703	0.8707038201226547	1.9201235769278484	-1.0768068487269358	-0.2147813332363742	-1.6641102815390132	-0.3875316979367155	0.4975435612441644	0.1685924626248816	0.1349541807435466	0.5347441762248589	-0.2708542241147331	0.26442308660632	-0.112918751051701
54	8.282347590074751	3.9874686413560982	6.02984421252123	-2.719550742959884	3.600133916247455	0.3220489134450148	-1.0246063321681227	0.6834315219950339	-4.244682252538882	1.3218855679621746	0.363476259387831	2.0197047072555794	-0.1379293523752701	-2.024376089407275	0.5958489451100668	-1.0858156863789397	1.1039030652941286	-1.1831394612537884	0.3826803648981596	1.086407821000045
55	2.558252260158504	1.0048496017336712	-4.477436578468217	-0.6605714946715875	-0.1288100703495487	-1.361827829770898	-0.7556019440887622	-0.4373655578715976	0.5058536646142517	0.5557008676174363	-0.999037073789126	-0.3584503933285201	-0.1272119969850836	-0.7124069478678741	0.8708517885181923	0.4748924814631486	-0.5241627349230955	-0.248005421363471	1.916758364752366	-0.1021413736356243
56	-6.2509431737497	-1.9008658047876097	-1.1645673044695457	1.3826008733268056	0.4576417184324528	2.476444713574544	-1.2390888905224946	0.4681738642676024	-0.2467866711502413	-1.2052295620802105	0.982591324214242	0.8078751871547086	0.5553969651466881	-0.6765025410025423	0.3108847342528293	1.190436710307686	0.6177399417604538	0.5140123632916439	-0.8972207308780343	0.4446093433320261
57	1.7854896663743356	-4.064378545945189	4.248036524286963	1.1065193833108509	-0.4404937724439229	1.537669075369812	-0.3975416914606611	-0.2367129363655968	1.1710428025423971	0.3298792741583032	1.2409108232621022	0.5852919756293768	-0.1999372936858528	-0.7387544582778777	0.4474575551924597	0.8533763907591879	-0.0411743353814422	-0.2473371937188758	-0.2397033145864162	0.2876930688392469
58	-3.841741127870656	-2.798033847830826	1.944547455550066	-2.925888607751625	-0.6159691350043666	-0.5399637233829354	0.860443187187361	-0.8345637837731505	-0.0175974204006569	-1.7589445409658009	0.1613083434759437	0.3856602433902816	0.4341882310722747	-0.8630684728018272	-0.1885276157342161	0.3562619174425261	-0.5974662017490192	0.2036913864450227	0.5482247360752361	0.6292788802421369
59	-5.247244200199074	1.760336590901474	1.1825817290400624	-2.108826131243132	-1.6838811982406876	-0.5085508709888382	-0.1781615076366699	-0.0705191088519537	-0.1261500149424211	-2.704055439119472	0.8854920913722618	-0.2320445938656795	0.0421289888815627	0.6877374270850256	0.0824798411690012	-0.0962426727063554	0.4211401556973781	-0.2989212449037159	1.206794275256979	0.4688625036442153
60	5.469085414051384	8.332993173783981	-4.475185252820097	1.8998266692066987	-2.4021294102975266	6.315073603456001	1.38019003536858	0.8908833798941176	-1.3193581439759752	0.6008965866807876	0.7792215298179449	-0.6193705600340715	-0.121588757141368	0.1403647632487626	0.4810889432463922	-0.339395125269347	-0.3986750469098052	-0.2059594914043852	-0.2093684518544473	-0.4271958034442513
61	3.5942158788467435	2.4201039431340545	-0.5393937651300381	-0.3692923504455903	2.152025447924772	-0.2293953240281015	0.5613615266293429	-1.2689165633197408	0.0368058283490766	-0.7214449495274069	-0.1720718376048252	-0.9807077235777366	0.3299588982999969	-0.4451016807766595	1.0378697101967154	0.7917770182983462	-0.0583321819323081	-0.7240205424592374	0.533837898609123	0.0509479000228107
62	-1.2872941033551095	-1.6203242962334736	-2.3276887466280187	-1.2242329084929249	1.356877561299613	-1.2251618633052297	-0.4757287358897265	1.3023865059785835	-0.5562371730499649	-1.0074285538612906	-0.3850398615829778	-1.166890106450822	-1.4275097879365315	-0.3197243564388992	0.5125379289723242	0.3688586039194615	-1.4768203687351464	0.0462443678679052	0.8107076766622475	-0.2756845765572179
63	1.160942221702488	-2.647811688001231	1.940690673695056	-0.324597724877036	0.3406057115725811	-0.7577157527359769	-2.487213471891581	-0.7549762524618188	-1.4159996491786602	-0.0310484846885076	-0.794521343112937	-0.7239382007452673	-0.3355878483682218	0.675483285688764	0.3811868763655004	-0.6495459534922191	-1.1028549899058353	0.3638802328188772	-0.8448908900208804	1.309621474521988
64	-0.0361181404914289	-0.7368648207948711	2.2123846968606493	-1.1354474921092377	-1.899183185534744	-2.131424424508212	-2.569899994338517	0.3160288288235989	0.1443948703293926	-0.3087750191615494	0.1249374616597104	0.8994439047372017	-0.7930143973242083	-0.2546404089010764	0.6977561631911283	-0.8923458881016282	-0.9473576977928916	0.0841733907608571	0.5646119583600039	0.7189055501693489
65	-0.6895887050527761	-4.554805257621423	-3.0207230953843704	-2.3155795957208696	0.1055391463041545	-0.6522127601271616	-0.1431167773617517	1.3480681164360222	-1.0745424843269635	-0.6989767139138644	-0.6263916772933318	0.3648844477816272	1.0685442416854711	-0.3199893783711	0.8126872414579492	0.1390267286617118	-0.1591211585311422	0.6304641107957539	0.0541459486792902	-0.5119556928806747
66	-4.424198988217986	5.169106073390287	-3.4567632408329776	1.524257458328557	-0.8686097670579888	-0.2731540934262841	0.6740248629511714	-0.637213239438373	-0.7120313197486998	0.3892608087912298	0.0772930868115074	-0.603450962967784	0.0572247447247372	0.1485393336005783	-0.4125339051695904	-1.0857354530507397	-0.374063401417499	-0.1128861010284393	0.3013493716156453	0.5410845653830251
67	2.536171989702146	-2.828294101330038	0.7424283632811743	-1.1514317652437975	-3.196561978835754	-3.2780068579178967	0.9116596445959176	-0.0668352259572086	-0.8201846858081702	-0.6976901980979748	0.9688713798512631	-0.6025730353740486	-2.035611074222957	0.197097480138428	1.3400320187610788	-0.4648574804424542	-0.20774213668089	-0.7376200149237353	0.2584432890180537	0.2210824016452432
68	6.134851230192658	2.2446201257097296	-1.6715346471070067	0.9662093612964858	0.3284485223725888	1.479502284885067	-0.0326347517773342	0.0659078218144174	-1.2147624947518023	-0.0658186273964459	-0.6482642749688696	-0.7787329824927329	-0.1620865213244776	0.0713131520637032	0.3789707023420786	0.5318221364037523	-0.7782816288112271	0.3366853660310999	0.8701749673208452	-0.8364536127459645
69	1.0039158074966414	-5.927750083412367	-2.7392740072597555	1.7166373595219642	-0.2664956359878807	0.6235276762379349	1.352153567889521	1.6905997645411	-1.0886389698127945	-0.0667138466771462	-1.6706490370215197	-0.0430887897015292	-0.8831921089173558	-0.0396363521426217	-0.0491784575698985	0.1992659743136605	0.013875009768333	-0.7874979797317945	-0.4708667468861365	0.4298057200830938
70	-1.2894162337679544	-3.529036041768915	0.2763526029604404	4.480774626941056	2.316518543072501	-0.599355531164857	2.508809989749186	-0.6673330735091371	-1.3359978217542234	1.4765478173200268	0.222903222480707	-0.6033771208446836	0.5449062323648811	0.4938990896213622	0.0489833255799056	-0.2347510319163072	0.4430059324635441	0.6294261354961169	-0.6938377916836944	0.9947881669721084
71	6.107547798199223	6.65769681192187	-1.6094069466056191	-1.373693476856337	0.9566922179411592	1.0095732391661592	0.1862359068927798	-0.4998425055563752	-2.634677106395595	-0.705198484622694	0.4516743731389451	0.5438480632035976	-0.4637477891941718	-1.219927497775298	0.3598027342322566	0.0662647652398817	0.9885027303480473	-0.0387943026292182	-0.0950403051637097	-0.6738273963459013
72	7.795210604394996	5.262918969701882	4.023716729700572	-1.4216883163949408	0.3673898156818654	1.2385925649306528	-0.0852862004973982	-1.0073500236934176	-3.650647030130499	1.8696232741936785	0.9162842905920164	-0.4828791897174946	-0.0246133980542014	-1.862191652426824	0.4517816133439419	0.0239112664126227	0.3187222906705121	-0.7556232664843889	-0.0843832584569822	1.004620324850915
73	2.7407831706222883	-6.270990677395313	0.2037004894077189	2.356706932174249	-2.254284411471939	-1.3006666328239895	3.3909732907326604	-1.516562054439608	-1.459977483638597	-0.2693214120090735	0.7350759852901676	0.2952758427490475	0.4560167671856617	-1.0683396269583427	-0.4359073036979028	1.5527427307751445	-0.5331268168726481	-0.8169370309965303	-1.068830003968837	-0.3617864231714135
74	0.3381843598206968	3.510374968455676	5.156607356760756	-0.8484342192119599	-0.2027465440518135	0.1898791443769487	0.1148007759404331	2.213212515390421	1.4030963030588268	2.077440344368239	-0.7100610554769711	-1.9968044321965568	0.1157113810433341	-1.5286136136379802	0.8736181415584591	0.9880536254145068	-1.917867815303661	0.6800255413172215	-1.8550453394670503	1.1934560129574203
75	3.7183932670705753	-3.1465506149759825	-1.598935414458089	0.1984939271076661	1.2478209510333895	-0.8354224455513292	1.008672963925256	-1.6677679658656035	0.2727775348636354	0.728636387818629	-0.9806151936939332	0.2574501799559947	-0.5525766556266085	-0.4560221112798877	0.4817971671984064	0.2620863771991792	-0.6747772916728043	-0.5861752937881759	0.6603054665351901	0.6513331752840867
76	-0.7695640444117204	3.538361547276029	-1.0047047518679333	-0.3807353149773756	0.9331635668947198	-1.3727130450375675	-0.8628700518512411	0.6956894139711043	-0.305420720954538	-0.7000908390002569	0.770660822954513	-0.6737110117318085	0.7524312830516576	-0.1223594282735615	-0.8694626245308008	-0.8764876629295185	0.1747031291708349	-0.156262423602221	-0.0253629689789875	-0.4581686487698541
77	6.016571464909006	-4.257304142651105	0.6053024955062727	2.776480462677422	-4.658861332701471	0.3198693229991244	-0.0963213091222791	-0.755955915134425	0.7806298606602049	-1.3440949909010915	1.802973426905565	0.9735665736699104	3.269131813741616	1.0615364759899355	0.3659586153058705	-1.1577049889849924	-0.3582290942630129	0.2890508441782216	0.7078286649387554	0.2683826815571369
78	5.5330594503510095	-1.717405056380667	-2.776879229869318	2.307589173602788	-0.6720501164116389	-1.4408558614780966	1.1068673922265402	-1.2144529227728245	0.6038563292480428	1.782455644380314	-1.0030806234487777	1.173032283160883	-0.829261639306867	-1.8350779758939124	0.5160267961304461	0.5568596752606843	-1.3695488316436228	-0.0093047409814432	0.8837294208050485	-0.697857476702662
79	2.50574989923114	-1.395197357659598	-4.5249442847580905	-1.7471754503176051	0.8785568662289391	0.2774351311096329	1.2896786979608013	0.296188893966767	-0.0575286276503073	1.0807403693143651	0.0105854525916787	-0.4809388516761647	-0.8124871029453695	-0.3080789489815971	-0.358498622736578	-0.2515950513959611	0.1212562757734179	-0.4913357487178242	-0.1025096590063807	-0.0473425855689622
80	-0.6811257984392984	-5.110938025625712	-0.1118656596461373	1.0586897648609537	0.6721227499745588	0.1019108347794687	-1.2363261584065073	-1.5744266056802236	-1.112783407482932	0.2588900175632516	-1.5907139842039142	1.4217035860704763	0.4304209618451654	-0.5106836721159778	0.1327841955774635	-0.8461748289539383	-0.2249177621407901	0.4846401883851224	-0.1621923114663672	0.1460603443485627
81	-3.429322133148308	0.0817577447752413	-0.5203402078210247	4.367533773154817	-1.1639344417982112	-1.2191094179485695	0.5132369995911786	3.099721797668954	0.3894255271690356	-0.5544127031627053	-1.1881692558055463	-0.2665814839370624	0.9836624286197664	0.3450077897747604	0.3476324438304454	1.120676467306908	-0.3349280897331312	-0.3491376615867504	1.3192451418692577	0.2754985488164894
82	-0.2218538613048357	-7.337504360481045	-2.2542208599658	0.7368988015983281	1.1653221624823704	0.8072903806724155	-0.2363355980664665	-1.9812247158710048	-0.3148555302628343	-0.8754882249081879	-0.1801131298274013	1.163252815956078	0.6510964311765322	-0.2082079310167482	1.326126745911264	0.0725313206063032	0.0329336927012947	0.4222918823781087	0.2290055068692686	0.1259217922456535
83	8.456292930496588	32.14090711628795	-4.50654928837117	6.304684018068386	0.7511620653468993	14.461338260498003	1.8721006298743776	-2.961167163206281	2.639098844742895	-2.7059868500412567	-7.7858655970744834	-6.2516060939499445	-3.8541854519136223	-6.499911695362095	4.554001233001747	5.5000167715191886	6.27466499253247	-2.0106761454237336	1.7087324121975551	7.69090661106218
84	11.326097352352033	7.410299248336464	-2.582838632596057	1.071001685451493	-3.488749147131726	4.777627452252525	-1.0170369052125612	-2.666772493455832	-0.2050537383162687	-0.3169747428925889	-1.7101877249515698	-1.227978890697856	-0.0206960218291575	-1.4128802348606817	1.1635112797844516	3.097342748725469	1.8447619422735728	1.0142887760237085	-0.2439463763192034	0.932861096876474
85	4.6519482820179805	4.585581078596445	1.6672815212875367	0.0566402612350126	0.9797829012394976	1.0739828446632	-0.8895278137825008	0.2385528572688101	-2.3065702626207574	1.0315893948939343	0.8506360828970562	0.2097713643521795	0.6643078897767422	0.3521727452347568	0.5280406353937774	-0.7703239484987094	0.2592888008375825	-1.1449596241758857	0.0943035010708205	-0.8754852886674196
86	11.70845580225293	7.1053625613548	-3.1948033022008597	0.4266538670804237	-1.921985130430477	5.117300335472204	0.6880752007975592	-1.2496293347226264	-1.308100965342681	-0.2951150870994246	-1.5661554022017865	0.1706708999917482	-1.33003119607513	-1.1665377017291998	1.983192377337828	1.150032754817091	0.7759078146960086	-0.1039307892137764	0.1058112248967935	0.8089099198316211
87	13.832972861005675	16.107358607250923	-2.0158606923678923	-2.209251843501155	-0.7317095620684521	10.231935646855764	0.7527725667736253	0.057107526538312	-3.371186902865786	0.4791407700468013	-3.0986986427630168	0.7223535179588048	-3.01471792413672	-1.826923532518019	1.83823243997418	4.189854323870934	0.1224964003591446	1.6093790462463913	0.7005793921642641	3.112431406371196
88	-6.280401032179391	-2.9948049863715847	0.4107269681754757	4.293270135264261	1.1939935475098946	1.3487880051628367	2.161595392312771	0.1751559953348447	-1.573507060869653	-0.5967872963198226	-0.5609549832876408	-0.1499905859565866	-0.2859538053589391	-0.3052438629397671	0.6022633912921485	-0.3437982344124427	-0.1021671599921606	0.7402360045591186	0.1338220637002178	-0.1092444096955586
89	5.325362678730123	2.940411497842575	-1.7629008756044546	-1.3087561709209932	-1.5391148209873038	-1.2764855369387784	0.8297054831556987	-2.5734632493239773	0.7505372892729851	-0.7881828632049138	-0.2315381925100223	-0.6240310202253354	0.1140703673965297	-0.9114930971407216	-0.5476048350526456	0.9123801155536116	-0.2355864248357655	0.9409021438985636	0.1472567349312551	0.7143710168502456
90	4.748018908913747	0.6489519505695371	2.709674739372067	0.1934222433927282	-0.7765340789897175	-0.3616023534691288	0.7071500896053896	-1.3670898744711504	2.511852321904596	-0.7739468223725289	0.2222284928054536	-1.400657981345815	-2.4684580784574224	-0.454749945336291	-0.6475794304421512	1.7813835392358148	-1.4781004407463956	0.8986042615285905	-1.1343617064773248	-0.6000815266018247
91	9.339756215510576	10.04276681815954	-2.6577129573627194	-1.8075589171121589	-1.4449703206118298	1.348602097988619	0.8644709333625955	-0.2562657766416705	1.4832623502296298	-1.932454905432864	-2.029968186585558	0.1065567207090287	-0.4917906908903505	-0.7284110852437853	0.5980307641203909	2.903412361034515	1.919189523324485	0.7904770806237484	0.2776956876835718	1.817112736693932
92	-2.091051981427503	5.611244992631852	-3.0441814830112786	1.3547430347436331	-1.2172052646678726	-0.4242157363198577	0.6892113325220859	-0.7349908741471451	0.7148160341648394	0.0246459038872565	-0.3428578209900396	-0.5421530834684789	0.1642185603366001	0.5894939346362855	-0.4498098942109596	-0.383929688698545	-1.239867783445546	-0.5548466172600841	-0.4352159585787776	0.7407657469226291
93	-2.2444489709427407	-1.2984979973260329	-3.0906192220721778	-3.3449333633657807	0.1758583743122554	-0.0594708078521319	-0.2338855987306294	-0.7742995596189608	1.15816864536729	1.004887702359898	0.9146330921323652	-0.0691379743866497	-0.1944505206870385	-1.343947099385736	-0.086611478174598	2.3662540182271505	0.4522311529127207	0.7727594212523768	-0.0211057938766338	0.6738202395876245
94	0.1385379513632855	8.582831873701261	-4.484306832277479	2.2091559199165807	-1.2012569964001474	1.5886033512168771	2.287207834502349	-0.4545542022650578	-0.1322019089609489	-0.7649802464941285	0.5343273243561844	-1.324638015544644	0.5969470933541007	0.5671461537598778	-0.1736627275391466	0.0782661622986606	-0.4997459972984491	-1.1783634253638071	0.0062688444761875	-0.077480555221165
