label_id	PC 1_shape_CFOR_pca_measured	PC 2_shape_CFOR_pca_measured	PC 3_shape_CFOR_pca_measured	PC 4_shape_CFOR_pca_measured	PC 5_shape_CFOR_pca_measured	PC 6_shape_CFOR_pca_measured	PC 7_shape_CFOR_pca_measured	PC 8_shape_CFOR_pca_measured	PC 9_shape_CFOR_pca_measured	PC 10_shape_CFOR_pca_measured	PC 11_shape_CFOR_pca_measured	PC 12_shape_CFOR_pca_measured	PC 13_shape_CFOR_pca_measured	PC 14_shape_CFOR_pca_measured	PC 15_shape_CFOR_pca_measured	PC 16_shape_CFOR_pca_measured	PC 17_shape_CFOR_pca_measured	PC 18_shape_CFOR_pca_measured	PC 19_shape_CFOR_pca_measured	PC 20_shape_CFOR_pca_measured	PC 21	PC 22	PC 23	PC 24	PC 25	PC 26	PC 27	PC 28	PC 29	PC 30	PC 31	PC 32	PC 33	PC 34	PC 35	PC 36	PC 37	PC 38	PC 39	PC 40	PC 41	PC 42	PC 43	PC 44	PC 45	PC 46	PC 47	PC 48	PC 49	PC 50	PC 51	PC 52	PC 53	PC 54	PC 55	PC 56	PC 57	PC 58	PC 59	PC 60
1	-9.595685288895025	1.9377752145257343	-0.1331972466424326	-1.773646373600699	2.0030223303693884	-0.0766454656765626	-0.2251520105323232	0.6890101573134454	-2.2359169623730684	0.4848175888469124	-0.066386224660518	0.7584243589612308	-0.171560177187071	-0.2503431782365012	0.9701837572423238	1.0173025608309898	-1.6251576056864017	-0.6743366508707254	-1.3575631566334732	-0.7150829038249303	-0.158322062102283	0.9515031239842277	-0.2675418374671592	0.1908746123764391	0.4474328586841203	-0.3595315021586605	0.1311071375356548	-0.0627068257367933	0.0331670239243098	0.2594477791957625	0.1646904986749561	0.2644146956746478	-0.2456785609433516	-0.1958425788977764	-0.0427685682966583	0.1425706319487272	-0.2710006797380125	-0.2355973263298016	0.0615794834965574	0.3793181218957201	0.2656822910257572	0.4566986936152057	-0.4496134590923756	-0.0336606291774177	-0.3279863619761901	0.2086612286203508	0.2081048302180549	0.194787092841866	-0.0528968847245276	-0.116116767429589	-0.0144834422338305	-0.215922597077181	-0.0704791209719522	-0.0875103065927659	-0.0478362326804379	-0.0739519569608396	-0.0768991080293926	0.0924672910624096	0.1084572513048786	-0.0148286765378542
2	-0.4008582246543606	1.4717038912238392	-1.7182627222599387	1.9481606779088063	-1.3551246356693822	-0.2589946674690653	1.0671173743858902	0.9108293461404956	0.179940939791892	0.0147581316299354	0.3336613772814176	-0.8832278573824269	0.3180734788041079	-0.7225334578935219	0.6371925863481135	-0.6969393002935188	0.2566695611094903	-0.3870430307927929	-0.1066666169473082	-0.6261482410832104	-0.0024621926978309	-0.3518796784713053	-0.4031598290171416	0.7343889774293231	0.5434223679697183	0.5361514609663508	-0.6380631460682239	-0.0384342836884668	-0.1808838736229107	0.368106420305012	-0.0068154981986261	0.0099316449343415	0.1448411893978725	0.8621999474076332	0.2373413746238009	0.3092509914624492	-0.4249629824096892	0.8459105276466785	-0.119348357555074	-0.3132913111671531	-0.1251261660616119	-0.3378170408758708	0.0420911180550475	0.1566025535095744	-0.2897802979070472	-0.1840294056634407	-0.2917637721604843	0.0080139238741395	0.0595548499315765	0.2350015103104054	-0.0047444668114375	0.1643494458411625	0.0976581366674005	-0.0586815308846197	0.116963804333827	0.0151214534114521	-0.0074367017607017	-0.0306434456975914	-0.0243476156252612	-0.0076934580494454
3	-4.7604344958122216	3.127917336422786	2.6978380421838715	0.7453798803799977	-1.3023199626270907	-1.0514125905324092	0.6437322145553859	-0.301368738005586	-0.1347113021871994	-0.2431674917709673	-0.2354532608476165	0.001129713228298	0.2590327364130979	1.0905445200002062	0.2258526730226542	-0.6074421802624485	0.5246055438568663	0.2982776523546626	-0.2054119271824051	0.3174439368144841	1.0083053110643054	-0.7022038326317649	-0.1545487046855758	-0.0963988986576354	0.08430084289756	0.5393956276463278	-0.2659603462543882	-0.3432264615562001	0.2435070364257179	-0.6423613829913927	-0.477626535095921	0.0850309853986889	-0.2796917753470302	0.9690611836791516	-0.1273879094176393	-0.2071536073664429	-0.2937167638112759	0.146634147040062	0.238815099772906	-0.4968455517947857	0.0209223076014296	0.2987801738815113	-0.0795925029082768	-0.0623469935047997	-0.0331327674334142	0.0350462445997881	-0.3164924346300813	0.1509178673913561	-0.0635334659685745	-0.1382631076507378	0.1302560922026928	-0.0773411285332977	0.1497924510562078	-0.0192193585087864	-0.1118398278706816	-0.0115847222351939	-0.0522386227886359	0.0113048121471056	0.0142081558371223	-0.0078849945372653
4	-6.042593930997225	0.9675018094125916	-2.0989714475550336	-1.8527665455418287	0.5505890694301904	0.4112880275361804	-0.8748128372239795	1.0762374275473876	-0.5627506934299779	0.8751731691698048	-0.1156762205053942	-0.6609023225541489	-0.1590337743574607	-0.6030394875623426	-0.4522864161089311	-1.1401656075314928	0.4688055378896379	-1.8276929904733	-0.6885376914615915	1.3103142640250591	-0.0231924316472935	0.8724746285917104	0.3648782902551492	0.2892108204311606	-0.7211616206720789	-0.2347739544421726	0.0316583043006148	-0.1865937411158018	0.7543558831618092	-0.2648861424080117	0.0777099854781199	0.2716380342978817	0.2440460877568423	0.3985580197271343	0.2418597013838485	-0.0923952931317269	-0.3996271076800112	-0.3333816934270386	-0.3717307090473857	0.0237901002112932	0.2710873479450841	-0.2020435661701495	0.3997021765949355	-0.0764928719093555	-0.0058471260157003	-0.084316666721658	0.1526044682969775	-0.4107484860563687	0.0190187830725245	-0.0189584521662031	0.1738554931546055	-0.1931826987999489	0.1300286218880578	0.0704894250269686	-0.0441692574986461	0.0144748082599493	-0.1433133343109131	0.0066960194935462	0.0306139147133094	-0.0047150221484775
5	-3.1349432991561685	2.9469389801837864	-2.3256244254887397	-1.7357149546802506	-0.6022598993789883	-1.0886212891050802	0.7340762652224682	0.4745092351638811	-0.1684458147576028	0.4196706307392503	-0.2625508152968177	0.3497395880179358	-0.9925584327435488	-0.0682113383048514	-0.6779000508664071	0.1073261577822212	0.6811793879587303	0.1952857329220326	-1.4025956613747417	0.1661328496158128	0.3492675157719871	-0.2874759078737585	-0.3019840851167249	-0.5482814853799048	0.6087511114686689	0.6551839954910527	-0.3663925691968322	0.0942326512153026	-0.0563115522576037	-0.1948971212538172	0.0011484799767856	0.207872015657178	-0.3639233049235029	0.3260128608800043	0.1266319392290302	-0.2471845802204972	-0.0741149169643204	-0.1360289618040545	-0.1130356001179403	-0.0017984138455257	0.1723897323970367	-0.1157019450135607	0.3178323778144962	0.1867300733513818	0.0946096235775954	0.0264346290793372	-0.5888147417345619	0.0884135232001182	-0.1280379441419516	-0.0638382297195476	-0.0366391641273285	-0.1322911867618448	0.0469265160212577	0.0235501355472632	-0.0120549380736061	-0.0238165358112734	-0.0436979384744482	0.069938640011313	0.0437000091770256	-0.0224691371985151
6	0.6624959745032298	0.2957621483152596	-1.6761755956752589	1.3570571263548217	-0.6770188367960965	0.4814537879393689	0.7118031472413696	0.003750622571161	-0.5326733051850423	0.8578579288038111	0.0379522706026801	-0.0910179512868609	-0.2894616225029726	0.2954111268257868	-0.0395068220222152	0.4181284983773465	0.0696414836603861	0.879701679839305	-0.6593883036116819	1.1182695791548691	0.5174519261927759	-0.4336516198269959	0.1891950933236099	0.9088544668179356	0.8268324745142298	0.2615479552654367	0.2884823812560916	0.1716879741783334	0.1728279693172746	-0.0147510165881092	-0.0848334209176688	-0.2218368177181624	0.1710622655263358	-0.3343421005648389	0.3097496410626996	0.3347805089229868	0.0168128423721775	-0.2683116505013324	-0.6732001060056401	-0.2002675454490719	-0.1393610030672243	0.1959805487661321	0.071889773993733	0.1045783457153508	0.0128365619686404	-0.1338567577395565	-0.2446567654862615	0.1011039573593939	-0.1125159762969205	-0.1442911524453172	-0.0315400882417278	0.1819127743424931	0.0825995217823331	-0.0779391169079729	0.1112263749064597	0.1270506037297795	0.0537417138143905	0.1275795450504629	0.0518394086252542	-0.0460249010842671
7	-2.3900575411136806	4.711776787583212	2.5370992192110084	-1.0609263652851209	-0.8491119032474524	-0.3624755301577037	-1.2430604657380864	-0.3176665514240787	-0.2267180971518754	0.3503670494284825	-1.2992504487358405	-0.1136767117013877	-0.1219139340569384	0.6789468715755291	0.652475324577983	1.6387544585667924	0.1485529752017094	-1.3889663352337112	-0.2976645775815506	-0.2770039885185034	0.2242046721127171	0.5277170086423166	-0.0890326436984396	0.5026174415162509	-0.2250509359727349	-0.0747856417999892	-0.2180183171023286	-0.1309622758132249	-0.3868078627447369	-0.3404734002394626	-0.2639400044522548	-0.3357042711153774	0.1516814311150485	-0.3499433726832835	0.147608171715855	0.6293290662799669	0.1400461355126742	-0.1360268048972594	0.0302991012437287	-0.1384954789332939	0.2323050158592839	0.2999356719482652	0.1891498858532783	-0.1008288171455584	0.3208141972232273	0.0213400767457902	-0.2314464796402363	0.0615363342103375	-0.144492957474604	0.0120466163255959	0.0463148612550234	0.2114609041922621	0.1318671480374399	-0.0554605680037347	-0.0220226848639833	-0.0167339014518612	0.0896248047148378	-0.0058187101741	-0.0675120505006586	0.0277300049853613
8	-8.871340316072038	2.879861207201728	2.53041417943747	0.3191372593142801	0.514088107929575	0.028335164034115	-0.3550585694961193	0.2430866371200958	-1.0876771705593942	-0.2328971569594067	-1.0870520381337327	0.6235408437549548	-0.0917185585699117	0.7810791324774918	1.6741723550318417	-0.3100121471627085	0.895087497884021	-0.2549408532874271	-0.7545666495226364	0.2312128804533355	-0.3180155981896543	0.3205809272231411	-0.056782930640958	0.4960988583540958	-0.8035225642427664	-0.6248459388493136	-0.3410250205411785	-0.2940893342979817	-0.6644964231411372	-0.4266978850470999	0.0769364913062916	0.1600684219802537	-0.1080349767854861	-0.1824519808437386	-0.0469173527265447	0.2913278297091029	-0.2837224819115478	0.086500075938654	0.1761104038028013	0.0747518882147113	0.3987308280451008	-0.0177150501617327	0.3145258121408165	0.1487753121194971	0.1085948040963739	-0.1799576008719855	-0.1425587353772973	0.0828490115082323	-0.3390332657989711	0.1311401266936743	-0.0310332120261795	0.10163692924114	-0.0741216314065033	0.0810413203072114	-0.034292466404572	0.0778836184753958	0.0547649111571545	0.0157337320364598	0.0570408580366334	0.0002472349793449
9	4.48965346242316	-1.64927158956418	-1.6139492750722635	-1.2314828376986309	1.4289633063021925	2.0506543391693013	0.4968974108036559	0.4122252623190207	0.1283280004165871	-1.5354231183355995	-1.3513735577071968	0.7047642120828981	-1.3554717428083642	0.4189563303634601	-0.4888262317069985	-0.4983162439083958	-1.2805746748492224	0.8631384656867133	0.7932949676498956	0.5299951068598358	-0.4604960049378989	-0.540819394073255	0.5749443700032744	1.151711358057086	0.2814495512561255	-0.5332740152464339	-0.2443492207029138	0.3871453320945984	0.4736923219531856	0.0536548171596986	0.3952367317998513	-0.317888509422222	0.3350070564828301	0.1413028543704524	0.1589552518123998	-0.2586233929681817	0.3527844994450165	-0.2398264674980422	0.3274770245952237	-0.1788490889094647	-0.1508531396600129	0.3447145108535718	0.1861776639513113	-0.149431542727204	0.1751425792168162	0.37520779364384	-0.1321756431768677	0.0320013802148747	0.1134364685311751	-0.2092761303816795	0.0057489219651192	0.0940325969412886	0.0067495889379885	0.1496229320439163	-0.0873130960142079	0.0219182328870643	-0.127463548763984	0.0799368471983005	-0.0157915443616427	-0.0378797552075896
10	-6.026513153945412	-0.2950871167048111	0.2372219993068423	-0.0520568272805959	-0.0883473714515567	1.0993766411256052	1.2242033161114847	-1.3017417733901375	-0.6062648518527428	0.4182111290634753	-1.5152156192228246	-0.5302562800990834	0.1783714930752951	-0.323734421355935	0.5652615710924955	0.3243141291223669	-0.6514812697649993	-0.7361761339958695	0.4879361386396952	0.1065128190109325	1.2515530645397224	-0.8355517772093718	-0.1348571945492448	-0.4895537995385348	-0.0494357580784156	-0.5406578042103012	-0.1797324344015667	0.3039350784216744	1.1437684677151605	1.3785610602928535	-0.2961872578014268	0.0321194491440064	-0.1228203146723251	-0.0486931392903434	0.4217357038442378	0.3182755199789659	0.0721308730603881	-0.0145314260865777	0.1643852307288856	0.0799666821168305	0.1928252972525922	0.0459309760077171	0.2700008694891469	0.1764308689906658	0.0370981601255555	0.3041496581736548	0.0791741421376144	0.1577249763333831	0.0786569346093128	-0.2032231778116769	-0.0740996945162892	0.0689880184698601	-0.0750111515868909	-0.0441044353295711	-0.0117460153800686	-0.0531873823394795	-0.0313647728108471	0.0124034433861483	0.0698201852087157	0.0299351878361292
11	1.5189238571384158	2.146022406847935	2.3357299633424344	-1.423508052452194	-0.8384996673404898	1.569037609187142	0.625649067867254	-0.7654157329909543	-0.7612343336921796	-0.5516376113446917	0.4730755941215855	0.7093133508913732	-0.1489692557886656	0.9868333225655876	0.1063129955058447	-0.2284244888197349	-0.1196064846951605	-0.5016392627722537	0.6775542601353561	0.3101002085216201	-0.1451204859820592	0.0252257370734094	-0.3214170324049768	0.0034388985875058	0.3334917571954884	0.2500262709152713	0.2814224135111322	0.4408621088291728	-0.2783328457038883	-0.460578631834674	0.2923577325004804	0.1114029277966791	-0.0370164427962825	-3.963372174423951e-05	-0.3211839183765925	-0.108870040515304	-0.1603545346251655	-0.1053567559528866	-0.0276904440866486	0.1902150407916082	0.1869274088391987	-0.0740902444919229	-0.1097092907604613	-0.1995324907500735	-0.2030270601639547	0.0555309024522937	-0.0482366864764611	-0.038294955059407	0.0883427369355018	-0.0036604968651912	0.0327201255293114	-0.0859270081063564	-0.1548755489264543	-0.0867544431953676	-0.0958873743327649	-0.0050896825924866	0.0163687435952122	-0.0116648115332319	-0.0324747505597706	-0.0031904507508854
12	-3.7801091762162833	-0.7834572863032822	-4.746001235494512	-3.789815011918317	1.8240157627435187	1.070263377793944	-1.5471244371087491	-0.1727358573633078	0.478926810193396	0.9322544165878188	-1.7797514442446432	-1.0013461739581546	-1.011478982165097	-0.2293717334908181	-0.5150210274868053	-0.0982410277884338	-0.5428203284616273	-0.0048975945307629	-0.185401635554986	-0.3259574135222453	0.1731604300608445	0.4524148615950657	-0.0753977459896147	-0.1833983321240544	-0.2232817135612368	0.4481573548452345	0.1925548506367506	0.6594268748571245	0.2776075935637329	-0.4066823530946141	-0.7615852456761225	0.6684935588476	0.6528258741168746	0.5564956941761836	0.2981177008175089	0.5427221672939253	0.1592827967697553	0.374898080862001	0.1451602209262094	-0.143410738342329	0.2420909340098365	-0.5943272821293337	0.2971510065572808	0.2948089300960282	0.3137381982498209	0.3088439480845512	-0.2668161066014873	-0.2520824835313772	0.1989705146041132	0.403015422057316	-0.0629143124820933	-0.1474455713165531	0.259632194978079	-0.1353727253461489	-0.1682024638120089	-0.1840417991513736	-0.0460609142545496	-0.1098887213315366	0.0024828257970329	0.0080748134209469
13	-3.776744174068915	1.26494656575087	1.4548761030799444	-0.1723696245203661	-0.7234454424965332	0.9653935884917751	0.0968059558882118	0.0494755017421179	-1.3839923241313594	-0.2666781798746119	-1.5044647429820417	-0.7469593417452568	-1.0858016814740905	0.3761732148979934	-1.0093864430863653	-0.1561270281640396	-0.096940489268718	-1.4542587977930883	0.6762563179272583	-0.3329589262497578	-0.0943922311145276	-0.7229737763286285	-0.1639830818839068	0.0527484195239982	0.4222078900683439	-0.4177391071674191	0.0275246568278275	0.4678172170233514	0.0592314990276424	0.8914930339177046	0.0169998279933134	0.1351552137610443	-0.0111978428397742	-0.4012782844839273	-0.1721098052699081	0.2897397545179291	-0.1161156580848299	-0.2485080682786095	0.0221945846435322	-0.1814254323145212	0.4417481931119289	-0.1133453914537857	0.1210796467889063	-0.3870527337464957	0.2486039216942548	-0.0439006437557576	-0.0786843704817101	0.0650331703826483	0.009245757403015	-0.1445995467271441	0.0836202783136831	-0.0646681628561363	-0.0178966822606241	0.1065078223762071	-0.0428495359826284	0.0932614219766917	0.0430955505167587	0.0587078450692869	-0.0290497594656698	-0.0133001470448111
14	-9.015777995268568	5.467362806840078	1.722033977332466	-0.9643674399301256	1.5192940607791172	-1.3405914118839342	-0.8306418367549285	1.3370319382590792	-0.4381298015225482	0.0893717482995525	-1.4603449872477132	-0.5665236221007827	0.0014712809675074	0.2127101456643379	0.2056286067904928	0.8649223549385876	-0.9116840465180148	-0.5242596837492843	0.0819476762247763	-0.6779345444556971	0.0171532367188485	-0.5256744756854669	0.9039504493630672	0.2616245741596049	0.6066170648456948	-0.9783251575532752	0.0384350461854345	-0.1207682412922069	0.158878757634111	0.0912665647653868	0.0717104802138155	-0.4937471797677303	0.1406882607362372	-0.4671063634693047	-0.0237484168435277	-0.6128863723668685	-0.1407409099889155	-0.163690081444588	-0.470132474838802	0.1109351558442971	-0.2554544789167916	-0.2502399768840617	0.0252111867402318	-0.1539724386833257	-0.2116086945460908	0.2515552591480242	-0.1217710467865897	0.083960021032247	-0.0876445949770075	-0.1457229589157049	0.0725352719582887	-0.1098308784348366	-0.2268370539865017	-0.0494067608059835	-0.1864978511609337	-0.0144852548966244	0.0252680782259185	0.0912761147497111	0.0250286285412875	-0.0339790887857315
15	-9.154735889724934	3.036289340295899	0.5615863993971874	-1.1977728105466448	2.084255720315981	-0.2392716476693756	0.3034290622564518	0.3333296918570617	-0.6419922236131693	-0.1896920013714435	-1.5591336390657295	0.7351343704146169	0.0134626034207445	-0.081018378677682	-0.0350615680506164	-0.2944280611480497	0.2753987533164161	-0.5913765135668402	0.0697805573891355	0.9971636807807952	-0.5622364805837754	0.0221318941981469	0.1312234268406071	-0.2172579057593171	0.4432581779733428	-0.5051888795445856	-0.1666036045159136	-0.0056280288859219	-0.2316330955084831	0.0838911502131103	0.1510157730715814	0.188153161487648	0.0946830020248704	0.0075468314907961	0.0369649594901023	-0.4100381847914883	-0.24856233606635	-0.0947304540425592	0.1489040865975133	-0.0702778105878916	-0.0619966382918572	0.2060661171011304	-0.1949749539967277	-0.0890501918496674	0.2417401982982839	-0.1278318178209284	-0.1696186521511974	-0.0328853148656552	-0.4226336921234029	-0.2502461047961639	-0.3991388461267589	-0.3996909489745867	0.205677719665201	0.051787254659484	0.0694751985181454	0.2268006100506309	0.0253761943356631	0.0946980373838044	-0.0389106194543205	-0.0018693683302143
16	-12.550779649567405	-0.9067620979684796	-1.8634662770936776	1.6464884983322785	3.790633341628293	1.0230512712153412	3.3646406914844977	1.4665898508799078	-0.6690563843228788	2.553049263671011	-0.3388306053788467	-0.046924777500252	0.8697872142715413	-0.2977824566949615	-2.316215628287261	-0.5593110213648065	-1.636325989376339	-0.9286372181946714	-0.4128263769388581	0.8968339358602294	0.4683441937935497	1.0601303233145465	-0.6193826211424536	-0.3306634468665885	-0.367683805998887	-0.2177369763518702	-0.7068577489354081	0.960660608870404	0.8941079060103293	-0.2378975507812344	-0.2437828335181406	0.3636897671922471	0.1126733049956985	-0.1113888077179308	0.5509783986223713	-0.3328496060254525	0.0222673062583474	0.037704981948766	0.0232579533716946	-0.3832626567553168	0.6476714495937023	-0.0447365365732759	-0.1344417077198142	-0.3167375994959689	-0.25052870423425	-0.1102795374139092	0.180536567984103	-0.029738107649898	0.1937905088761989	-0.5502324830875996	0.256700586078868	-0.1845025372373261	0.2144260303544374	-0.1677031880559305	-0.225081002656508	0.0547483486739557	-0.0384588847301189	-0.0610947800719426	-0.0020049912089262	0.0029847541883135
17	-0.1753160838025825	0.5594529072551682	0.4444387623582613	-0.4484696740134297	-1.9030799642985687	3.778901637356887	1.845025803648264	2.653069839430126	-1.3376413337016395	-0.0372139979431473	0.1578772756770302	0.0175243957016955	-1.9423462571003467	1.2307000468297011	1.3540247920273143	-0.8647806960794424	0.2675182641067073	-1.1923132435679031	0.4205412570665359	0.4660486915558992	0.4584023795326034	-0.5263698016623379	0.3563327015534398	0.1569571331936385	-0.0238121266313309	-0.2398637988255947	-0.3721644688696569	0.3712758162488339	-0.4170040351557108	0.7062958002683571	-0.1854744052633708	-0.7365129374790729	-0.0995281332110929	0.5116804912525152	0.0073936159964851	0.4271131812640089	0.1048638067771891	-0.0165084485107265	-0.0458330762525103	-0.7367037932189275	-0.2057952974896519	0.274343317339549	0.4043566912444601	0.0646188968684185	0.2344874161328767	-0.1185437751306208	0.2441886859035666	0.467362104693914	-0.0065090499074686	0.0240202351974859	0.0983384700273504	0.1340778974191685	-0.118134962881807	0.0410692441737839	0.0232354534904692	-0.0780921063811678	0.1474701441168657	-0.0323463190637341	-0.0296662083265474	0.0020091632692509
18	-1.4217159919294036	-1.1651088204248734	-1.6341767103196363	-0.0020676328062439	-0.4270117860699587	1.5491280459638117	1.2256491603804862	-0.8358419801736072	-2.2299115389586133	1.6970228596491534	-1.3471627837432687	-0.3725937667450831	0.6336207835766202	-0.7324889219679982	-0.0537321153001485	-0.7472513604702966	-0.1344259170489398	0.0393115268771736	0.6009258458692419	1.4712535153001511	0.4781377047884134	-0.274081990354859	0.3807748539606713	-0.2430204281961588	-0.1258433856276828	0.0042781349396025	0.2823471717473514	-0.4543510228188879	-0.0597008650269482	0.1318287534216576	0.217917120105701	0.4100458230045235	0.5881790082687208	-0.4051460890835008	-0.0489750677073622	0.1626116263649903	-0.3358656261642103	0.3446302315911833	-0.2754478446077664	0.0915053494467767	0.0371225820412352	-0.1050225563820331	-0.1954029099674419	-0.3157377086996748	0.1099999803873928	-0.3031686225121774	0.1994745922729648	0.0831133863214477	0.306011975652015	0.0524967447803867	0.2105562500738861	-0.0926777428535214	-0.1204756430402726	0.1484107757979922	0.0240296724990538	-0.0285710963844635	-0.0199360867371759	-0.0501813980075051	0.0045384426685438	-0.0483119809415139
19	3.7022518578151247	-1.0849934796199996	0.1573071937085574	-2.165494255973784	0.4478098734390206	-1.8443271534292407	1.266611117697486	-0.3119531325598399	-1.0128376625597375	0.3400887893358025	-0.567658538505592	0.0872203334972906	-0.2900588959614186	0.4752014763029014	-0.0425206491328194	-1.15913120263752	-0.1465449391715115	0.466332398801816	0.9863916631187168	1.0161985194324006	0.0342468280150816	-0.3619271140277414	-0.4812935928006524	0.271377490786394	-0.6066212829439581	-0.0873267234275579	0.1304078398771812	0.182331307303283	-0.5146237666388287	0.2637600179509923	0.5928651249292874	0.0088375205537727	-0.3435300558866413	0.2824190249856836	-0.2534007165533835	-0.729345343510743	0.3250934600554385	-0.1359867355990622	0.0813333659682342	-0.1548140365382662	-0.0536610161569956	-0.3132111510356634	-0.0561495373220459	-0.214893839622688	0.1831601350627404	-0.2378077947002358	0.1821131733459658	-0.2464792986504163	-0.1570376719951205	0.2476828761978588	0.1149432271264377	0.0717532892612394	-0.0472173416238587	0.0584645620753527	-0.0177858387238191	-0.0446658176301264	0.0863467199158936	0.0907165124528852	0.0254065351468392	-0.0316274366960664
20	-1.213948075977431	-0.2184827976855201	-5.289143204741069	-3.630659792961766	0.9276523132292231	1.2374441809344705	0.6688287176305154	1.1335849746833877	0.7311980761339151	0.2396775634186572	0.5401318837237555	0.1310256579380293	-0.9881852128645232	-0.280096572767512	-0.2220525897223794	-0.72939563949516	0.2528226764971923	-0.4712590177287145	0.3859270322063474	-0.9454776959975724	0.0663090515539882	1.4261271203781545	0.1101795914697078	0.0006712053079123	-0.1350053023127044	-0.1550050514171385	-0.3958342493709003	0.684059508985517	-0.2149579547275618	0.3683359330516999	-0.3071772325568609	0.6998365418880185	-0.1616131664226322	0.1820815594643815	0.2715623251647375	0.2356828433236406	0.2928707561777787	0.0730050998300462	0.1998163328792495	0.0561816494176675	-0.5027827697246289	-0.1088449354952881	-0.1149406372235185	0.2417029592351014	0.3054749531238355	0.1534864010223491	0.2952860446166528	-0.2638197636770899	0.2456524198551251	0.175578632185894	0.0177847961744107	0.0726046032629111	0.2471001091786989	-0.0712368337854717	-0.1525680413660998	-0.002658155223353	0.0921500880074202	-0.0443293614865342	0.0230835055639083	0.0059935131357174
21	-9.520830598307024	2.8312454182062483	-1.7205177726786307	-2.5420338866514527	2.2925888742986142	-0.8131835721405234	1.6961935889035438	0.8294353824453649	-2.105864465867474	-0.5738396329844275	-1.6900418248348874	-0.3007037150298056	-0.1187183090886022	-0.3090543880390985	0.4663341120186112	0.4267721391242999	-0.4069295506312421	-0.9910912793450876	-0.1611055254496193	-0.206273511558903	1.294723222409345	0.9968691900522704	0.2843850944475182	-0.0205466295028213	-0.9404395006205644	0.2965362338818861	-0.0277623148238702	0.0507358870012731	-0.4203254581539985	0.1388750326774574	-0.0044199410774417	0.1983559772395731	-0.4983531603907434	-0.1301584482613023	-0.1590422021159291	0.3688363177256994	-0.4050396546781043	0.0077364634479197	-0.2753894141944078	0.4940248651238823	0.5966134440171179	-0.2232795287590962	0.0827278938338157	0.3702795387956198	-0.0808453879648982	-0.388487784086529	0.3186543301096908	-0.1593230341955897	-0.329551093093726	-0.1573105625528927	-0.145800094417887	-0.0993814723278936	0.0220239339152521	-0.103915804205293	-0.0646954885405281	0.0141642130385947	-0.0425836196575245	0.0837002002733476	0.0270279449149651	-0.0021030902266906
22	-4.296851472852372	5.637644931431817	1.279723677966777	-1.4106001184448358	-1.1639759474792957	-1.706326897062791	-1.202214671437556	-0.3039364019052268	0.347337016073599	1.0859664610982038	-1.9439340133803216	1.309965945237292	0.6448277025685665	-0.0110642384676562	-0.2045305521934897	1.2699489177004195	-0.3100111685192662	0.0975951489158576	-0.3721411149835343	-0.5803026163677811	-0.1090792974513703	-0.5162764591282321	-0.0237873730133131	0.0306862578356534	0.4474148255846066	-0.3840232187677844	-0.3439682952992615	0.0209830843516901	0.05263192965182	-0.1342679078790369	-0.1332826510986934	-0.1975020010886188	-0.0744828058313883	-0.0856182762598888	0.3416425999342141	0.128866813311119	-0.3277277930802181	-0.5354039818703711	0.2426631016721003	-0.1363885301312498	-0.0011290618007474	-0.1086316403809073	-0.1813568482417039	-0.0272104180663755	-0.0389656910116881	0.2126711006683463	-0.1510606231425154	0.2792938181711322	0.2562523336017299	0.038190853585424	0.1062922105161242	0.1324492639700585	-0.2313150990939312	-0.0429940522681474	0.0873574282199744	-0.0486164078090272	0.0583486152037846	-0.1451973250223312	0.0881971857792031	0.1015766865765676
23	-2.591593121227791	-1.892457394590895	-3.153768220263823	-4.463276208448078	3.390400741413545	1.8173543685817408	-2.303251153744492	1.145839833439445	2.102487063330816	1.820694950153927	-2.911455288015244	-0.2067183961634053	-1.6605203540869289	0.9586600370960364	0.2854349812989328	1.0006174281425926	0.9180652540910936	0.1688999134549068	1.2026795398090375	0.7621793108516186	-0.5705976622474211	0.3567524518003711	-0.6339617626479604	-0.6786786446737455	-0.6865456138025531	-0.2713438503773275	0.6300844345121689	-0.1707084174910195	-0.2033490407227968	-0.1709376586264897	0.2415639373749273	-0.3285066471785829	0.8547149390091879	0.6947465726089996	-0.1558714623006938	0.311351200012445	0.9356166077657194	0.4852453520168871	0.2873297419989249	0.0227162076157817	-0.7019889364299031	-0.7638769492918234	0.0640267647658549	-0.1391273072066645	0.4411707663347864	-0.0293576682828048	-0.1851643579072895	0.0268130725825239	-0.6811365275095226	0.2233604032072159	-0.4517229980506014	0.0874297409254838	-0.0079808767159174	-0.0437348264646371	0.0181644900294538	0.1780367446562026	-0.0639489967595348	-0.1534719515869549	0.0464855246961029	-0.0156545516835511
24	0.3313528152780604	1.281237652617748	-0.964442846954261	0.2496876327295288	-1.156476560316562	1.4253698310717988	0.3563341039440723	-1.6062428331154268	-0.8716771483227628	-0.1609156043154085	-0.2755482614827276	-0.6717002008327407	1.4761126558952269	-0.3961299682084037	-0.5130985946108575	1.0369470135392502	0.5875782777992051	-0.1059566470097613	-0.5216332238112712	0.4551811589947793	0.6493458221312399	0.3859017151328061	-0.3249899751373031	-0.2017733521944962	0.249666430552052	0.1338628292819942	0.2361751989781267	-0.0387398039545283	-0.1674585419480644	-0.3098899832341757	0.0762862281793123	-0.007552752553125	0.3782037615198356	0.5060161131232239	-0.4703048652424568	-0.0716493165954235	0.020422624225268	-0.2696448698033898	-0.020946187314193	-0.2388768133766682	-0.0684273326316535	-0.1173168740093314	-0.0397505159009537	-0.1965685952055251	-0.5568121638618438	0.1537321458341737	-0.0829664338053595	0.0949767522134986	0.1348415892784721	-0.0899392830932408	-0.0802811650365337	0.1407200688309668	-0.0125031200525758	0.0354779492143479	-0.109556413018836	-0.0796586925478752	-0.0598099468918621	0.1020866836245331	-0.0307430853603659	-0.0245060648251871
25	-2.523452146858192	0.6034745897976362	-1.3375741610722836	-2.781780625815306	-1.285978313906021	0.5954736573026651	0.6072006457679022	0.2018026576224489	-1.9972650878417764	1.7025537540758962	0.3491015443772403	-0.1857499031243077	-0.6899385236420387	0.6753063284187671	0.7633243109084724	0.5051510905557914	-0.1101801621191941	-0.7376324051703661	0.2286087744982042	0.8984185473250517	0.9109363174746336	-0.0454747158263606	0.2597870705170588	-0.4138208871827299	-0.7977868576698182	0.0710081746300338	-0.168767910576899	-0.241259942048838	-0.1345295802180627	-0.196517620119225	0.059116363324537	0.3744013865866272	0.1422216989249593	-0.0216366571351003	-0.3841969510849283	0.1414953250560908	0.3801176860732547	0.6003569784546458	0.3225116897811341	0.8444376147945336	0.3920768298975748	0.0211662185396119	0.3114607603879114	0.3134381144738078	0.1981606613614716	-0.0918608239830096	0.0292434789975836	-0.294683138464844	-0.0646333534228061	-0.0251866554405211	0.2734577411241813	0.0947705301924119	-0.0405626072888878	-0.2489258598650935	-0.121856140421581	0.1062992234000647	0.1162229192073103	-0.0061259091939277	-0.0260213585803847	0.0226086923871313
26	-4.477057668080992	5.369488155092419	1.2343015942884583	-1.4672112633148924	-0.9839870309503688	-0.6312978641377603	-2.7557519874625367	-1.246769373876048	-0.3589489206777195	0.4811618715785585	-0.6837565584706912	0.3856670036173919	1.704891797618978	-0.3089235577036374	0.1335676339012428	0.991501235095808	0.1375858930943567	-1.178846326303296	-0.0760882168868956	-0.9229659074926284	0.9946224285935592	0.702335271302813	0.0631994204928648	1.2222634175290488	-0.932363623107514	0.7564122181749874	-0.0909309928950842	-0.1058152747251652	-0.1576969207378711	-0.3154983361893786	0.0162554084721203	-0.5485429370945336	-0.3071122864355169	0.8207273228566186	-0.0314002464778569	0.1655476217633547	0.4566925937199572	0.1962610470781994	0.1524251518284074	0.0701539989073615	0.4399297796763826	0.2556571626039607	0.4765595897427039	0.0064855155239699	0.5422296482331797	-0.1078506654057199	-0.1928438221059633	0.4630129525924005	0.2500475281879391	0.3484769886965668	0.0833051286511534	-0.0712416258431084	-0.0295958794079711	0.0651539291434071	-0.0869767852502206	-0.1429514313722004	-0.1772625187723672	-0.0200456204831175	0.0576627048630033	0.0479040557535732
27	-0.0710192479317797	-1.3376580539831822	-4.482849746653751	-2.730653545992956	0.1241003373253188	0.555868387417803	0.6213176485577085	0.8055479275710928	3.108457961800017	-0.7274718335061774	-0.1143467838394445	-0.9469478683567316	0.1172548418177297	0.6665745875936383	-0.7699474509737978	-0.5416418793425206	-1.2734765136892472	-0.2951914497781486	-0.5632818690066724	0.3339742676751226	0.7966241137126266	0.969674330655238	0.0503092038573332	-0.1576346618113421	0.1854599233900123	-0.0922536992207619	-0.0860426832029704	-0.6735623238816498	-0.2544491968697258	-1.1311598590313592	0.4786796005200281	0.5688416042992965	-0.2995701744755402	0.7420208404584555	-0.2953514704677457	0.2286976462093154	0.3975583544069913	-0.2362887233253767	0.2687983107753796	-0.2672957410203573	0.2586992180200082	-0.4778306223137906	0.2892738595253932	0.1223108010672804	-0.2748339121694904	0.0800760741687575	0.3266494657111869	-0.1404010944701842	-0.2228045101322084	-0.1596307262545897	0.1248309959998436	0.1168885130540142	-0.0020499755498592	-0.0505239667791549	0.0831160795719352	-0.175121505170727	-0.2554195561202465	-0.127852633137068	-0.0339972183743173	-0.0408619798586827
28	-6.13555510963342	4.984773557331514	3.8132008512480415	-0.9263844556620006	-1.2759485001954032	-1.100976143808423	-0.9488618944096808	0.5958038684538123	-0.1070105681853042	0.7597794646474112	-0.3549944292596189	0.7272689617612589	1.0457297367294949	-0.2441049334131144	0.8589619382921221	0.4450212141451779	0.2105745458189028	0.5889045492806614	-0.1709243326519665	-0.3179213796489122	0.4351265107364718	-0.8898013473845855	-0.1522121400040052	0.8383807934346411	0.376689203219158	-0.5583393004156005	0.0574680193938654	0.0858360932940044	-0.1394249720095307	-0.0091243638467807	-0.6385374949679168	-0.4487883009110499	0.0544027859217717	0.2492581995686076	-0.0292327434953029	-0.3320761195671915	0.3613442114078873	0.1173188015337396	0.2804243267533221	0.2133651703374688	-0.1390383219307107	0.0742005643865119	-0.171113983907604	0.2972181198653969	0.0243307036326711	0.0688465575358219	-0.275664512829041	-0.2843675023474333	0.0382303905268003	-0.0408869143062324	0.1179806883993074	0.118077175032438	-0.2612578108831747	0.0823300926291245	-0.0713811919042363	-0.0506374083235492	-0.1514353060972671	-0.0651556827391187	-0.0100152555819451	-0.0044774422333244
29	0.8317512203894749	-0.3842635984659981	-4.441385628711318	-1.994330985485656	0.7798082536988326	1.239962980656942	-1.3402628579324891	0.1382021181315078	-0.2919779543189219	-0.9703208985452584	-1.5673758539646705	-0.5495473547687084	0.1091421645389131	-0.3463260330586001	-0.1281626501006892	-0.043580803275037	-1.1691729833521811	0.8332133393669744	-0.7683206566140116	1.0976035459926543	0.0064308899755188	-0.4478205596843221	-0.8337805281516344	-1.4218470336115243	-0.4879626253742317	0.3139086574244134	0.1886532673739543	0.4355107898387071	-0.1619525992785375	0.1468015948578681	0.3076445734059495	-0.3207355936083083	0.1666620843999965	-0.1219386523601469	-0.0284928991899101	0.2313207425924034	-0.2076024079876244	-0.0207451585698357	-0.1717370060327978	0.1815873017282769	-0.5118433172659327	-0.3209982011694123	-0.1129267507571654	-0.0740573162488013	-0.079359978510324	0.0585469931069657	-0.215728799937111	-0.0027514050063555	-0.0208383505614401	0.3015742197795754	-8.120504104916112e-05	-0.0132895743845025	-0.0467611437211647	-0.0465235424448921	0.0642712501356521	-0.2152733114765374	-0.0673395818155544	-0.0340327325052878	-0.0079456850055682	0.0057169249467715
30	2.2686446837848626	3.1068637610058425	-0.095169259497688	-0.0887709758655623	-1.1088252886063352	2.4726606735035164	-0.1886747022466003	0.2771613643847433	-0.8860487388772438	0.3860139767815292	0.7570933386705725	0.7596487008434873	0.3162464606140915	1.6142434507945451	-0.4834773412709544	-0.8591776676238654	0.8377578551709666	-0.1006471417728297	-0.1158120021012343	0.8018700510537089	0.1296667169083882	0.5013639571187102	0.2651296950178564	-0.3498617299073626	0.2065641673296536	-0.2233385229949979	0.2638561039908165	0.5239928570032222	-0.0630821894805977	-0.3105269089930726	0.7645469622436901	0.3358039823491041	0.0979109710329005	0.1558940893050194	0.2367607013412354	0.3368611186464086	-0.263102828096149	-0.1232718045413151	0.0346840106891051	-0.1360430027156131	-0.8515569677188026	-0.0716773187731333	0.2253480427066908	-0.1347362588212875	0.3016784753088432	0.0290736850045533	-0.0245675691471271	-0.1981993230338455	0.2220000464286605	0.1202218008086832	-0.0470881401784915	0.0342839484147245	0.0464727856163604	0.0419679690241286	-0.0350959177858243	0.0327743475197874	0.0943473554322268	0.0113690508840572	-0.0023467004031451	0.0256063537547069
31	-7.105447872795187	1.5687772590681688	-1.8999499766358336	2.2745556800010336	1.6972788606657845	-0.1929295495632952	-0.6642690408406146	1.79743789040438	-0.715030774811632	-0.6402099349814905	-0.5135094698374786	0.2724639430548633	-0.7801750094483776	-0.4003746131803944	0.0793442244106607	-0.581121979297422	0.6242336565397119	-0.2626602337394045	0.1156680733021805	-0.1762162530773166	1.2406038415833605	1.12214959599576	0.1353566023502179	0.1268661344025316	0.2476175058418399	1.8735480649059484	-0.8753462027679731	-0.3801630750182738	-0.2125948778145142	0.0549162598175988	0.5863840781814978	0.4501032031721787	0.0866349151853103	-0.0019611272913867	-0.6419115734399992	-0.4830785571742272	-0.0032159074613195	-0.5809919720318389	-0.0168669598598149	-0.0039653114376946	0.2800868766128183	-0.2868335806510111	0.0192511687093936	-0.1349100477342736	-0.1108508857962136	-0.3683543400477202	0.0824969232507382	0.3170017002944946	-0.1853263359463867	-0.1285777535134945	-0.0944408175043041	0.1280907127443931	0.0456681025655188	-0.0098868026879751	0.1500329647764287	-0.127808933062689	0.1047116366824119	-0.0497731519040668	0.0076927958765876	-0.0262539789257418
32	-4.856790215193278	-2.295681917140689	0.5540387355964422	2.8514489663294333	-0.386285775074571	1.2116255217616236	-0.6582848580635628	-0.3044622117367493	-0.2109206639569471	1.6026102874116916	1.502946522698709	1.708173669836922	-0.3573337169628949	-0.1281386936983148	3.247290494088633	-1.3145699655247949	0.4207569322622513	0.1394245242463134	0.4931881342920553	1.0684057020427624	0.1052254341140192	-0.2637068278463992	-0.7524973622464284	-0.1688142439650427	1.4192575683986624	-0.5445634828250232	-0.5781842922132883	-0.9756127513497438	-0.2112241791749111	0.371803478579265	-0.5931847692497617	-0.5132295240593028	-0.1496804917191966	0.2492728747861801	0.4506053307835337	-0.2721743514312369	-0.0088174939231791	0.5717222770236168	-0.0267522600947942	-0.3463976982321398	0.0625581413939559	-0.4434112483898741	-0.2307689391109068	-0.4411850567905846	-0.13757649759653	-0.3829041646209621	0.1450744912406846	-0.3839600147053366	0.0323365151889017	-0.2360860455272482	0.1263546105221655	0.205533581466307	-0.2242466593264188	0.0130579572702337	-0.1786939974644155	0.0929592183407353	0.1500896181043468	-0.0365205263332361	0.0822882559390707	0.0063640180972535
33	2.049679565032836	-1.525246384691738	-0.3082443279564125	-0.3761858356288561	0.053098411316269	-2.6866208825455344	1.2325599559580585	-1.0026531500429663	0.9069427329348928	-1.1336828627718765	-0.2238519575212716	0.7857559456750737	-0.5210329474745635	0.2297075505790511	-0.3305139287026346	-0.2043539500605143	-0.3890346182465785	0.3219181716773218	0.0506931295424765	-0.1225266596415352	0.0706641458636617	-0.4799343646098898	-0.0887928278333109	0.4271229557577837	0.3219193888246845	0.2172404813924274	-0.1303396478970472	0.4210147386137606	0.8519707193098542	-0.288443350556807	0.1075650950598919	-0.0876939810763304	0.5240565513624101	0.0612581110732878	-0.1363871689852287	-0.2156985038103188	-0.0143900416316496	0.1059610700239673	0.0566115889058737	0.5219385023826401	-0.0287062780948334	0.0979469973311927	0.3052215047743242	0.1936188675059869	-0.1889570534326307	0.0226508508861713	0.3407722671056699	-0.0890139479194623	0.1628415249858787	0.021722920730323	-3.2408966019599544e-05	-0.0946975424532315	-0.1640225377485262	0.1712964617272276	0.0694660413841847	0.1366358092953393	0.0958206413239935	0.0487779684433956	-0.0185975868363739	-0.0053650587645341
34	-1.1409333245220528	-1.9495770623672848	-2.105025387765177	-2.068375821274673	-0.1876426516514652	-1.4496730797614843	0.0693450494057021	1.2113137794580953	2.3717513624921103	-0.7461162953592074	-0.9554143240434712	-0.0458308842930301	-0.2857699351321489	0.8841563888596425	-0.4978670154815925	-0.199084244951017	-2.2717371204700867	-0.1985236163834687	-1.0807337524887108	0.8018331629401981	-0.9421161194002132	-0.2024399278770338	0.0557445825871479	-0.1121305833340853	0.5516464767133411	-0.386819658730599	0.2595731572102147	0.0825437951237738	-0.48718920441463	-0.8597508818853022	-0.4026819223160566	1.2179158755949684	0.4808341191999618	0.6972242806379049	0.1868315179561556	0.2173399982149456	0.4636618587664503	0.1054202640942017	0.0242774772251765	-0.2692559388897476	0.2233694721711831	-0.1866510054002444	0.0120740998184494	-0.1669278763719946	-0.2053358862138153	-0.2260403427871159	0.3541440266328307	-0.0819242037889158	0.0194594791177656	0.016347050082653	0.0823433262909125	0.1288944327421078	-0.0756461921999923	0.2295343894858818	0.1301716819203832	0.0943364306527251	-0.0753235862446752	-0.0500545591057212	0.0081569675815236	-0.0286260646058322
35	-2.0050149343831345	-0.2578542273848663	-1.5013669454088348	-1.4930833748225918	-0.6933027645628169	1.2446215585291307	1.2614024917182722	-0.1649327559341597	-0.7581033127175663	-0.5566540007232089	0.4745040291290869	0.6088889450600796	0.5848039154169966	-0.3275287644174627	0.0161648386647111	-0.8406963559134053	-0.4919810087984668	-1.1722042468986678	0.4984893306546971	-0.2087130472418188	0.3662222159589954	0.0699250115124811	0.0206510254491863	0.0939043668522041	0.4933191574031379	0.2081048111392759	0.260337474979232	0.4427106016609127	-0.5114973914027601	0.5213175648242885	0.1575148857291779	-0.3509956030944846	0.5031899790560805	-0.1332924306045479	-0.0746095594623154	-0.4087573955359778	-0.1095893272568525	-0.3011888441743795	-0.0153059185434474	0.027389947484277	-0.4302322240828231	0.0912560439586423	0.0912547435089328	0.1892684678294445	0.1382594467857117	0.0513077446619444	-0.2315611706003979	-0.1334443832277562	-0.1393955097748458	-0.0657889095551342	0.1227021182627669	-0.0450176325557003	0.0102867706046446	0.0767228515046689	0.0688659197310303	-0.0760038689239896	-0.0464753375428345	-0.0024320520000545	0.0253443154838576	-0.0131190038411378
36	-2.870295218176332	4.44522012376503	4.239309036103804	-0.6832999497086607	-1.5322042358966017	0.0780578775271767	-0.1760555016087	0.0587579998330247	-0.3674091401069029	0.3281998729585668	-0.7035991478887741	-1.248253060923158	0.0147721227886029	-0.4925249287309871	-0.1847814401437824	0.108248602847328	0.3991584080235009	-0.5712160597704341	0.4670682769448063	-0.6188906792948405	-0.7811950461359315	-0.3541706571310551	-0.0764887714028663	0.1276095225351703	0.3112368813245179	0.2574661900080748	0.2699283453425647	-0.1612642291419361	-0.085927431773136	-0.3294605061352138	-0.0807294207813529	0.0420993523738208	-0.0908105756685448	0.1028982570531998	-0.0054759193345799	-0.0080041850013301	-0.0088327959539233	-0.2595737082381623	0.1294264072065858	0.1745924557616814	0.3044826000975099	0.0302771812533719	0.3718399370120099	-0.0074197199454747	-0.0456515454158581	0.244377331141586	-0.1760338472231976	0.0530212102943694	-0.0435862548322729	0.115372089024368	-0.0205193569387849	-0.1339711545668261	0.0172559788472259	0.0177514578725487	0.0134466852422413	0.0370482521176741	-0.0195587755377722	0.0355829490264294	-0.0082921363948346	-0.0124944592095081
37	-2.3071007770641203	-0.0876568616691188	-2.120985726612086	-0.3190853132588678	-0.2868929965167887	-0.1959358909242281	0.2891736566172059	-1.5620105996524822	-0.6009482450110804	0.1122536298633631	0.7993056548723266	0.3583426893470228	-0.0463311190475303	0.7211056981424554	0.289920235178743	-1.1228683717047885	0.3698722367897873	-0.2158837021248925	-0.1514138948326931	-0.0079226272099793	0.5258252220260395	0.4170288143636038	0.1177245559819697	0.7495598600836545	0.1925884641871943	0.5257339677814084	0.1180347965019559	0.3292913434278713	0.0442456204630181	-0.6561649530650884	-0.0241225086591067	-0.4122960977026941	-0.0918301252360276	-0.1567345224368181	0.1373766859985151	-0.003477887955038	-0.0429853862971547	0.7529522736677896	-0.2951085249437131	0.3665647556413683	-0.0246408110916081	0.1093828756765941	-0.0924367360455365	0.0919813818955716	-0.0530145524991745	-0.2435569817581914	-0.0199947519781281	0.0512411870997233	0.0514948561716316	-0.0569179857224072	-0.0573227988383744	-0.0353086323235679	-0.0535491344741519	-0.0742050143014165	-0.0857731669773476	0.0693558072010396	-0.0453354822170363	0.0327460366652559	0.0317886912609361	-0.0360577042104372
38	-1.1739668485870414	3.634514706448285	2.0961508883425224	-1.0948669317964543	-1.6257528130039185	-0.3462795507070508	-1.6975983025150438	-1.1433034647682874	-0.6469732029728332	-0.2483897135987623	-0.882137706242049	0.7273993414546623	0.2925698177053561	0.413496293446367	0.5709544552077116	1.177419033570985	0.7854710957374916	0.2113880356746208	0.4757996822418883	0.0144089311883022	-0.5727872806394388	0.2208301541929406	-0.3545842653705129	-0.6704716353258418	0.0114707091719517	-0.5402888729275725	-0.1594709108600144	0.0016493640162248	-0.0528085140228059	0.2742964610225945	0.4330059705537111	0.0529357586966902	0.2130184820131971	0.1429844971292525	0.6476323367499295	0.1860600814454189	-0.2696838870103321	-0.335561599720681	-0.313783636772129	0.2380024620772348	-0.0391690013030463	0.1894418802049016	0.0300361282553649	-0.0030741800565606	-0.3157902734858442	0.0609067303321067	0.0273184738852929	-0.1730806151142423	-0.0564033359690519	0.1280598780176303	0.0156411043961371	0.0262513818351594	0.0651898712118875	-0.0898478415523052	-0.0574953269459555	0.1802571097082455	0.0811574306398101	-0.087899022985103	0.0163436560041072	-0.0753436447183202
39	-4.0935887549351255	0.5963907269299361	-2.06731457538731	3.3223109100341546	-0.5192664640811505	-1.3123230212203505	0.8781449085496152	-0.2567122998174254	0.4977023596079271	0.4632862689749513	-1.4535733945674336	0.7758339136806821	0.122106367149679	-1.3180547494397217	0.1748271128893666	-1.8392319140207791	0.0433556033688371	-0.7845009186935752	-0.0839171691879556	-1.1492661543394405	-0.1207358564995192	0.1399087847128137	0.3724291912933479	-0.8235517099450209	-0.7851125140394493	-0.6217568715975922	-0.6408480547729511	-0.1653865515608518	0.7188670837878988	-0.2654998988758111	0.8378256911416843	-0.0407707009297465	0.3912178413452595	0.2054233745581228	-0.1688311411918291	-0.0018755313386325	-0.3371187077241218	-0.0821257019482833	-0.0502464159615788	-0.0905284480523279	0.3421377794219443	-0.092330750307938	-0.0332887208554555	-0.0116472794178998	-0.2157575290828171	-0.2730835873761739	-0.4669730831209532	0.2459399172673571	-0.1446184526464344	0.2194874329033201	0.1422678050368856	-0.0178598258699155	0.0284357194840434	-0.007897321601446	-0.0115536834967884	0.1765381074005041	0.0945664372240765	-0.0496489679245394	0.060899024802419	-0.068990732793193
40	-1.3483888221404825	5.075040166462377	4.983530475013777	-0.4084332983173869	-1.32688573019008	1.598828884117364	-2.5912668924273063	-0.5525329147016159	-0.8161745202551731	1.2059974919034604	-1.5944406062920533	0.925121070969067	-0.0824256541277149	-0.0009308564814721	-1.390003617216938	0.4059648924529289	0.6506345839876381	0.4619913347952171	1.3144129478833295	0.1796685320393397	-0.4280356444756678	0.7547111212242299	-0.0633566597816337	-0.0236943028447418	-1.013148248812764	-0.3527460387581819	-0.0752564784057349	-0.1491238132762413	0.2334688126801957	0.0478359068900342	0.2908017983524348	-0.4453539027940576	-0.0322798920667887	0.5067213156035145	0.0822111305171159	0.3757438035239998	-0.4005047996711067	-0.2511558297932034	0.1761240356891219	-0.2062248925914865	0.1195787285654428	-0.4187703354564771	0.1219206076886361	-0.0508877255066679	-0.3948366518632544	0.0373957020735564	-0.4277316684685185	-0.0314965581317692	-0.0866599084748264	0.1573655358424003	0.0457400992955594	0.0237932924932399	0.0421218780454407	-0.0678989883394931	-0.0426477596576273	0.0136955325361803	-0.043409436425246	0.0258374434803034	0.0377141033643261	0.000420527114762
41	1.6224071438255403	-0.0887098065468428	0.1322690330769199	3.3332965435032462	-1.1423341441597008	-0.6069475469154522	3.030912070461367	0.3957731932737324	0.9725874932370848	-0.4912441672628351	-0.9434900846178952	0.361481682688247	-0.1504629942671891	-0.264440604152162	-0.8073962281035817	0.2312264275751943	0.0332606347504898	0.3189414950929099	0.1642972314710189	-0.1769079371603691	-0.3468516170949892	0.2678511292642404	0.4203432488538883	0.1521245981848262	0.6596430787022379	-0.4161692710762311	0.2190526561019573	0.6253000053813382	0.1463665630980118	-0.2462263305923638	0.247203765108645	-0.2987068083505466	0.3884039797329701	0.1887861632638253	0.0545488969209999	0.0558123094569312	0.0495437435746089	0.0983299929977669	0.0111819794292003	-0.181858256069981	-0.0560115172474704	-0.1132595437942792	0.3623073784610189	-0.1409485916058157	0.2907058665750834	-0.144376626146057	-0.2623691517305676	0.0577668952556768	-0.0161308667640211	-0.155223799976136	-0.040815579571336	0.0837877275946047	0.143882705760606	0.0252502918172119	0.0589231981045245	-0.0173292960689576	-0.0384748891522116	0.0206793152049659	-0.0157869903422922	-0.0187492807965824
42	-7.313450269168067	0.6609358308358605	0.0574098767056042	0.742842594942143	0.7410068235381901	-1.3618522294923263	1.0128690457197609	-0.7833713218027925	-0.5498939856404087	0.1263844025248056	-0.936973035874342	0.2453843545864168	-0.4346904215570759	1.131407635159929	1.7330310958804225	-0.6042923298430707	0.0901692045460562	-0.9973547877057808	-0.0717325116237589	-0.0124263947467085	0.8520734927269721	-0.0459223267248607	0.7178047980370248	-0.2572427872372226	-0.4935131221231852	-0.3657338618837121	-0.1088323413264627	-0.0200949186486067	0.7443974322345226	-0.3146957326115601	0.3745848685909113	-0.2672071046090836	-0.2297067818452438	-0.044458883603053	0.3598702983023126	0.061132430794307	-0.0875863823208715	-0.4368889222411753	0.2593549191101008	0.2428025991991757	0.0683154409439767	0.3670080823808074	-0.2662559655040216	0.1350630833845844	0.0630182213986461	0.4342442960291824	-0.0361537047326789	0.0394010912539586	-0.0775729170450221	0.0077015677888436	-0.2190636110775966	0.0480356723788161	-0.1408148834229194	0.0453261858550736	-0.0574356273547432	0.0107506680959417	0.0084557003254607	0.0194783412052278	0.0121225737832199	-0.0176402019393037
43	-2.093540524894303	-2.7286794570440143	0.968220500794534	-1.0484524112891331	-0.2641998317317542	0.5675261486139207	1.3322736358686806	-0.261242552674208	-0.9076273752289196	-0.3510001274803065	-1.2223365504668633	-0.428227883709628	-1.0447048100841396	-0.0984065077588399	0.2573611270018845	-0.299103322794649	-0.3237018653985289	1.359927705652281	0.4392816019609915	0.2362498030126214	0.7212513300246589	0.0983873949306198	-0.5406279697309121	-0.3593099677735046	-1.1134472583318795	-0.3313894466343029	-0.1314475805815417	0.0990246646846918	0.0830346241923678	-0.2237964743135402	0.2724644915655161	0.1603853533415635	0.5625500539492653	-0.1991512984557577	-0.1101634404875152	0.1785505223236433	-0.0060276956142375	0.1031049733484667	0.0726595470832129	-0.1223132829535728	0.0181531394448568	-0.2630547321870121	0.0862910938134859	-0.2558064615257926	-0.0625619989509301	-0.2431946450857493	-0.2097206903524601	0.048243959157792	0.1164755645668456	-0.0779716080198613	0.2813896612972303	0.0042699311422763	-0.0448573825415187	0.0199842764231976	-0.0421133313917788	0.1241081326256082	0.1365206192424089	0.0585160596677527	0.0091826080476511	-0.0086901567534768
44	-0.7811516529087162	-0.4386396580485413	-2.651587044875709	-0.9579256587106716	-0.2274038838561649	0.1715412066739494	0.0748767498706495	-2.5558639736657023	-0.3570952428884578	0.3324344052438777	0.6556183625989327	-1.5312034865952844	0.5176433431682966	-0.9750921440992658	0.5661062726781888	-0.6037682165925091	-0.0745486867608947	1.2353038186367973	-1.1309990612813272	-0.4324921834785313	-0.2057542452871225	0.2480195938748739	0.4416123865192931	-0.7815022040481879	-0.9142771703454404	1.2252314643969482	-0.3995098414297172	0.5186566983672051	-0.3097952814197288	-0.7214898068858443	0.5265823710708075	-0.6584006281774745	0.5092642669396354	0.4318447527647241	0.3999507454015631	0.6665585588221996	-0.001974033867627	0.1814903357680026	0.4944048150889508	-0.6234135371363638	-0.5911016407125851	0.3863286007632738	0.0341235695929095	0.1997407873468084	0.1076058682648171	-0.2620722445576745	-0.3649501423761693	-0.0449744737898238	-0.0206619846213302	-0.4958909817782979	0.2631874200121956	-0.0897019559819715	0.3213031373679331	-0.0310976515774596	0.1323729862719102	-0.1079387504260912	0.2356247141688543	0.0147213051007408	0.0798152909769174	0.0342711611770881
45	-5.389461296340865	5.114856369103394	0.968431303029011	-4.888163528584723	-0.0044173821983274	-1.355874142197212	0.074096735299924	0.6383488381916881	0.8969241977903067	-0.2747572116222653	-0.0450325614003306	-0.0070859208137266	-1.225640984947937	0.3514049728335404	-0.2110409593124723	1.2024167870113929	0.4577322649453939	-0.8665038918795388	-0.513878358337242	-0.1302927013508739	-0.1035711375238904	-0.4622893391247245	0.0174901084637789	0.2612710572204078	-0.4908097454204404	0.7731226656721706	-0.8321087246898382	-0.1130766212057526	0.4155635571202743	0.4577991196720878	0.3152535787118096	-0.6731968440766605	-0.7354500601006515	-0.0738314225125126	-0.2003332246710821	0.1940482976904958	0.0732493307200643	-0.0683054505967387	0.3136247070630064	-0.1122124845089536	0.5088776500630715	-0.1482743444585983	0.0951641106266294	-0.0099668425623974	0.0026814263685699	-0.1512274277429942	-0.2425236624470305	0.2367969555334416	0.0268390878930359	-0.1741244742089411	-0.1036491682708391	-0.4240650216587549	-0.1698786959019398	0.0392234558273602	0.0427959018743925	-0.0025492122511416	-0.0759979815935744	0.066569122935643	-0.0598310286761361	-0.0497168386391874
46	-0.8241095225113322	1.2533948218492112	2.6889374371136747	1.6512032338227989	-1.7323908215406183	0.2993632115017599	-0.0416854925664125	-0.7588903641038299	1.0956575798904578	-0.0081970457691707	-0.180851734174445	-1.3213369667094526	-0.5147923275069093	-1.0331585833868209	-0.0265061262062554	0.5461960477803017	-0.5732539443724864	0.2947545362093356	-0.3725389280982978	-0.1063590351794345	-0.2304697904785057	-0.7209121193125965	-0.6113096631474122	-0.3243112968143066	-0.5940992788110545	0.9232843590744404	-0.229425495532936	-0.20026398096327	0.1509142947011943	-0.5694185543750345	0.1657756646702445	0.0587200004583535	0.1298904166269335	0.1850571989817027	0.1474489811591186	-0.5109326012276624	0.1801611917728013	-0.1029970908912407	-0.2890829973168751	0.1706499031679429	0.4317304815937037	0.5799143923379019	-0.0845391445782122	-0.1935145711778839	-0.3171596965321335	-0.1202533603290979	-0.218391967119894	-0.0505781383021282	-0.1946783659519925	-0.1652010122018364	-0.0564061849523138	0.035515746980531	0.0022546538285575	-0.1160401045481329	-0.021670708654753	0.0543504986347689	-0.109911770761526	-0.0517022778754392	-0.039532558748605	-0.012426233473501
47	2.8064844627354946	0.6378228170011496	-1.9112287063215792	0.951120937542298	-0.018052317495294	2.398074665372142	-1.4256330927242438	0.5802182224522057	-0.4974656153456638	-2.10695688259002	-0.2657845200174201	0.396913785575603	0.3746162550363305	0.1138009151689965	-0.2304957151158838	0.4098785813577322	0.2544431268095897	-0.299702872250527	0.3503394071108585	0.2568158593454759	-0.5731701945689416	0.046645353160592	0.5168185893095816	0.5007085485472675	0.2460555459313339	0.6782081247314989	-0.6363071265879046	-0.3229251845173886	-1.0245770565342385	0.1657487943073402	-0.0026415538333875	0.0415562647116879	-0.1477732946832762	-0.0532101970376362	0.1847316991598001	-0.1100002492577602	-0.0473805005557632	-0.3182906139376761	-0.1448847068528465	-0.7750598736062367	-0.371462354002632	0.121388997900929	0.274417469361791	0.4169074253256191	-0.4802558336902222	0.3471174733430089	0.178295778596245	-0.0732452806608676	0.1437127441976852	0.1730145194129993	0.1817508696193227	-0.0690642238303945	0.0975341224569354	0.0329902593383403	-0.0250879513257774	-0.0130863382666705	0.0070587085562687	-0.0156611393216397	-0.0565652410946843	-0.0026062030025558
48	4.052192565516215	-0.8375748822819611	-2.5962732896277525	2.1968340430343622	-0.1827638867583669	0.7233231209802314	0.4007080317144166	0.5631338669486535	-1.3254927271659929	1.1991747847305965	0.0243709455636721	-1.241848846356968	0.0248401425784903	-0.855180028754417	-0.0658578342868859	0.0912477818657812	0.5298435531819039	-0.4953053517320963	-0.2383751968487773	0.4910354111297346	-0.1321615959792311	-0.0841121710389733	-0.7536980251483383	0.2964486606839962	0.0241026686303428	-0.2968685035253073	0.1463219172905208	-0.142829105561249	-0.2310192345912027	0.3599612667390974	-0.1989957270112081	0.5172116308543621	0.7297135899753749	-0.0154161980440013	0.2756451490712395	-0.3547073563197252	0.1125883279052773	0.0422883136386409	0.2238987540723066	0.2400469122667239	-0.0096677628732602	0.0650121165486762	0.1908559638784066	0.1325604269484453	0.0619624315106289	-0.1165468371769405	0.2725022209879381	0.1239504360564637	0.390448465629461	-0.1312968166376713	0.1156922094239843	0.025965868036867	0.1262248389436238	0.3005884222586511	0.0156620425360994	-0.0045869068944939	-0.0938131314298183	-0.0326705770587991	-0.0418199243236968	0.0271799552753685
49	-4.154013475729765	0.906406194321652	2.0237053404876995	-0.0846479873086779	-0.954099189279752	-0.112007058200225	-1.146277224351145	-1.0617160098744476	-0.5153956363985823	0.0726357313241611	-0.8155891448549094	-0.3403518677984151	0.1733515126260135	0.7048627001108557	-0.7640516312573481	-0.4308606380961052	-1.043028412199468	-0.2413467119056977	-0.1871491183674676	0.2652677380412206	1.967134642207656	0.6073288681328161	0.0046087367256763	-0.5673515669154061	-0.9613986785359978	0.8022966532357373	0.1573997108369124	-0.7712736340916644	-0.5112695088625128	-0.1718614528329217	0.2353665760076531	-0.0078601862354668	0.12428288859371	0.5104663963707171	0.2760372325519981	0.0930586767219719	0.0419819796898574	-0.9066150486434936	-0.2788730831448748	-0.2920833790735561	0.3965603518167984	-0.1140189453351333	0.1644801083822626	0.4712134841039116	-0.4694850956319495	-0.1963445692497556	0.0834591521524444	0.0935802265206399	-0.1860776601462912	-0.0733733001554629	0.2858596118087178	0.045749371573796	-0.075757769158589	0.0368475364293159	-0.0283091199359063	-0.1641285007772505	-0.0292747601039508	-0.0034068665875971	0.00731090326552	0.0032660530987226
50	0.8237201481595992	1.9473691857959008	0.7842717909919235	0.6768055423693106	-1.6226120943590088	1.3321705347189652	0.3577205518176229	-1.1968173567567293	0.2390271278766083	-0.1084065207421239	0.8646587239120137	-0.7879828575791681	0.8509999490571	1.4153454657899696	0.4368941191701855	-0.916578511816318	0.3537659599938869	-0.7357629074702748	0.5060067064858828	0.5321896824591437	0.7392632295137451	1.3525384457994507	0.623347039919668	-0.095347710125927	-0.2965239115072999	0.906054191682942	-0.4598185044022571	-0.1395463743663295	-0.4430139231378976	0.1461450885304323	-0.3770691873667312	-0.1043266444101126	-0.127887678886164	-0.0002595746270511	0.1044237177484881	0.2193212035228024	0.1416591072847289	0.0172641012789512	0.1402157575053223	-0.0256420824118305	-0.0358825469561327	0.0053722213173715	0.1171880790085098	-0.0607107074245459	0.2039894151830923	-0.183822238083311	-0.2339000637257737	0.0130407270219951	-0.0382367078841684	0.2333099297977536	0.0625007172940893	0.0678254021566092	-0.0325835224512756	-0.0251570051307739	-0.0090018885880006	-0.0107117322442585	0.0227685034394317	-0.023279777632367	-0.0311975013422183	0.0019487092561444
51	2.967720292033824	0.8804502969761142	1.6870274093339377	0.0685949905699109	-0.769434951775918	1.529883836084561	0.630551468899215	-0.2034564315309195	-0.7783621752099796	0.4519296529827335	0.7108133353188482	-0.2561138541498919	-1.237589993596071	-0.0964600470247566	0.4255580434819602	0.3958660450241661	-0.3282676000655626	0.2371966933442637	0.1265728435569628	0.4594439715324429	-0.2448661495589464	0.5069380918639214	1.5825106065099594	-0.0575008066575256	0.5163381840623699	0.2276457706956965	0.4710394620260016	0.2862049054571184	-0.3955842800688138	0.5011632344202647	0.0594290491029475	0.035836743895358	0.4002627061451567	0.3538108629405983	0.2706636516249007	0.0541186805707464	-0.0911842843763363	-0.1754057813688089	0.2348702899698292	0.1504987711565377	0.2337002979875435	0.0531746874543649	-0.0635151199607594	-0.1693278053749027	-0.0681758751416999	-0.1628312669875551	-0.1059235608133453	-0.1475130962026811	-0.0732070936498979	-0.0905351636380648	-0.0554329068693964	0.0984790039015145	-0.0724374892282379	0.07420027743611	0.0469063728604146	-0.0789584209268425	0.0558162879201157	-0.0519787953763437	-0.004633950931536	0.0013599740075615
52	2.578107454116484	-0.6221347285818926	0.6079501167492716	-0.8569611409112071	-1.1929813848826971	-1.93971885499436	0.6845545305188236	0.0038278742409498	-0.2818396682077409	0.4158446322559145	1.4979885518253342	-0.6831316406650403	-0.9202028047319518	-0.1184083884593338	-0.1391900576838453	0.5993207896880584	-0.7134595775750823	-0.1231118769237309	0.0037231037704452	0.5818066478510797	0.0063503925526922	0.4859458373059314	-0.4696869337504145	0.0309681261560987	-0.1321053038815425	0.7895599852702291	0.2325078245566388	-0.0969023689388305	-0.2367197802316798	-0.2122370104433122	0.2864329187624668	0.3475101307611253	-0.6058403110948959	0.1775378898544424	-0.092831523765825	-0.4197585434437385	0.1291612886603462	-0.0875073664222509	0.2632095340776491	0.2457674212231692	-0.2813869267918917	-0.2000212750519291	-0.1592344735586558	-0.0958019890044513	0.0186324211111081	0.0086188618949725	-0.0621287309815886	0.0223849293128298	0.0820963962803898	-0.0291807621441603	-0.1155215863317761	0.1098103984495685	-0.1011507130001533	-0.0633371591393298	-0.0204403653397337	-0.0133100161180482	0.0016010030064123	-0.0337919986053498	0.012303832812969	0.000474124828941
53	-3.6816492562859455	-0.1180514926630528	-1.8277414282405031	0.6526981226558518	-0.8112429009606988	1.1099416146723544	0.6024304265965054	0.0679326405077534	-0.6504048585954118	-0.2190802068002866	-0.3929495065696539	0.2673965470271906	-0.448958826926404	-0.9598095738986904	0.4763408967561485	-1.5984792334093785	-0.0247553955925088	0.1296572181624324	-1.0636798620438508	1.1241973381207555	0.3571755891194348	-0.6297415860010009	0.108576255561258	0.0067470777042802	0.4695677154133176	-0.5648586139687078	-0.1235714169873696	-0.4636825978820312	-0.0120224896614446	-0.1626786772510179	0.3719250569611629	0.2537116944128867	-0.3988607270294659	-0.255536479656723	-0.4662410419407573	0.2025733284886628	-0.0851323365296682	-0.5065429845244535	0.189562114394488	0.0745619160364707	-0.3385778051380341	0.1875238841903855	-0.0568522016897613	-0.0405754793185077	0.4761198922827782	0.0028395724402353	0.1667147184482689	-0.0247360051264992	-0.105617831208131	0.0786544320405818	0.053458439523502	0.1597583227505704	-0.1276665932127093	0.0487512635270232	0.0207840052984037	-0.0482942276789153	0.0145316948572611	-0.0136614044933702	-0.0171985589618623	0.0178699867847155
54	0.1033610702643911	2.382639038920296	-1.288797045141908	0.5197334668976819	-2.069468656797783	0.8330101309996606	-3.4662744646822543	0.0752802991701902	-0.6150418584496474	-1.3725864020855087	-0.7506000571297626	-0.2300705636721336	0.4829602813458366	0.328729910219398	-0.0900203249406066	0.0275527945756502	0.4049425385103694	-0.967165110377523	1.4471108680714238	0.3322054221975244	0.1452598879470772	0.065044308794671	0.1324126477956794	-0.8741969147515085	0.060459875884495	0.167312372962737	-0.2416525409644609	0.2738736445667203	0.4583463588357759	-0.4586224732809169	0.1007695800813994	0.1276009639523279	0.0057543333189273	-0.4077003153041441	-0.1191886563396382	0.4857456264925993	-0.0621620927107179	-0.0558225510716902	-0.2062589006048247	-0.3859056214727126	-0.4781438507680351	0.1878705315742748	-0.0877229093414779	0.4935705857737431	0.2259826705713253	0.0357420771104132	-0.0852753254450249	0.1014068482583777	0.0680716015075441	0.0639834924902995	0.1334993374862392	0.1250229457916169	-0.082131529062792	-0.1074918232644127	-0.0396581634712042	0.0256694867153824	-0.0135855152051899	0.026495760569688	-0.120781082513119	0.0172664096086463
55	-1.79019165051324	-2.1748353728721863	2.24164071099595	3.280509949263695	-1.238939888019022	-0.5290261808656955	0.2809676532824285	-1.084738255831362	0.2495954270417935	0.0628565681338137	-0.126684117449547	0.0504337613766987	-0.3542742770649656	0.7173547934102139	0.9115680810508427	-0.8305742391627888	-0.7613503593136464	0.4054930171201911	-0.36067152896867	-0.1824437917935376	1.3208646910932351	0.3926582148460615	-0.5195639782280105	0.165093863804421	-0.5661985979281042	0.2732291313271158	0.128573195844407	-0.0496722006362653	-0.0156327892952348	-0.4221315410132413	0.1620991082256154	-0.034073361109114	-0.0330643339072348	0.0159791637336396	-0.0715022898525613	-0.3470901821077785	0.2710632989150033	0.1715443340497133	0.1742493480828369	-0.2214921277900486	0.1393719254992399	-0.2409451684088966	0.1803694781293671	0.3720932238548193	0.075701973670776	-0.1362961742514001	-0.0838505075097471	0.0708313351242141	0.1124180353904801	0.0536998129857172	-0.0940292547622424	-0.1305372740987581	0.0633024792890674	0.0738800574915803	0.086297237350683	-0.0587050690370008	0.0370631175085394	-0.0916938596506487	0.0273583706989477	0.0322222917171997
56	4.568256499531291	3.3730552740513464	1.9734394438309344	-0.1239269418691563	0.4077238987687807	1.7649659825380486	1.6732676793035008	-1.610464193197715	0.2037416768098966	-0.5755157075902247	1.0037799288567917	-0.083683349399934	0.2515698657021182	-0.6618965326520837	-0.3591384039136567	0.0073807834966291	0.5719271644898803	0.7218663753477051	0.8285520021360084	0.5595757907794953	-0.2860230084712058	0.5270859236548829	0.3107918227750166	0.4977963696313748	-0.071006084567941	-0.2281732531125938	0.3041283633478482	0.4032320933879504	-0.1652069728847187	0.1699328039228219	0.3895731507948677	0.2229011097526921	-0.1363409489616462	0.3216074692782869	0.0062969125251011	0.1563123425664002	0.2229003745494532	0.1302002688925425	-0.3479915886730899	0.1053642397021949	0.1621143802277306	0.0984595014464884	0.1055921706440801	-0.1318722221575725	0.1840499533628886	0.1107786992193569	0.0454762792665144	0.0374782591581576	-0.1754289786565216	-0.0639253053342824	-0.0496436031974122	0.1089733068861189	0.0012248337168697	0.032452767277071	-0.0101115767711587	-0.0753598774507392	-0.0463230101619438	-0.0156329390815215	-0.0332143192552616	0.0029282424453409
57	5.0937390888961165	-1.185382625123224	1.6184185223105827	-0.886968519259149	1.2378987653894542	-2.410031883576476	2.44492690971478	-0.946320110269006	-0.4720073662063749	-1.2515156038863011	-1.111488323464766	1.5148083488994633	-0.6715727564629975	1.4961729837381372	0.3876490841546474	-0.6993762861224228	-0.1556691491838002	0.1737327227562917	1.0406712720599436	0.1342985279860387	-1.2593050511139725	-0.3767290309916973	-0.246115940489295	0.5999039248783717	0.2366753944504949	0.7183310758826376	0.1120739776781099	0.1229903231181817	0.6961608048902187	-0.8806256469081711	-0.2822008801288987	0.5815453305869654	-0.3279247284431243	-0.0520095190156788	0.3180473517703377	-0.0584689170999533	-0.2357763396858718	-0.2588963131237032	-0.642927112212854	0.1946804485776535	0.2655296261262789	0.067059558891555	-0.1578203369361422	-0.2386325415051935	-0.1599015609236565	-0.4483344532283918	0.4567177941359583	-0.0498715888835525	-0.0522028719677175	-0.0213365591737241	-0.4163379592443695	-0.0741009401778275	-0.122524503563808	0.1216612590674033	0.0793875782205497	-0.0843917175338005	0.167446564837774	-0.1329980557627819	-0.0573052407377526	0.0542546502910517
58	6.157825240387579	-0.2903803503764223	0.7297086997723999	1.0542350783357368	1.4915382866183329	0.3051515798231632	0.1135067092610431	-1.4192749602341088	-1.0244147615293542	0.9117667383111662	-0.1282585403454196	-0.8033988571849925	-0.6291635704727556	-2.1727621685582093	0.1487979894755697	-0.0827848353360172	0.5410172831842475	0.1858141440281364	-0.0818404909770654	0.7391259596262683	0.132745068402572	0.5294019464859202	1.3721607808602143	0.1741778196133956	-0.0108088871794055	0.0137632513755643	0.5397417842855615	-0.5667781349871485	-0.5376360111684885	0.4572678066897569	0.1682605324219375	-0.1117096581659621	0.3799392334533807	-0.3357689707052435	0.051374190325467	0.1274390446472373	-0.1896080776267174	0.0793364314487606	0.1029601177824798	0.1231404139981133	0.0647761325754601	-0.1333282223803288	0.0338860303923762	0.2186625668815172	-0.2537962848132821	0.3573672385453942	0.0934520839507413	-0.1637202053707919	-0.0831650198804485	0.0255918079419399	0.0008060472868884	-0.1367548230913079	-0.0566687505861624	-0.0173709986451989	-0.0292822653312542	0.1625993290847497	0.0389339073221405	-0.0555438556430644	-0.005200588900547	-0.0014769599316385
59	4.455184589704832	1.8840645859676344	1.1363529023491228	-0.517215960384121	-1.281785223037281	-1.1153006584437828	-0.302107532827505	1.1357408409112952	-0.3216556474540206	0.8501943737826064	-1.1628494947206456	-0.4713417142190835	-0.7950947407128445	0.0238836076767756	0.3923198348103721	0.0963994270902582	0.2752766616039654	0.9551537454198972	0.4501934634528711	-0.8667027248970591	0.284738253769029	-0.3762409486525549	0.3697336765237825	0.0126579166879285	0.5270988764240851	-0.5168654471334918	0.2727464513880318	0.6351008201076858	-0.4095279185711419	-0.1722485825837106	0.11172013725571	0.4316324818295136	0.0830234777317542	-0.2156556116065359	-0.1831303884094163	0.1917002279920538	-0.0155280402833123	0.2835231746627055	-0.2124406140422285	-0.192924571850242	-0.2216388132462307	0.107375705131513	0.2171241208887039	-0.1175118265467559	-0.0745132308406163	0.1627506201750098	-0.3050039046774337	-0.064701191239919	0.0156875841057307	0.1610132403036032	-0.0547527216413078	-0.1257766110406868	0.1465422375557888	0.0429169205430838	0.0094186650036451	0.1275381902432312	-0.0339802110532171	0.0208900661469145	-0.0518803165635637	0.075494331841862
60	0.6928533863144373	-0.2042441952494946	-4.362695891587465	-0.5917128963506441	0.6305808131831905	-1.3424187853578675	-0.0354804799287216	-0.3888875547044129	-1.263038863962451	-0.5917284289105259	-0.2118806656814598	0.3005723714717701	0.7455958063817786	-0.5482181497089622	0.850733496762225	-0.4247629031211536	-0.5047046990127222	0.0234190504112106	0.0095796675742374	0.0916549996301192	-0.6191598650553503	0.3118188565055467	-0.0791553522419339	0.5392378213403413	-0.4149333092976151	0.0242619064719475	0.6398192020963706	0.0256000025857801	0.2977846269770424	-0.7638635035852855	-0.1401239749376143	0.2071840880739516	-0.0454586943515117	0.5221547442283825	0.1941863660614238	-0.0529370447998545	0.2123153256083389	-0.0802234017070732	-0.0725628354210026	-0.4805264989328272	0.072185493303844	0.3243492834597556	-0.2000270170609847	0.0823242667470438	0.0814078718470563	0.3096917742439337	-0.1471937385156255	-0.128301673289561	-0.0088984132437361	-0.0397263274131217	-0.0979894235120481	-0.0557726777148696	-0.0128930242797507	0.042803847422087	0.0726593811874455	0.0385673894046398	-0.0055675757495657	0.026075788931241	0.037384981403729	0.0059493415296165
61	5.370629910685903	3.0346552379164624	1.3031314560284055	-0.1794505290925035	-0.4969353690911045	1.300684883021526	1.3810354335566604	-1.1513040342685712	0.4128209378853771	-0.1524352993032111	1.5992584641931231	-1.1518891396476203	-0.2354650401434943	-0.1305661264301404	-0.444581509747141	-0.2496458750162296	0.4251101382651786	-0.4538259019942807	0.0805591095542958	-0.0497237684264951	0.2404407822562349	0.682453873351488	0.5394314580004564	0.0107770312822819	-0.0768197090872133	-0.4633697323789924	0.1805803926553103	0.430853835576627	-0.4136029809187568	-0.1967721676460775	0.037975852687389	0.5565695278324208	-0.4482357578989219	-0.2415440220361017	0.1962113949422793	0.1598595996898162	-0.1245896136228068	-0.3256984814374905	0.0011293499983624	0.054596554605117	0.2869184187880781	0.1485549100863665	0.1658768838313883	0.0170459370839267	0.0651150263979782	0.214308562690689	0.1080677484766442	-0.1081295430524217	-0.0197129737646981	-0.0467828674552226	-0.1849973825229744	-0.2513837484531498	0.035000421194835	0.0529905020654891	0.066876428534584	0.0840802828545676	-0.0859930503946358	0.0576430984647929	0.0022241323013374	-0.0033995807729588
62	2.907467335907215	0.2994955569494359	-3.126572991187141	1.4450805362031738	-0.0462970091204761	-0.394916510992881	-0.8937823026402101	0.1928548221975677	-0.1353818377038668	0.2819125211142236	0.3577417341524119	-0.3480286280526151	0.8367182714914391	0.4436449698869752	-0.7096774530617048	0.6930413117789954	0.1014638826311936	0.0867968086498554	-0.6282832676004806	0.1503415934252246	0.2231512468182133	-0.639286884151478	0.4258103411727664	0.1004390278852242	0.009695412749022	-0.4202588596811593	-0.0312154710039403	-0.2097659165852984	0.203055585999922	0.1800433952909286	0.0132029672357418	0.5305415163026874	0.4004715739514307	-0.0820781894949566	0.1256665492764888	-0.1536854094799117	-0.0748868013590049	-0.2690734420776394	0.2160525441129694	0.8961045956413273	0.1504372273175	0.4394141325182383	-0.4330697046488612	0.2684790694724829	0.4246494504100019	-0.0155930321868215	-0.2087303830251209	0.2592700434813929	0.2120506838784439	-0.0928340465629167	0.1828039616399826	0.0217332629810102	0.0451819687651367	0.2472811595057634	-0.0053552083760836	-0.1114833275539149	-0.0306484401064202	0.0280786144214304	-0.0567038035330447	0.0005598485567812
63	4.592177748106818	1.9207970785725093	-0.5127429882687008	-0.6366724745291912	-0.7488371446650309	-0.4800326046821788	-0.0775207148621946	0.4300412603125843	0.0193477896225555	-0.3478142182391456	1.2129815238353017	-0.5627263206210803	0.750190966438788	0.3223449787535031	-0.2569398593104455	0.7949611178839341	0.0953777279372987	0.192969580380445	0.3609141193673236	0.4211491087906936	0.3843723778719142	-0.0885361453945331	0.7143203228537904	-0.3665725344449998	0.0670721634628682	0.1764309871254821	-0.0913236930535758	0.7136712967219275	0.2740724395260073	0.4113455117185136	0.3049670856252351	0.2971699842426406	-0.2544522601396023	0.3245322769826796	0.8261053338136685	-0.8050405576457115	-0.0001171159169506	0.0574407944604087	0.3790467692415193	0.1513046145295254	-0.2300647978433963	-0.3534882233552849	-0.8298960020384475	0.6264727058931899	-0.0563263742370813	-0.1057940576313532	-0.2079938401312272	0.3282980719613396	0.0667238310572047	0.0947947511740068	-0.1243314065625964	0.1495170705685557	0.0604605648120709	-0.1358806154046406	0.0634194425762353	0.1708880849611361	0.0002911573165847	0.0529310887756621	-0.0864310705262174	0.0358397535916985
64	-1.7587541583436288	-5.4943677342115	0.3344700249978676	0.2438092937711481	-1.1839601290840875	1.2672506190144122	-0.9309337465384468	1.0146833759141214	0.3772838609536392	-0.6962604836306652	0.6201907943077384	1.751886897123239	1.2245086650995172	0.6277885390667669	1.2474253109699491	0.3219615374096298	0.4291179478688144	0.7593338192300843	-0.3549515380026546	-0.1447942182743085	-0.4185176469106935	-0.2345004663417251	0.0951200284391712	0.3282570823557826	0.033179015665282	-0.15127246471803	-0.8101880442202393	-0.1690155766209097	0.6086284958909287	-0.3201839101605147	-0.6560045711967818	0.0005239719238278	-0.1681912068839297	-0.8388760784523148	0.0331028942557292	-0.0816333717018974	0.218447017681873	-0.1764172853360822	-0.585900863099114	0.0908471526522441	0.0828537787384814	-0.1946329284632992	-0.3801118145770987	0.5480784270920727	0.2845556906215114	-0.4462128638624105	0.0885574328845394	-0.0245478934766018	-0.3439858235131098	0.2385768116805513	-0.1414284533148208	-0.1820255609567757	0.139154628260379	-0.3221389973984183	0.1137464498636909	0.3080302784347236	-0.0587668113708263	-0.0478157963647872	-0.0839220202823689	0.1058308936108824
65	0.229751289608438	-1.5168202684440704	-2.793630679105588	-1.1902081247967793	0.3036057709386033	-2.8715744743197607	1.0387688439131977	-2.2039454793839512	1.6523997387217846	0.7166778569697089	2.226910552797745	-0.0470757163576677	0.9063420327365708	-1.57920725808048	-0.2380685875489665	-0.4115461540994158	0.2578736084267624	-0.7033846882402671	-0.4227659411697861	-0.7772487335572217	-0.7869632626360544	0.4703171685304149	-0.3989589830887305	-1.1277363637812132	0.0591524158846945	-0.1232945834367767	-0.1770736303623815	0.9403981179628622	-0.0403659427689495	-0.1338909975269604	0.1503601902478194	0.046541038786745	0.0954593478761408	0.151855800130503	0.2585314508619097	-0.2615459536999489	0.2092670120309035	-0.3629105752096353	0.7940044681526514	-0.2317723982593398	-0.3006035420872544	0.206271641985916	-0.0392322572581157	0.1145417914527942	0.231846624472289	-0.0734242031825094	0.1837334410770056	0.3056508551590124	-0.2076656552613739	-0.0711876913179635	-0.060108555201165	-0.1399201592858473	0.3094859570435582	0.2314714274439022	0.1697415026289835	-0.412777695517984	0.087562993139393	0.0381401318300935	0.0678356587084565	0.117762865766455
66	2.8003588269874937	-1.2594146373493011	-0.7104677495041252	-2.310162005078964	-0.7014615123599482	-3.729223082221306	0.1758773159722965	1.3132769148156738	-1.5779540410376385	0.173546222103801	1.0098494122507968	0.0724632964864396	-0.0802822122900001	1.138735304119702	0.6157047810267222	0.7534377103491804	0.3930748183489689	1.67758632916512	-0.1070581352007799	0.2196342943191915	0.6241183389927311	0.7995450662770102	-0.3126379432436135	-0.0343371071652924	0.9233948663551012	0.2002200025769995	-0.135851614503059	0.3290049290956635	-0.0423070981305209	-0.1775019045330165	-0.1665013007572134	0.1252691282395904	-0.2340417748380733	-0.1313109503838767	0.1234427049152325	0.5136258118288604	0.2381778138247995	-0.3241874604313223	-0.0146083408987908	-0.0617224932049726	-0.3113537748304046	0.0965268851239533	0.0648345726891976	-0.0717427075077116	0.2612796838334599	-0.2139470679618035	0.0263479619658813	-0.0668368805299391	-0.1037718312164363	0.0992345885343538	-0.0695858998424268	-0.0197221038181575	0.1810252570291207	0.0079540145223641	-0.0438590545437674	0.0230444398865	0.07919139677659	-0.0193040046344222	-0.08128308441792	-0.0114452766940024
67	7.2087891678701315	-2.217146769878683	-0.1433113118591798	-0.2247245776242446	0.1907763668082173	0.4728713368031355	-1.3185304327437295	1.963717649670552	-0.6713229597730476	-0.0505563733697986	-1.6589179988787457	-0.1119932103774126	0.9995096347334956	-0.3753193246878712	-0.4376968455456952	-0.3286065231703999	-1.081938437161696	-0.3926879781255556	-0.2453037268533648	-1.6924645337239566	0.2131885585309933	-0.6484532518688306	0.0731604583826928	-0.4502763056821529	-0.1505223547988052	-0.0290023734738771	-0.1232470087844559	-0.572017487228652	0.1055615844243448	0.2238499288603299	0.1771017073070589	0.0464543240224532	-0.3380735323836915	-0.1522072319942613	0.4458184572671915	0.1660794298457096	0.0695692335683561	0.5119808714272233	0.1882425112644179	-0.1457302076622391	0.031822424014376	0.192046420942355	0.1946580912098709	0.2318836842363174	-0.0726038953318634	-0.0444274352944339	0.1703010583026688	-0.2058902068248435	0.2390577631014417	-0.0834811492579053	-0.0527345662684907	0.0422948236284292	-0.0002415889189832	-0.0728457658787086	0.0472815546763187	-0.0212082256748846	0.0256650990998752	-0.0094019895467069	0.0095263411832967	-0.0055003241865053
68	-3.842195641997512	-1.3127780380664993	0.6886490675579287	-0.87404343416447	-0.562115912479432	0.0186063144152858	-2.041771798334647	-2.5511875099040013	0.6550928891157151	-0.6784542673892917	0.0346799963948443	-0.213753811200275	-0.7265288005426761	-0.3957217356067832	0.8807053924090744	0.2486309389395467	-0.7794351968229143	-0.3978546154167527	-0.2123432402587325	-0.7214189222999767	0.1555769754914051	-0.5345627839597685	0.949353722261992	-0.1556871043712558	-0.2133728718305905	0.7868852248720354	0.0941223955713643	0.8304418547474691	0.736188384832354	0.7180153935724569	-0.5294239906813144	0.2721448348764391	-0.3052252020988227	0.1820044341705362	0.0770598430242707	0.5892799819177308	-0.1387046367164061	-0.0486227156095503	-0.2416212026894424	0.0209203223910244	-0.2667477152515575	-0.2085604300327398	-0.4226279792770944	0.0220644817481025	-0.0654911813994671	-0.0927071598121753	0.1619756935544141	0.1337886773056101	0.3422607445123005	-0.0157968674652329	-0.0198457137489329	0.0253552544055563	0.3219919573191483	-0.0237654815359212	0.3231811060611849	-0.1056224654132435	0.0747903731049368	0.1920879162189942	-0.0343148743441801	0.0533142263533331
69	3.747886905564581	-2.7508332089586967	-4.051288663933233	-0.5420218425728746	0.5944746771687132	-3.4197041187328194	0.1185625235933971	0.8191291805418209	-1.7017991183129886	0.5664347563597973	-0.6350005159149009	-0.0933042721060367	0.6251086887898553	0.0172572609002819	-0.0672254381782758	0.0094567708184376	0.6822250403127939	-0.5182084742255215	0.1103535974492337	0.2759966185461316	0.5830340852597786	-0.1050925131661267	0.5253365022092656	-0.2701408557316802	0.1538229724080485	-0.4322559334729053	-0.0695131287088935	-0.1058935611753863	0.6860087433812916	0.4091856940531027	-0.026864728635297	-0.2239213873078206	-0.9244363154455096	-0.5714255325586686	0.1936159302996126	0.358341567106688	-0.2444677915706007	-0.0071986121461575	0.1149117435437392	0.220289973818015	-0.3948575041543685	-0.1313216602910105	-0.1550401656657049	-0.0934155200441596	-0.1457928502576164	0.0124710277266794	0.0427022593808748	0.0046794554394667	0.0430956074991024	0.0976834799594855	-0.0477680652137914	0.0912875387593842	-0.0040011077071105	-0.1930221486500059	0.0512167419420883	0.0004542766786895	0.0835276146998587	0.1078628702186361	-0.0033615296295362	0.0380993114151686
70	-0.0924380836285615	-2.5709589014382344	-0.2652773734251556	0.9392026765771376	-2.047327005382797	-0.1402279769433649	-0.641547353617288	-0.0091878098050434	0.624256398923349	0.0144179723092147	1.2363934222636428	0.0623141307490885	-0.4904398828281502	0.0025676544551705	-1.254384000206597	-0.1688479544969955	-0.1229946387317594	-1.0350852761517964	0.4884254333838043	-0.6014484391330491	0.1579186856376383	-0.3304036359683958	-0.1110430151762283	-0.1708108925358997	0.7048758728997089	-0.7028073201353325	-0.5094826107221364	0.0511092712314407	0.218715275283285	-0.1505062041957511	-0.1813149965643217	0.1852780328980464	-0.1532579265656639	0.4141557505399317	-0.2729700835383264	-0.1272125557892578	-0.2220594312795248	0.1557434986957844	-0.1588912686395938	-0.0976786634830382	-0.2011696685825778	-0.3949341896782098	-0.1418177215925583	-0.0854173924209662	-0.1066914188370982	-0.0920233882221805	0.1617231133965978	0.2753809681768396	0.2630508332369667	-0.2051836642221556	0.0180506777536107	0.0657731765548602	0.1809636929195513	-0.0229118893641114	-0.0737451670989104	0.1175060205443309	0.0536097631015794	-0.1967689179869613	0.0489266927687085	0.0008453165735748
71	-1.5042017579283953	-2.992031943723945	-0.6914669328082987	-1.1909814505137677	-0.1163310724046901	0.1704431392362593	-1.0176318964554587	-0.0131906088512508	-0.6494261546877781	-1.6506106619765548	-1.8044557463963689	0.4829510405164429	1.500457668627243	-0.2583370734706873	-0.5987311158452325	-0.4059344920770621	-1.2827868906605502	-0.4650271458419731	0.9488637003218476	0.7496079990225938	0.5433841733559686	-0.2891948510336108	0.1287711841108075	0.3057896620475541	-0.4026820293732933	-0.5552874773401489	-0.0225960372739357	-0.4058263397057756	0.285368618079279	-0.2087854368557688	-0.5093667452227586	0.0952148044864981	-0.1192198900432661	0.6320641233355233	-0.2967856567170169	-0.1600182594509629	-0.7106267508733144	-0.4319032668353513	-0.7872755345261291	0.0370911398365305	0.191554445415794	0.3799460425026694	0.3570472862677294	-0.4188517197191186	0.1599842792881962	-0.2173043929337617	-0.1107000092201055	-0.0814618871458925	0.1870404582802189	-0.1477951856665955	0.1529628778077137	-0.0085935569220911	0.0414338687513935	-0.0158665179048726	-0.0711709984511495	-0.0244005986186793	-0.0003540715172659	0.0676493738994928	0.0013349897545587	0.0185411293230486
72	2.4081054115654057	-6.173648031244505	3.964318569236622	-1.3985156359243172	-0.5742370831789166	-0.4323972917239411	0.1911412796280248	0.7814890193186058	-0.7648384287864255	1.548652965341478	0.0281610203955241	-0.3242104904663487	-0.0457706346406979	-0.6210680633012045	0.9270991167428004	-0.0969258795514647	0.4622501851580506	0.2777209246779178	0.1030909497079283	0.0720155437615348	-0.0928725820176684	-0.4819430033975767	-0.4187268871197404	0.6716007913248995	0.4789534077191417	0.0877495822526967	-0.2272450572173153	-0.2614903844208828	-0.4421461774144914	-0.4584686856056607	-0.1977486250018543	0.2577764226235853	-0.1441918543951528	-0.3642076891664398	0.1688384371132576	-0.3890294906722347	0.0012176960926936	-0.2345848164605559	-0.2453211928477675	0.216726224045582	0.1148952305681478	-0.0380595201413773	0.0187154903823235	-0.1438523794286129	0.1228908993217771	-0.0378187671592265	-0.1376555533398679	0.1146932876052859	0.1823266633541652	-0.030577502921375	-0.0475884705488868	-0.1790259933014433	0.0255189176404209	0.2851255838212671	0.0298567592768416	-0.0487458427207468	0.0677483011576407	0.039262537832136	-0.1576209805876323	0.0276863931115457
73	4.56211904751863	-0.8184249619588878	-4.796060616179949	-0.3042905620653778	0.7319901736731851	-3.6056154396294535	0.6436284258602559	-0.4237551479325623	-1.8337565720620088	0.6673562608487308	1.7921193836124396	-0.7667245919180308	-0.4842124078052197	0.5059027393029807	0.7819144334473916	0.4201244704169284	0.3199655684283721	1.1932939810718577	-0.5046792980887485	-1.8500324385609463	-0.196650288939508	0.1771740590926414	-0.158337894674435	0.4366490353023545	-0.4414042076898086	0.514486094875484	0.3037672830760713	-0.1289058613664593	-0.1051843881606622	0.3280470471668408	0.513637012579515	-0.3553475326783211	-0.3664357989539746	-0.0362678540902259	0.048554249631537	-0.4228243804680945	0.367628087941251	0.1979847379784507	-0.0732766940714264	0.2161866052839782	0.4786881717372546	-0.2420157561459313	0.3010024368560759	0.226196301962663	-0.3395523775879195	0.0606918607869294	0.1540169231714627	-0.044288013096885	-0.0349579340217862	0.0254885199054511	-0.0281259834496252	-0.044308195300818	-0.0142836662738834	0.097451799419784	0.2423760534416086	-0.05558319386031	0.0982913569949161	0.0204138573451221	-0.0082936742828358	-0.0581929634587185
74	-1.3930129318718465	-1.6123877313013593	-0.5883563058664449	-1.994929403529076	-1.7259952676991177	3.766110414710704	0.2341366731372857	-0.2413272983118478	-1.292388482314748	-0.0347581928671787	0.0181875761845974	-0.5034142480086103	-1.4383146819706316	-1.1038361341844471	1.3781445751853618	-0.5119302053500164	1.0097130091845852	-0.9660044679952108	1.2057948773710363	0.5089180717148221	0.2785244123234346	0.1026250205745614	0.6294319748729423	-0.466604790789456	-0.5814610641706961	-0.0600282441669527	0.1231723401056074	0.5505578310605556	-0.2218417011811524	-0.4034124664750451	-0.6663359055946644	-0.3084660620505549	-0.340541525762132	0.1560439074993432	-0.2931219527085369	-0.0448727850963037	-0.0151344705261086	0.3629607479245915	0.6240193863933978	-0.0501974623720828	0.4923179828190004	0.5718308653043239	0.2744385496803662	-0.1057073320094584	-0.2085883661969789	-0.2267384160216455	0.0716363235979016	-0.138951314220477	-0.0348215822475203	-0.1906032279791063	-0.0730075832065189	0.0160256553974963	0.1059023684778246	-0.3057492508907925	0.0215662130503886	-0.0769311855066033	0.1151406508292516	0.0787563709415478	-0.0147064623850272	-0.0144531879245656
75	8.803619717941919	-1.1426352846546268	2.5334372726701533	1.6537727023408682	0.8884416344461895	-0.0743066503227319	-0.1798169820859026	0.1082538586106858	-0.0286374349298102	1.595020729032442	-0.5266340653505616	-0.6223106776970723	-0.2160299028643936	0.1088164095527797	-0.7310209380385881	-0.2993099915342237	0.8508515008703788	-0.0706998944421806	-0.6320042526903418	-0.212718063727498	0.3834393321407836	0.2594855865300999	0.5814930713489355	0.0968308120373374	-0.102235189675898	-0.2301620955337601	0.1418205259508404	0.2242955577033749	0.3268431919447726	0.1692482994380451	-0.3140057917154623	-0.3019090284584571	0.1119460471593724	0.5675946554451321	0.1483323957039899	-0.1018729215743362	-0.0199238878852864	-0.4017704626810616	0.2427437155583552	-0.044913223012223	-0.2929565753238858	-0.1822671994197383	0.1204152435290252	-0.0035967203811786	-0.1859313253945098	0.1193165103956206	0.0167032778065575	0.0262322709501879	-0.0972093830281371	0.0080120373407538	-0.0287138382409618	-0.1083755664317091	0.1223890385711314	0.0456151247882979	0.0188010228921597	-0.0362551246201109	0.0479580165496102	0.0591629114053038	-0.0389934012955462	0.0262087263446496
76	8.813812794824607	-5.187183378701336	2.6912222480686623	-0.072995930234127	1.7541704517371115	-1.3982484349789963	0.2775057697683018	1.876757580593268	-0.6203218691379524	1.0140101952933684	-1.0617804543060003	0.4112537943669355	0.5520812815254421	-0.123351654264794	0.6140815726285072	-0.8067363653235476	0.6482106691489581	0.4035492519194481	-0.3658499627440142	-0.6084408033499683	0.3749681238638275	-0.675650334904987	0.7860432043425404	0.2952156702043387	-0.0027537777054535	-0.1621777911912984	-0.3335284806976963	0.3843979288597084	-0.9181158335390148	0.022309256556652	0.4290435399535344	0.0542401405856604	-0.7090645316316512	0.1640878377597185	-0.0513328663263995	0.0455723009891103	0.4319315101305582	-0.0614966197453169	-0.2015214605595854	-0.026688815169344	-0.0492319600116532	-0.0528693272979072	-0.2455985416245374	-0.2465938695174139	-0.2752641282847658	0.0326919142508007	0.0444883949335259	-0.2592134556064137	0.0488314168411743	-0.0011774244373564	0.2386523623659719	-0.1394795559843532	-0.2029886003147421	-0.2125453378213416	0.0586333275217182	-0.0939177513384383	0.0497270153094157	0.0099767048391218	0.0680524946177291	-0.0022825117567031
77	4.5816414613575445	5.082491045745373	-1.1124537583952234	0.7068356651778112	0.1612083030403159	-2.0430255880423887	0.0141228771321564	-0.2717030190107729	0.6011131454285684	1.2230320316619026	1.3814846567364962	-0.0089412961428906	0.2587652840384401	0.6586325910761988	-0.4895559798966932	0.6806683970968728	0.126334728731604	0.0277217448057368	-0.1710903177734754	0.0084834366748794	0.1075795614625547	-0.7653264551151255	0.4164443065539233	-0.8970399051748301	-0.3643993275645171	-0.1001599383278119	0.1501890185519923	0.4665077261625093	0.1433633113934412	-0.0277766590921801	0.424687804209061	0.7335660824064518	0.1603034677347709	-0.488511047559536	0.0430903017331291	0.3992031310948011	-0.1243145209255804	-0.3593726804800806	0.0500385015875884	0.0842409665097135	0.1573217573195688	-0.2832018777757782	-0.0698799553624416	0.0315485177651955	-0.1329547160923155	-0.4402704650174753	-0.0458008825382782	-0.0973779844045776	-0.1287944506278273	0.2630266582706966	-0.1064555601278392	0.1626038390175977	-0.0341234012080994	-0.0187313221334191	-0.0080462790612696	0.0361255030490548	-0.0728365535341589	0.0482879011434715	-0.0784358718660532	0.1077041197391709
78	1.4649547264831058	-2.9530241110667745	-2.5400082118462417	-0.7039023088626765	0.2957316667636376	-2.893307148641332	-0.2836439232917764	-0.2994769512074672	-0.2499444955587471	-0.7595293404347955	0.2185845540633931	0.5123466107590079	0.5413472227825548	0.3196306647255592	-0.4147345636577981	0.5340041918538609	0.5280741215060243	-0.3026576347527188	0.7057411116099894	-0.292103308295491	-0.5487608544776195	0.8669760763784476	-0.5246352845854332	-0.4494282084350106	0.9115501662714642	0.4539669346359646	0.0926173285619841	0.5808170213521342	0.2346303069830053	-0.0876893292562379	-0.5616075864552789	-0.0113994151075049	-0.1234840087512944	-0.0939628672180661	0.3679834805008337	0.2490994459025763	0.1320986123599595	-0.2265808869244311	0.2495454653503072	0.2391105796866439	-0.1381088822056316	-0.1792583838073721	-0.0030801634841012	-0.1656871757455202	0.2104870590579206	-0.1824282470119777	-0.2275158290693247	0.0941716285917874	-0.2203543645160545	-0.0849973723970927	0.1117294359547407	0.0538397906382458	0.038737811441808	0.0947344806025249	0.0545511536723924	-0.0023833710649587	-0.0738653908856349	0.0171795137354078	-0.0898949989968631	0.0108086276988576
79	8.998112389900719	6.3868944372396825	5.24146982099858	-1.5316184334556433	3.655023934106585	1.7362442588776468	0.0136529688602385	-0.6357968042745555	1.174505247398116	0.8959923070433713	0.7842474015596319	-0.6841735585769334	-0.8540713060460665	-0.89158771236181	0.3627515238390792	0.25381781246768	-0.0270409699921604	0.4338639737580446	-0.4298238723936842	0.3024890744878249	0.2738699626897403	0.3680679003728183	0.1246664108842815	0.4793042987875259	0.1563051633300866	-0.7970187739986111	-0.4310703909219437	-0.040858859159197	0.1960252625486027	-0.3636865785906016	-0.0839330357420612	0.103722218720745	-0.0303168539287154	-0.0788920481935614	-0.1491602786953648	0.1172008752702044	-0.3220493213652369	-0.0112392404015461	0.0080251207351656	-0.1091566677063564	-0.3085069146676664	-0.1357887887260557	-0.0188359501661215	0.1408691472811439	0.0631286501244017	-0.0541371401790422	0.1327566368898454	0.1477068786720716	0.0730891601487763	0.0738764888820412	-0.025971286647575	-0.0788798366974361	-0.0524590751491038	0.0140300459940878	-0.0049571308337849	0.0258611516554604	-0.0084281685057649	0.0353479911013983	-0.0052804206044154	0.0133179766606757
80	6.082176933174497	-4.74922300079347	0.9028098496059528	0.931762594337688	0.2214274775261998	0.6150419973845044	-1.1149948279354749	2.401554936613364	-1.0036598931748169	2.2568174237248098	-0.5313945559969022	-0.650247926306828	0.1658458975604338	0.946139338164958	1.3830537687501585	0.7740613802282169	-0.5687253436987377	1.4202703479592438	-0.6442107517010727	-0.1365050245534314	1.0078379336356469	-0.8136899940945307	0.0445873158221582	-0.2342896834778599	-0.0499967456112299	-0.0451997841216747	-0.5344658160213971	-0.10863838590472	-0.7406662256721855	0.1115867532381558	-0.3227748282234225	0.0386773920607266	0.2393019043213239	0.4141906930616742	0.3844698698397518	-0.3335684410210973	-0.0985704035771805	-0.5984444847461317	0.0360393238007046	0.1451260629769075	-0.2911766647585266	0.1812615627481091	-0.1912712217169568	0.1382501257541546	0.0499937135043983	0.034846760008663	-0.2178969055835549	0.1680756205626387	0.3633381828888616	-0.1519266906060054	-0.0057879918738974	-0.1850678537127724	0.0745316418417035	0.1475321989536811	-0.1179590896130891	-0.0834110627107425	0.1425105044187304	0.23130667565242	-0.1472359325697071	0.1067437084017831
81	0.5237976076675378	-2.127613519447041	-1.5395387825742528	-0.3047204621648651	-0.5440946373963474	-0.6806672323304767	-0.3438415804916696	-1.0913881600251232	0.4977909196660613	-1.3255903429989777	0.2265521687323989	0.047841800446016	1.1277807337832948	-0.5619470451594264	-0.8191156843985796	0.4467995429995427	-0.257259952349838	-0.4679519255263063	0.7743866911504248	-0.3276603347328009	0.4094055847768101	0.7600453914839069	-0.470249353263557	0.6022912908909114	0.1830022628180902	-0.1251695675454085	0.5004162435767561	0.4053921691697059	-0.0630232058805497	-0.5175711713158936	1.1188633992866155	-0.5776011269966076	-0.4007507322991599	0.3901324428927527	-0.2613259443213166	0.390655283123452	0.2820567636251197	-0.0289680328975738	-0.1232017207468159	-0.2017419683639308	0.1415906609112852	0.216478415128671	-0.1723688176929145	0.1408436919390011	0.0560548446144924	0.2873667344066375	0.2744872924414327	-0.2290401896588633	-0.1520939433726727	0.1087619118452811	0.030301383835031	0.1832074188589134	-0.1097785315744047	0.0820411620365909	0.0464704705301764	0.0228647657112496	-0.2447257520344556	0.0767379194290848	-0.0670720031522057	-0.0295337803960375
82	7.370312980080325	0.1923109841613886	0.1261018165736827	1.9101357036443376	-0.5178046193341372	2.3275551103141985	-0.3251447924372148	-1.0864649305203928	-0.3035676664081196	1.5078668566344489	0.2610179447745329	-1.4293248877955094	-0.3510883731039219	1.7974121412166275	0.1380092066063177	0.840758910471472	-0.7015466164702266	0.0737906283048	-0.2674289478372285	-0.1160445962710969	0.0035572167573236	-0.2739280535544165	0.0395746494285465	-0.4450167531225523	0.2517034666311991	0.3848832314665614	-0.982895683974774	0.2467760098942889	-0.4252791754231295	-0.0149592871063348	-0.2577567329950372	-0.1081816331693078	-0.5381032778779726	0.6652047036036682	-0.8522379870162341	-0.0441295259954179	-0.17208424663719	0.106494795239221	0.2990356951832907	0.1353784464094974	-0.0356159589162554	0.4103578170746303	0.1022479251201087	-0.1842414827538282	-0.1365878901299406	-0.3027105224556048	0.2106768164880028	-0.1610651043720319	0.1212897570335277	-0.1431758653727847	-0.0668036538615	0.0646433763979493	-0.1374275199549826	-0.0906295656521178	-0.0649129192171148	-0.124662787859478	0.0022714052374779	0.0592129273756062	0.104728923085155	-0.0093830129044082
83	2.8813703292750605	-1.985909083148595	-0.0863934495343537	-0.8871718199455273	-0.0606704211800448	1.4813982781798387	-0.4766578097214295	0.0397912651555008	0.3308892079192189	1.148058589062738	0.8115304900707011	-1.3294265681804156	-0.8575739510220651	-0.7593963146721501	-0.4972398644253946	0.4426481577188815	-1.1940130908532829	-1.5265480121339978	1.4201062131341158	0.3642065141721324	0.3754762918955354	0.0596633889857979	-0.1673533158353786	-0.2315088968242349	0.3416800511156609	-0.4888805422999493	0.4592742289824487	-0.1959480284402563	0.3465928408211353	-0.4493304357874604	-0.0163859715782706	-0.2154039725150513	0.3478163108725554	1.0036333297424085	-0.2049850148693429	0.2284942099602497	-0.2193518961973116	0.3068820834496867	0.316093171611733	0.4898024364926198	0.0212608502918096	0.3927750147067595	-0.0582644652125239	0.0625804211807639	0.0126572472385986	-0.0998372677331066	0.0210991343094274	0.0936201238648081	0.1144390017329473	-0.1467388708445694	-0.2539791605262437	0.028599522041717	-0.0510156110463015	0.0280717436181341	-0.0561375602846735	-0.0582065465390637	0.0196741090286563	0.1132577101532307	-0.0391001585841288	-0.0046730542465064
