label_id	feature 1_shape_TFOR_raw_measured	feature 2_shape_TFOR_raw_measured	feature 3_shape_TFOR_raw_measured	feature 4_shape_TFOR_raw_measured	feature 5_shape_TFOR_raw_measured	feature 6_shape_TFOR_raw_measured	feature 7_shape_TFOR_raw_measured	feature 8_shape_TFOR_raw_measured	feature 9_shape_TFOR_raw_measured	feature 10_shape_TFOR_raw_measured	feature 11_shape_TFOR_raw_measured	feature 12_shape_TFOR_raw_measured	feature 13_shape_TFOR_raw_measured	feature 14_shape_TFOR_raw_measured	feature 15_shape_TFOR_raw_measured	feature 16_shape_TFOR_raw_measured	feature 17_shape_TFOR_raw_measured	feature 18_shape_TFOR_raw_measured	feature 19_shape_TFOR_raw_measured	feature 20_shape_TFOR_raw_measured	feature 21_shape_TFOR_raw_measured	feature 22_shape_TFOR_raw_measured	feature 23_shape_TFOR_raw_measured	feature 24_shape_TFOR_raw_measured	feature 25_shape_TFOR_raw_measured	feature 26_shape_TFOR_raw_measured	feature 27_shape_TFOR_raw_measured	feature 28_shape_TFOR_raw_measured	feature 29_shape_TFOR_raw_measured	feature 30_shape_TFOR_raw_measured	feature 31_shape_TFOR_raw_measured	feature 32_shape_TFOR_raw_measured	feature 33_shape_TFOR_raw_measured	feature 34_shape_TFOR_raw_measured	feature 35_shape_TFOR_raw_measured	feature 36_shape_TFOR_raw_measured	feature 37_shape_TFOR_raw_measured	feature 38_shape_TFOR_raw_measured	feature 39_shape_TFOR_raw_measured	feature 40_shape_TFOR_raw_measured	feature 41_shape_TFOR_raw_measured	feature 42_shape_TFOR_raw_measured	feature 43_shape_TFOR_raw_measured	feature 44_shape_TFOR_raw_measured	feature 45_shape_TFOR_raw_measured	feature 46_shape_TFOR_raw_measured	feature 47_shape_TFOR_raw_measured	feature 48_shape_TFOR_raw_measured	feature 49_shape_TFOR_raw_measured	feature 50_shape_TFOR_raw_measured	feature 51_shape_TFOR_raw_measured	feature 52_shape_TFOR_raw_measured	feature 53_shape_TFOR_raw_measured	feature 54_shape_TFOR_raw_measured	feature 55_shape_TFOR_raw_measured	feature 56_shape_TFOR_raw_measured	feature 57_shape_TFOR_raw_measured	feature 58_shape_TFOR_raw_measured	feature 59_shape_TFOR_raw_measured	feature 60_shape_TFOR_raw_measured
1	-3.067920740888653	-1.6093481658914572	-0.9124512934604578	0.028407594136069	-0.1527197111020752	0.4356896497762722	1.2536080362601516	0.1507318244510369	1.5360508702988884	2.151358920661475	0.791251728528083	-0.0314834009889075	-2.3471722660289025	-1.9580315303662084	-1.3105079819508294	-0.7145515390008271	0.8172685551209761	-2.806018017736454	-0.6580682662743782	-0.2917642485063092	0.0744429891561258	-1.3937312636481975	-1.1034048679376711	2.3113561950142647	-3.2513072057201464	0.0779720697157877	-4.072146770303732	1.0133965709361048	-0.4781837205496697	1.5337303163494842	-0.2223413188245424	-1.1055140484983816	0.6547673305535853	1.1538462226428223	0.1559384610121084	-0.731262012315272	0.8749814381328518	2.6175219109303343	-0.5907253349513528	0.1093153936350495	0.2391446840027784	0.8011958126805236	-0.8626523237035011	-0.1874964874949038	0.0527376320066574	-0.6316683689128637	-0.7943083762415877	-0.7651521419694941	1.4760094136554478	2.9214361985926667	1.3654030702200717	-1.4224312142739677	0.0039838737468329	-2.5751418573118245	2.375646652959852	1.5109966550817338	2.9460159065067457	-2.4111983114186875	-2.3831268788519946	1.8385024679826936
2	-3.5797529143622886	-1.2864930408311306	0.3678066072976934	0.7954014752844951	0.2215078328990689	0.1110574446910329	0.302622107785491	-0.3252226171030676	2.027504951172064	2.09538567027493	1.1616698737311753	-2.03294819087147	-2.2089408657738843	-2.1639557496830464	-0.2030136373654023	1.5909237367067646	0.6195613624985756	-2.348836026470277	0.8701379001354369	0.3471529800525581	-0.9305492666866402	-0.784210087438689	-1.5714789809004543	2.486601772194079	-1.1680850485356722	-1.271679709866063	-1.2603909116254537	0.0685097917590411	-0.3076188880929322	0.7714162164698626	-0.42973300277948	-1.1026517609905375	0.7418589409527168	0.5243312767932968	0.6224126072338779	-0.1880089968051513	2.1725856037359867	2.7840528747062536	-2.3258358223670754	-0.2781653652858513	0.5879000403793446	0.5532712784949481	-2.0287177403711123	0.1874688316241632	0.2798644470271619	0.4311406062749039	-1.260562257475863	-1.4443480946502874	1.1633368794819678	1.8140031818110467	-0.1465588798981891	-1.1349358908955187	0.7967948382846739	0.0585309291846938	1.3269266845140102	0.5435189382079401	2.1624869125742783	-2.70867775500804	-2.397076675616273	1.7374084560733114
3	-3.886176002177815	-1.1164271890135342	-1.6642369195754758	0.2874837313492737	0.0703396078026713	0.2481992157327847	1.7267531234621496	0.0565457207974526	2.182747914472825	2.4932004390886764	0.3607021124189978	-0.3967522935587078	-2.7710613715927805	-2.268273998687618	-1.435479581923353	-0.2750467924869885	1.1424898427702423	-3.0049132951734467	-0.1725168229659748	-0.0418248754071119	-0.127528662706573	-0.3422493095020544	-1.1474320638551725	2.106077980490172	-3.5340389835882835	-0.3003042680604946	-3.439730723680672	1.1633630486395026	-0.9028237379667852	2.2750298566974045	0.1172473688111014	-1.3838716756073175	0.6231036397054663	0.4928653854562204	0.7261785479453229	-0.6076809745268454	0.7832417614325924	2.7342927698251898	-1.6370316543834749	0.1920571184815758	1.000545654653981	0.397418575216359	-1.823991362590488	0.31370429268891	-0.3417911918381975	-0.5605017200142184	-1.2135039441063435	-0.750007867166762	1.7732934424295184	2.190348970134794	1.3900666631009964	-2.486032173556898	0.6181852278735396	-2.096529839234609	2.2482515473829165	0.9882650699684612	3.920587494682208	-2.025066402841873	-2.2307573113956067	1.2089405222045926
4	-1.8282758950629632	-1.8135021297242624	0.1213140532196556	0.246987401669384	-0.0531063660606098	0.6580442930171432	-0.1154557324758585	0.4492030896620875	1.005898320178508	1.973056956401792	0.3292257234493252	-0.8691845490498482	-1.8940610391315404	-2.0163978201550665	-0.6845780054703405	-0.0973249513505506	1.194946209826198	-3.232592528122652	-0.3009518468247258	0.2789463618032801	0.1106626994741324	-1.8496678025256383	-0.1234136891295912	2.9983971070129702	-1.0091333535663811	-1.0122580158951011	-3.135299243183064	0.1381639866132014	-0.4044329769550661	0.2788759542243584	-0.5483005854274172	-1.1963256286486468	0.4649566431421419	0.9714415619523048	1.486064453743849	0.0078095740356357	0.7114269758184353	2.8728839470739063	-1.5841269721093942	0.1815120949236575	1.5756088278760734	2.5285614242315635	-0.4605455365683424	0.2101727031262656	0.9204988883383988	-0.4236145659493826	-0.9318486520468104	-1.1491009336186322	0.3905090645211908	2.0333214772461736	-0.0290512394649364	-0.1409785557914729	0.0588575597092511	-0.3372512624689956	0.6698161131239138	0.8121527009991433	1.091269468803655	-2.392564709432373	-2.3464437004231984	1.878405203452905
5	-2.2617364576812555	-1.2322030877813326	-0.2005373481125505	0.4195392265680875	0.1629346761716544	1.2579360545185776	1.0391355115629448	0.7772325000002751	1.3779192837652192	1.717895736195007	0.6003413913093144	-0.4892149872400091	-1.7038120374273844	-1.8475887652513767	-0.7997361641434864	-0.6238756761475127	1.6248345951260514	-2.7153932819578475	-0.3478518252374907	-0.2770959418620236	0.399562202186301	-0.8498625147971817	-0.1013182212889606	2.241037699731051	-1.5113935557728837	-0.5531411306217966	-3.1787511719969483	0.2232982397090852	-0.2115286827763083	0.2424365176709777	-0.2718078362485681	-0.4200573525628117	-0.0139193835642228	0.1142252452427314	0.3558218110148248	-0.1827781452614696	0.6383707465972113	2.2874790839959203	-1.5964769773527148	0.6308974003836854	0.6686129203992177	1.4689011901009366	-0.3799467426874345	-0.151914417250186	0.1998089612536733	-0.3622461837437589	-0.7973463170502361	-0.4073509853207664	0.6027763001621147	1.5777603646449117	0.3857498237009946	-0.6275930538837216	0.191861572900005	-0.9607867437193248	0.6666392922574564	1.036579577536469	1.951864657758356	-1.9658390873792229	-1.9345869643467155	1.1376125784468458
6	-3.5947528200962213	-2.0659320842800333	0.4619185699614656	0.4301192902004522	0.0099542685643665	-0.1490652496395841	-0.0459739367666383	-0.1999885923377029	0.7696391619697502	3.3985701956265184	0.5825094994655003	-0.4601453726203388	-2.4655621272221584	-2.4650477908364907	-0.0789021914087118	-0.2860069568435889	0.8836977382005229	-2.8494815899723704	0.4251204974245528	0.1263581638584674	-0.0103193485997845	-1.7856242462066725	-1.146105929107498	1.960702501268453	-1.9997511351575643	-0.7479864754731776	-3.219288485734123	1.4512499851606306	-1.1513470920761673	0.7617067825452097	-0.6840982515324681	-1.6097531494967088	0.5792645074891793	1.3463991941436064	1.3021867669919236	0.0259876817157562	1.7413893421081883	2.724696507662034	-1.2469238146447932	-0.3863045786634576	0.6341827447498716	1.0398514388002873	-1.8128787403684536	-0.5103708960900559	0.6956506789975416	-0.2836709633742953	-0.6766922618525864	-0.6374630442100973	1.074716551791389	2.7080621053420746	0.4291601464184038	-0.8134435559625288	-0.397248882798705	-0.7387871521512657	2.3573634065843168	0.489744964663467	1.2750782876200215	-3.308679814302851	-2.5902738717811578	1.3257424739666916
7	-1.7200159377315505	-1.6127884492593658	-0.5365522181321739	0.8775613824884643	0.5145175184517099	1.0268804414342698	0.5128719446816892	-0.3075179942960226	2.4446547680194994	1.5090454843605778	0.2621637438357855	-0.4473545292188332	-1.7544871647329137	-2.137104187999589	-0.9515185326427122	-0.3626724851457733	0.7608294161936977	-2.5485495972430936	-0.5470601003917754	0.2924208455245591	0.501563381026914	0.3193524131043972	-0.9365522365715614	2.1632595782294444	-1.6893822808921404	-0.3653325530780072	-3.119787690802952	0.0434943698226053	-0.4063762244225706	0.7506792848115083	-0.0772806343072596	-0.2539149784959305	0.3439261694098712	0.0863373384540358	1.163020401063087	0.2754639770088045	0.7890362091661727	1.1924811332217338	-1.2845453287481343	0.6953727002086283	0.7336751250068478	0.4026288126772663	0.0190545527293082	-0.2046379113695873	0.0243487311926977	-0.4715974627134978	-1.3621411182820649	-0.6658764790510157	0.691016263808832	1.414112048030988	0.8230151695770921	-0.3595754424757666	0.7736678304460841	-1.3325801126350243	0.6889168029361104	0.8761756178876933	2.3030587299280496	-1.3476170724771546	-1.5803289348339356	0.9563110532131276
8	-2.568974233926891	-1.5945173020559764	-0.0591191635821854	0.8850530877541798	0.2982121994453953	0.3344189829585465	1.467979282565583	0.3717619943229365	1.7258828516399078	1.3380719679473287	0.4652320373921058	-0.1703964126682811	-1.9895689184091685	-2.6160015374534207	-0.7443047169643833	-0.2545991485833527	0.5839879430767193	-2.903073672447446	-0.2404269711365017	-0.140497464786466	0.6923037334009456	-0.3413512399376213	-1.4044600927707491	1.013948121300695	-2.29765591445964	-0.0523369197957566	-3.5276791639346934	0.5597576219734539	0.0890852167962243	0.8307099662333368	-0.8622483800976202	-1.5023535894581506	0.5367648958363019	1.0268190823543146	1.6003491329141275	-0.2188730453358933	0.6949737086552723	2.245800029772402	-0.8166522341819697	0.6427339671557926	0.4209508275474496	-0.0124693821424797	-0.4629056801617999	-0.4235851411090743	-0.0775103577897668	-0.7409669278682496	-1.313070378392316	-0.76321716122197	1.5736503213233293	2.573094077381137	1.7512640053416986	-0.5830323304535003	0.7281535671969919	-2.2118063228538056	1.7743304452980682	2.2020221443988226	2.6998679575115485	-2.2310261087076104	-3.0359015342009457	1.0067919682027933
9	-3.501443034012767	-1.033541105822451	-0.0525481802542271	0.6193804021947471	-0.4878010694120454	0.4609359259102578	1.1526983715831525	-0.1654095026479	1.531045671156492	3.6013565524136317	-0.5977402175242963	-0.920345695641978	-1.947041484729669	-2.4376483105251663	-0.5688722042283669	-0.0266522196004316	0.3729008373267317	-1.8707169700361168	1.0712687896041742	-0.2795077530699477	-0.1992824528822701	-0.7058178199194627	-0.7783823511172857	1.890979125657268	-2.390992899207029	-0.2060527459286055	-2.693142204919542	1.6681118249745652	-0.8945751395722286	0.5741507539790733	-0.3824346752696573	-1.113808228537324	0.3513109513788011	-0.1960712334330656	2.2077120851745726	-0.336244172645098	1.3742700864602333	0.988246693470418	-1.4411682992375572	0.0194053194536008	1.024495614933188	0.610717896353878	-2.0341454373678625	0.6867264034675062	-0.0835998816578311	0.182658954457092	-1.7365313903518629	-0.7899405772631578	0.985062400076414	1.5847792741471585	0.975828062233652	-2.0174851052347837	2.27649698026186	-1.0773516070600222	2.315486781180624	0.9190546579060804	2.490670790781225	-2.168672946927513	-2.332091502471376	0.9597138405963892
10	-3.576301421280501	-1.3528232648691991	-0.3424987669109464	0.6763730338366979	-0.1822703015800103	0.1394812271296045	0.3014724858597275	0.1370708807976555	1.0789133045716128	2.4082559922513207	0.7767398224017984	0.2377735657112074	-2.075902126293096	-2.1575082044524683	-0.0595258100357243	-0.0833060239729253	1.0476933877729009	-2.123091557336159	-0.5251459503635583	0.3303921751349801	-0.1211168295206182	-1.224109312679492	-1.1922402940237955	1.8379186927586115	-2.478200805960441	0.0194976201569109	-2.7450422716212675	1.1195666769144146	-0.6216769796664519	0.7654967959869785	-0.3210726180183362	-1.3275211217428882	0.3623750725934065	0.988674286477186	1.5067136371154477	-0.1815327456224423	0.877163772883538	2.6482945325786056	-0.0760130444669218	-0.1569312991960862	-0.1641723444827141	-0.1303552723498038	-1.5130722830541772	0.0323577526441773	0.0437884572264819	-0.1782355291630601	-0.3675649135446068	-0.0717876496951999	1.7227806433354629	2.7677260158812014	-0.2893348259034589	-2.009205239513331	0.9071318476970114	-1.163507468295782	2.4473681410390107	1.0828796332015478	1.676970545162022	-2.61617906177372	-2.499816096149311	1.3016364591585052
11	-1.3837680782738842	-0.8363700160851327	-0.018796225543838	1.326665773889142	0.479462917447693	1.5540033781362572	0.2528646341662194	-0.1640172211855214	0.8946026157856037	2.202104952210478	0.2072689426148096	-0.1041965225466603	-1.2056042798899298	-1.061918612655356	-0.4966195941844185	-0.1524953272543654	0.780562978385547	-1.8599348278362933	-0.8401131939829392	0.0435958704261105	0.2534721886864464	-0.1517760120855826	-0.9237580200942548	1.5321196342527914	-1.2190795431328103	-0.6268451476129244	-2.528891968907977	0.0438760083000326	-0.1116575053791129	0.1104577727913769	-0.3690015680063901	-0.576195292198546	0.2024750907286669	0.2029867700749335	-0.1922032096421579	0.2558337139834215	0.7824890868799592	1.1697266700873503	-0.7770601241970305	0.014963403192242	-0.1260039573831237	-0.2583366290182399	-0.0042718857469221	0.1503630956314938	0.0266597577014717	0.156932223058966	0.2940776705868133	0.1230378521407837	0.6686804924137797	0.6515559851157984	0.1448709756822073	-0.6127074220342212	0.9021366178554144	-0.6427561812995184	1.416531271774117	0.840613337258242	1.5977955005337527	-1.4670064924185429	-1.8026688430866624	1.4698923657475271
12	-1.8462207558292525	-1.4471048139244886	0.3978130573920211	0.1316126294321966	-0.2646606022752068	0.7876940326706902	-0.0886571935098843	-0.3360615424490308	0.9141126390711848	1.9821619450624024	-0.7344911602450802	-0.8376300109520727	-1.5552633558837852	-1.6772838624418176	-1.1956501089181113	0.2856068416420603	0.117255389416123	-3.555992442867236	0.1481453194131501	0.0716669579872955	-0.5874230135187837	-1.878823065543406	-0.3535579605117066	2.960430388209096	-1.0840277594243974	-1.4646840569363826	-2.9496651704363384	0.8238470332752126	-0.565191613681844	0.4651561016760026	-0.3171957187575685	-0.2442884906353684	0.4405382681060072	1.0342406024286102	1.958726782491487	0.3924921334090051	0.4468660557239921	1.1374511608035642	-1.7826914538087422	-0.5815605243752162	2.1886228024058525	2.3382875901801747	-0.8544935330200341	0.4325585298927339	1.666055604728942	-0.2250098330794274	-1.3266891694783545	-2.087228527002257	0.3011739964838109	1.2446392830171384	0.3447188472438087	-0.2267645456020313	-0.2365356792268751	-0.0359576959270788	1.4180037352410024	0.1215209070536777	1.303295231751303	-2.1789983425733865	-1.5069348114938756	2.1714753497224994
13	-3.0135761842256747	-1.4350127204512229	-0.8525221390824315	1.0162077024283285	0.3988826331808487	0.6693113408970349	1.120420762455251	-0.0386711641075399	1.985024236224663	2.1577636830158173	0.330160796917435	-0.6634821039267689	-2.305320807240915	-2.110345400341488	-0.8865855167240226	-0.0801433150066924	0.9661404077880714	-2.890794282160716	-0.2700024731658712	0.037488909181957	0.1453585040446947	-0.6261470898877919	-0.977716708320152	2.350021258978789	-2.675781455891199	-0.1906116237970104	-3.1584198075001835	0.8589299286111447	-0.785861848485407	1.2974355615507032	-0.3736725947928074	-1.0996187780002522	0.4898553533167005	0.5371982864636209	1.2784851634654943	0.0365554870162406	0.9401768400493568	2.0243734604964283	-1.5299161210820404	0.2805717740728131	0.1971368557005499	0.4473168752140428	-1.0642335977950417	-0.0925517851846002	0.0595999806838667	-0.3472060310619567	-1.018717730042174	-0.657293111360628	0.9574782211610078	2.4077111244552345	0.9567399949121718	-2.08745109981536	0.8827727679551999	-1.6872704710288329	1.7653441287920817	0.927836014704492	2.944397805160204	-2.0846108656721727	-2.3532412308240698	1.2568924202853475
14	-1.8228376359031695	-1.1593798451412276	0.0717203853968325	0.2146119629990464	-0.0240890901644661	1.3173127751822484	-0.2742933729855985	0.4360466084952492	2.814207075790708	1.6939588074375431	0.5976513932016966	-1.0642628443197943	-1.3485299587612989	-1.7934565794754616	-1.1325286312042029	0.4283675778815209	0.4526564801485418	-3.7292646149837054	0.0058652660834082	0.3244457623740475	-0.4837661226969376	-0.7809863399603376	-0.1451216892994964	4.16762842095294	-1.4261122869665583	-1.1484252885421071	-3.756242106804206	-0.279347623625144	-0.2800858058242501	0.4380482221853268	-0.1952900506746698	-0.6341370565774835	0.6940366988439708	0.7171541565188226	1.007492865732024	-0.0394518467310189	1.1506989588313372	2.2905922347779764	-2.266597591440372	0.9567217047303198	0.3153565146650687	2.598006124110463	-0.3679308674612365	-0.2592093507282351	0.6821237864834249	-0.2255628267293821	-1.2226722804578438	-1.8121587703959965	0.1907995671867723	1.4075282833254563	0.4801648577960692	-0.1705751262337473	0.0834221938923081	-1.171095634967685	0.1594396432391844	0.4116672595496289	1.828814824991424	-1.7434800459260615	-1.7738355172070492	2.2183015055191384
15	-3.0988164834784144	-1.3908233793285991	0.7986169351066433	0.1325905992292333	0.0796066063473498	0.0082410626932794	-0.0478053364375958	0.5557457341896317	2.092733051754629	1.0410138350784175	1.1917628651025147	-2.218989164426721	-1.6820033102400505	-2.0954175460383606	-0.0321967007224104	2.2597743434896054	0.5836040093421438	-2.359816029242672	0.8171424818392192	1.1203048951959893	-1.3990440066271403	-1.7963640515135888	-0.4885042757241221	3.5140569927801817	-1.2213952100051366	-1.0658978374012316	-1.4547796747497357	0.0868718858760182	0.1256422340398719	-0.7088319351766303	-0.4539077846746993	-0.8633814289618349	0.6027159670516926	-0.2083753691801597	0.0954784619536424	0.1350910300612249	3.3174737818366244	1.3285161807286976	-3.6248005600345055	-0.4598965194127764	0.6456823980563016	2.43837438205031	-1.412832472976191	-0.4441050189687381	1.328185166432004	0.4698492457749568	-1.2445463001962866	-1.8044535330123308	1.9291892225197185	1.2915749677335786	0.1782323704027444	-0.0329787511584367	-0.1248829132644537	0.0591973373874269	0.4616426593345482	1.5717156403816348	1.7815623338275182	-2.936561663417128	-2.2642081231205697	2.0497853454982726
16	-3.3974500491108386	-2.299203435425642	-0.3048408667386145	0.4798512242497754	-0.0512373731717069	0.1607332247214673	0.7962019287392691	-0.2695846313433589	2.939679339700392	2.517101568755296	1.0589773176790511	-0.5970756129550117	-2.8102877847554706	-2.1319760736443416	-0.0950887488579559	0.2630990325402983	1.7199256597719574	-2.632851369774244	0.0551995352369227	0.2616878485538061	0.0009020489737596	-0.2944539778586637	-2.30913955620049	2.231789536008689	-2.9695314815599616	0.6028634426095628	-3.0132389695424067	0.7121694733850865	-0.5487724361885413	1.2741478508835118	-0.7745602358133835	-1.2893087384576902	0.935018454248698	0.7761325017938119	0.8410807524941304	-0.6594955971181283	1.4925712241185392	2.911912396615844	-1.9226878706895825	0.1587921814507211	0.2062188602538066	-0.0953545257307437	-1.0980982173176912	-0.3474239058216311	0.0533186026581533	0.0830409051108935	0.0441684812601606	-0.4236491667087869	1.5310778586966478	2.0537004017914047	0.7185228035366218	-1.4101681108857878	0.5632499193989977	-2.2381630115358577	1.7297651571752328	1.1633071435042632	3.0947756510010014	-2.6392131372300307	-3.102872800142259	1.8700736027661329
17	-2.2494561771247064	-1.0078523038445426	0.2761650544999472	-0.0329915698014315	-0.3638832704917404	0.974970823130092	-0.2167651547176339	-0.5295968657606394	2.4809561232448094	2.5609990120305373	0.2302888528982049	-1.0605413953150191	-1.249413599629405	-1.7013496391277605	-0.6341408076998782	-0.4277219103906696	0.8962214728626959	-3.8540838072102366	0.1433412074357054	0.3772127541559837	-0.201397873842152	-1.4201666944873104	-0.7964431706763881	4.034102387460779	-1.084627522267759	0.3257911303177925	-4.099868119874307	0.8883645144603523	-1.0699751023955908	1.0270987367114004	-0.3993740192035489	-0.793337520501463	0.6518023733893867	0.4511642899272249	0.8841970091323774	-0.5373258726621661	1.2711736867243668	2.181632414299636	-2.2890693090356047	-0.3287968009237758	0.8739242470925457	2.5140592551292267	-0.809841046752962	-0.0840219604241752	1.2676178503548874	-0.2934588662718598	-0.8853797331745694	-1.4539229383631085	0.378210332590005	0.8424327345268456	0.0413389398881356	-0.5813237809370273	0.6582026318556489	-1.9708067919267869	1.0846195301153618	-0.2779993634018812	2.176172533805672	-1.5274604375958187	-1.9893644463086328	2.697271131055728
18	-2.5699620555928613	-1.980484569236128	-0.2643369274438879	-0.1586289077632714	-0.3287015709563842	0.1252660332994645	0.6154378693099454	0.0066512107449022	1.7910507066288082	2.7859117606612336	0.6553548821556546	-0.6125004304699906	-2.1051718880001458	-2.461487351893733	-0.5945187444353168	-0.4754626417817261	0.6106014817893866	-1.416036686496538	0.0572156684003806	0.2488064699625529	0.1025746553414279	-0.4973527940059692	-1.3499725464092018	2.3737244164177262	-2.262934229770765	-0.2329272700243326	-2.6964908705554445	0.4743085059333647	-0.690732713981387	0.5583605031440875	-0.4017889163339295	-1.209171913853476	0.4704951691559245	1.3148916861496676	1.8344873651482023	-0.1943078082611576	1.3267951885176648	2.9813731353012014	0.1506542782380777	0.0817608261701083	0.0748204896587387	0.1447276531163943	-0.7648820212564171	-0.1147794600244727	0.1715278428721769	-0.3614208817938147	-1.1519151195192867	-0.3671187432376603	0.0517944714557585	1.6933999405454452	-0.097114371605208	-0.9928862871507604	0.6020635463439987	-1.402402763775351	0.8636618686864033	0.5575980561141185	2.052433668688085	-2.371135222532501	-2.244554914542544	1.3596936240883502
19	-4.464145734239829	-0.7912112827185522	-1.2136514242445544	0.4650733374567055	0.0740780448665559	0.0435314753764551	0.9252239311578822	0.1249866130824652	1.5854031624649472	4.305546635259134	-0.083292298653487	-0.7772907202887711	-2.7736573216851648	-1.9071134276556485	-1.071992836397853	0.314577976433087	0.3578126337739588	-1.6863743514373593	1.471358263437831	-0.0944083645832662	-0.2028314319482542	-0.651068653299991	-0.9646891236138332	1.614574236082534	-3.577660133262317	-0.3259634394625681	-2.0058813005813207	2.2812720017141306	-0.9838847420087502	0.9815756908570156	-0.0858978297626437	-0.8711438998742804	0.5069505582609888	-0.0429017745489601	1.5442986989767649	-0.4694543807372133	2.074911861941916	1.759866382587867	-1.4873471318592095	-0.5523599101052343	1.3679470205999469	0.6393983340993965	-2.8101782677073803	0.6590110977025909	-0.1624938150579904	0.320416291342315	-1.1225765982586775	-0.8378396555765937	1.170235500282239	1.1086552617855607	1.0648727128325666	-3.337995454944773	1.3317147836780765	-1.2542348673946662	2.9720830423174918	0.5315582470580181	2.4086409593880336	-2.43223039265408	-2.1619902655079795	0.6923598495605071
20	-1.1876993152115016	-1.1876732593175574	-0.9010359700086024	0.7924675433918271	0.368474794128287	0.833359605184388	-0.4569125405455936	-0.2564183580597561	1.1113016363993649	2.9567877202106887	-0.1442794504799571	-0.3645661009359309	-1.6085863012850896	-1.6862285219894102	-1.3957339211243642	-0.5526094209361495	0.5158503935869124	-2.9043204234564155	0.0438411700879806	0.2956225614153225	-0.1885049994614545	-0.8103633191142481	-0.0822353804070078	3.2974710145810837	-2.249964195120627	-0.4770286884717937	-3.829596043944988	0.8921171859708772	-1.0607071909382633	0.4979580311879499	-0.0554410838689006	-0.9875012183799824	0.7392099687549021	0.1631042546298244	1.5133285717404008	0.2096549518783144	0.957807896887402	1.248432970087157	-1.3214533780210531	0.2268511788301701	2.078154802876654	2.482445787373692	0.3936899472003992	0.4818904875287511	0.3485797883721349	-0.4881414671127473	-0.7857621171822124	-1.0211416963599642	0.2531067668970572	0.9203232245074277	0.1357420931819568	-0.6537220484991826	0.7996180420195498	-1.9278545952369808	1.4497473245106556	-0.0192440887048551	0.8601580015050647	-1.3128778649807176	-2.0489868320119102	1.6532524988539623
21	-2.88764113540308	-1.3872962994924691	-1.0082398060099182	0.3870011382951828	-0.2801074611740847	0.6763593738517345	0.5353757011227726	0.4777379587606661	1.9798215956723613	2.0328886271132243	0.1548893496801914	-0.4209833361564468	-2.1709653668742432	-2.0290762601194543	-1.1877670578635309	-0.5024744494917571	1.1081676032186722	-2.312916278408877	-0.5155755652295286	-0.3400417143821717	0.0415944257498619	-0.7309382759664858	-0.7146604731813503	2.95742463521879	-3.0371202118039724	-0.2659626774588492	-3.246816706770677	0.8636962061857818	-1.0106478691476797	1.1128174130209658	-0.5727197749200912	-1.2176339769880875	0.5138075343841517	1.0431061451623118	1.105222015799416	-0.5127141376299745	0.2933737206137699	2.933491506382869	-1.3803653908181943	0.7082874389661038	0.4851741831919334	0.9811681657207072	-0.3747495432833974	-0.1994379544002331	-0.0058790534311987	-0.5884362142545183	-1.0310157505837818	-0.6320269554612277	0.8377209941212462	2.318306241783721	0.5981079671252111	-1.3257667010842495	0.5463396907912164	-2.237602695271584	1.627152280297517	0.7413321766998583	2.5756260086084843	-1.9982372851370176	-2.167577767497725	1.8899063267749232
22	-2.917915443469504	-1.7398100122530755	0.3435497425039399	0.2054291148238247	0.3882518390890382	0.3714361862896075	0.3633273015539067	0.2572393871989811	1.0834407544559364	1.562287070119825	0.5101949339195779	-2.2489291146897408	-1.9757600071311805	-2.279151496046964	0.2155549805646348	2.011035329195569	0.877393928025165	-2.539917575815025	0.3238115361542757	0.6025627036144511	-1.671883966707671	-1.7071986969084472	-0.0887337126112116	2.626744148223992	-0.9344098703243326	-0.7597669850320099	-1.3925621655514049	-0.0243790805787673	0.1096044811280707	0.0557881185892408	-0.5865156390016747	-1.1072554737180045	0.2453015643744975	0.7637677818379602	1.0682661100253656	0.2369303885824433	1.8047201175912329	2.1032561213910728	-3.2205409857523746	-0.5365548227237928	1.699597484872818	2.2189558796797817	-1.4134539390956582	0.4118552933922066	1.21452226045472	0.6627107866516436	-0.9331927390890932	-1.3515371389566644	0.4038140554168445	1.970694176037358	0.1115917032371482	-0.2556176837902084	0.0272171782036867	-0.0618124979332073	0.5719173756304992	0.8937800142133046	1.4165174481961786	-2.5963400228382776	-2.446269742596256	1.3551012615599194
23	-1.589123977221039	-1.037554308929898	-0.3392370066918638	0.0632880567507241	-0.7181389231538966	0.6321008614119171	0.2536143756755474	-0.0853089519730321	1.741767376920056	2.7906862750737087	-0.6547322425542641	0.1204367279785705	-1.3441538167569091	-1.5340611072252508	-1.1828740879690016	-1.0229992066730311	0.4607872689311686	-2.9817671942560016	0.1728803651377632	0.0955184563200848	0.1321310836658984	-1.1457969512387278	-0.0011415731881494	3.2004718034482416	-2.1140358804845043	0.1645972539446401	-4.2570353074152445	1.3700108800945023	-0.6955829576139414	0.9170798434621076	-0.4342639522602341	-0.4328349419526915	0.2892323138036297	-0.4008960902065466	2.1549162632386367	-0.2578924561658933	0.2325962785625157	0.5555226638611899	-0.8420927266615372	-0.7750069562021079	1.8403118117571355	1.9659465554156847	0.1524302415727865	0.2970604876983227	0.4767477414445773	-0.2849409471763531	-1.0208060138656858	-1.2151086238268531	0.2598731830424841	0.7709287109470235	0.6295189813773635	0.1950782889727822	0.7343709329927068	-2.5488736831408385	1.9636942723369013	0.0573405138771729	2.092223219377377	-1.4207809619933522	-1.784209523430548	1.6993842320188053
24	-1.9818366436556447	-1.3114141128450512	-0.7061264583242085	0.4908031817611142	0.687042374054563	1.0921751796929362	0.333961124826599	-0.8184407695501635	2.4778896889719	2.894112711874598	0.7845834712641703	-1.0147866427868633	-1.7977908044258766	-2.0975256404176124	-0.9466823610414644	-0.0228288934268995	-0.0903249031537192	-3.5293851683808	0.4522793335679114	0.2995721671135887	-0.3712161314679867	0.4009854626306989	-1.0892383851448475	2.8820620415439846	-1.401416494309195	-0.7406187196269045	-3.6094228340425727	0.6140183969412489	-0.4204485558866278	1.2234655223871256	-0.4197207098648721	-1.2755149516923605	1.1417871602239915	-0.5826919831014614	1.671252902622952	-0.4903303146176568	1.6307075124638837	1.2484109542670008	-1.5999672602627433	-0.1847885077049333	1.4850597423403116	1.1473109631526242	-0.2727303721344034	0.9970445712471958	-0.2508297082667661	-0.5149051504594131	-0.5565428178803562	-1.4341509194201767	0.8862862511005059	0.941916035785443	0.296358109833527	-1.2410736699487428	1.6048699850748307	-1.1347645074706498	1.542834420160064	0.0563158346806648	2.296780805129381	-0.8324017387480078	-2.5735842625755514	1.443333996698009
25	-2.29824199817378	-1.2589395470830316	-0.296945840548213	0.5347491670137838	0.3027792576448808	1.182990098572264	0.9655511937934786	-0.0097245768980064	1.4680001287490736	1.7816303064088093	-0.1395369819992881	-0.2988276235481604	-1.5418806293008696	-2.0333308082317365	-0.9924453774136416	-0.5090274329026435	0.185928621357919	-2.6365758349583066	-0.3957242713370559	0.3730240037111421	0.2294897170316612	-0.9181326895121976	-1.1797567485610518	2.1861298012441024	-1.834131793348662	-0.1073625583093694	-3.3584361350145167	0.8020925938170036	-0.8764097277521801	1.2254733349005509	-0.2658979073857745	-0.6435211110992958	0.5075319632901211	1.215984866033363	1.5851672370504295	-0.3313652432839178	0.7093695459473706	1.484726893714901	-0.5600377380627055	0.3340944043752727	0.285339174529458	0.2418040874861899	-0.4007374444710514	-0.1895081011580024	-0.1408799595880308	-0.5410229361329124	-1.2002766086902663	-0.8858840854159031	0.2625696412578366	1.8648878442508967	0.8369194149793875	-1.1476673713099448	1.0819854335090473	-1.5328617327810226	1.626722915239457	0.3640146253572242	2.518832473642105	-1.795207493542037	-1.7808006197374358	1.7298255261005848
26	-2.813400069640108	-1.4284676903795668	-0.1926985333126719	0.9474690302179428	0.7878339900426351	0.5002037408709045	0.56609798435938	0.7512925401823964	2.246740990831256	2.0279497140565894	1.3109300405084938	-0.8176430033475801	-2.010608220947067	-2.2497344029735244	-0.4882073972970784	0.5139084737691936	0.786806149191851	-2.620096243283608	0.1100739207853744	0.3633039038816981	-0.0480059109262542	-0.3423832365154422	-0.7327981422277342	2.9247718150523485	-1.903618169101512	-0.5497868064652865	-2.740355329771192	-0.2903514426969327	0.1645908536528897	-0.1294035140802694	-0.4697594604715379	-0.7074219358022544	0.3611526215164993	0.4565760067084798	0.2043052090471988	-0.2332662650884499	1.7640095952070114	2.057910707027512	-1.8897248374018127	0.2960027032909709	0.1220645594964762	1.5231617155060757	-0.8776105152661461	-0.1413726158514223	0.277641518857598	-0.3944509440670281	-1.0680617133869723	-0.916194727692058	1.6593032865190316	1.74744395974893	0.7518631179467755	-0.8866638731355949	0.5849570712363645	-1.0377230974437133	0.7516525849537068	1.8203220816866093	2.0445342065731937	-1.9955788004521184	-2.2924182053771487	1.2463139571260156
27	-3.8079893418043977	-1.0595549831217776	-0.6045270928877715	0.8519465517488242	-0.2606239625771199	0.693779459370652	0.6632283682506701	0.0940307376027828	1.629628431519801	3.059695701597022	-0.5169495350894335	-0.8296426729429638	-2.0881620005466424	-1.7607156260049246	-0.3965432417443266	-0.3936146023034327	0.415536720632111	-2.5019283286254708	0.6846965333663846	-0.1572921287336084	-0.4402174279463287	-0.965039742079998	-1.4410756804359532	1.758432540093807	-2.8244991833172715	0.8277345785562331	-3.1771454352233213	1.3744477311079588	-1.7276748571150289	0.8206092675938967	-0.0360305836253946	-1.3864776130650291	1.1511901528395465	0.3788454224967048	2.0344426331998817	-0.6110465422853425	0.971704153384796	1.7084261482296486	-1.7912649455379406	0.6429285500235222	0.3760228305187607	-0.0128484418727499	-1.5892957154962728	-0.0032601486586618	-0.386238745791613	0.2375225053337339	-1.2829658047294537	-0.9428957482655173	0.8390296745018055	1.7013835482966375	1.0599297446125602	-2.2731116299644696	1.5465921876021005	-2.2810944365387607	2.1648506522025173	0.6299234205597368	2.20564123564442	-2.2774939638474136	-2.690922254576656	1.6091528267496609
28	-1.9248165173440697	-1.2376189672898823	1.3828173958575432	-0.1311242518283699	0.0820276574178609	0.7928064450363669	0.0332785876695713	0.1372080197263188	2.3369352614428465	1.82594465561902	1.3210053282166965	-0.8654026110577213	-1.0802224824377724	-2.272618947336678	-0.7724903100316942	1.3962163908987204	1.1282896095618646	-4.372481200815413	0.0212262793210782	0.6175992391111322	-0.6864139110911343	-1.9961464837931344	-0.1396770417407509	4.067153928846703	0.0022566570756525	-0.5230433149269886	-2.5817824587897045	-0.0116808437848589	0.0111361657283524	-0.1385019728331427	-0.3138576037058689	-0.4983716675529961	0.2538989204272712	0.0680035991230374	0.3693402759810373	-0.013753409653727	1.8067981747071469	1.6447031061979178	-3.017947883498897	-1.0604341125397616	0.7091217979842539	2.7247502911411696	-1.0374496719715625	-0.4116734667132902	1.7492249717975703	-0.4340351379199343	-1.2206722115467183	-2.1018410989736527	1.0263474959483254	0.9565015897934082	0.1454909231322549	0.3672378757734993	-0.2657386132486445	0.0787059868187998	0.9460460093333528	1.1180538085008378	1.962614811907359	-2.4841494045078645	-1.722025649151441	2.618391272520604
29	-1.122756514716711	-1.3756651976629333	0.2905707144834863	-0.1069760844084959	-1.1741289941326176	0.7125166210882398	-0.3804476311332698	-0.3280871377401156	1.31493263555004	2.8728461059539265	-0.253439357476194	-0.7709897003754775	-1.1714724080521854	-1.6893155366233858	-0.5825172526388629	0.3668686409686217	0.9056924457043932	-3.5429919649586727	0.3932213848672456	0.0104286880270019	-0.4829723107553278	-2.0114334990726856	-0.1336021432313973	3.47019345637723	-0.0440116200867173	-0.4577840516880823	-2.4948118101891104	1.444907993354387	-0.7836718923118555	0.4796311064429168	-0.2733350554684232	-0.6444729908541991	0.1584565963897251	-0.5760990908279459	1.2843627558512027	-0.8563143334053782	0.7482763349194577	1.0389958233621697	-1.8489213352150315	-1.6642735573762315	1.3629032297256758	2.136683881564739	-0.0853492662413426	0.7336449333816364	1.6453345315992565	0.0722866470541803	-0.3548318647974517	-1.535953736232084	0.1427244069417721	0.1913043998718051	0.0424092223571641	0.3186987248180237	0.8737668774274341	-0.5491267963618527	1.7212556015659706	0.0764814753342219	1.5027779760771185	-2.028302109405974	-1.6300268667042928	2.1145399151661204
30	-3.4739041247726563	-1.6738519920659876	0.3035608389591794	0.6952567209140144	0.7371259174507688	0.1240624279337213	-0.2875294813498299	0.2174957897808221	0.9672412430354304	2.5007734834656405	0.3152165953462137	-0.6212481432545363	-2.3177054561711063	-2.0536805458426706	-0.2254831219486122	0.9579201823475904	0.62114317007708	-3.3653576394953704	-0.067126938430889	0.09641304863198	-0.3182516018607488	-1.449074218681595	-0.1655349208683241	2.8027439611325047	-1.5425868048037574	-0.8226835925611962	-2.505869510399266	0.9832477596185214	-0.813992656373772	0.3492270411184015	-0.5093325326899071	-0.8142690469649714	0.3314708314910375	1.0297316578993314	0.5555652617923466	0.2541089351872775	1.0839823609626698	2.597676042617409	-1.7712977481391508	0.0404730970925237	0.5508218180323623	1.8628478868411824	-1.6635555911892084	-0.2454642611984518	0.3781740764902794	-0.1515068947648932	-0.5032515698169888	-1.2039330681294709	1.188949054171684	1.9069226676294364	-0.26721430485721	-1.173471853175779	-0.0896470700588887	-0.1450321279568212	1.7161628294643227	0.5375585872226992	1.2208727404432524	-2.597820633254667	-2.2861305275951183	1.1822437277846474
31	-2.4236622676809487	-1.2143752933405785	0.0971047377321258	0.0287217584634233	-0.2938345700052561	0.9605862809860948	2.011431613714202	0.4989584824253462	2.1932986207204386	0.4001009053558446	1.0444317282397555	0.0718614775398251	-1.5834593490041815	-1.4083620584500691	-0.9311056198082516	0.9115124544492044	0.8531417688946903	-3.90183203945328	-0.2608494381043678	0.1619957295901415	-0.5512636759303513	-0.0435730241778387	-0.3369345232620491	2.294561469354425	-1.1122418786713393	-0.7869658713000184	-3.4323913629152023	-0.229742830107865	0.752402192249165	1.413023077926767	0.109429849173749	0.0521818331052466	-0.187373870542187	-0.4750395777380227	0.1124389001460324	0.1698604429841713	0.9777212541011558	3.2967511861627345	-1.8679633948963617	0.2070424983521763	0.5756642152898692	1.2525881855305203	-0.8012997839062486	-0.1649457448784783	0.1496063762327513	-0.3512611052637484	-0.5789378320238128	-1.6462936983323422	2.5050452713596982	0.9255724824773246	0.9567632787075562	-0.7518607110838955	-0.3919223468725371	-0.4141409912298535	1.3042152904760351	1.7673252509195918	3.84799180939786	-2.0422585187048425	-1.1536427822249724	0.7699511729387245
32	-4.557432020662791	-1.5439016443453313	0.3686801840623893	0.3507384357827048	0.0071927650432834	0.0500437442568965	-0.0460727838779929	0.0827545443419291	0.2984137614329691	3.6314086940155375	2.366900065568899	-0.1061979189117399	-2.680218390438849	-2.2414121678144068	0.2065711948461253	0.9508467259780166	1.2704934667234804	-1.6665622151035118	1.1140951100140557	1.145905969007902	-0.2346462245890177	-1.9177057681978675	-1.316302100881281	1.314243401670499	-2.700385346911598	-0.080453460680787	-1.8599186255038496	1.7529538877597588	-0.5280110305655028	0.8436608749859444	-0.6287335427220797	-1.674716025393426	0.5544293335768553	0.1601819606090289	0.2683695543524536	-0.2915090755812698	3.4922173683701487	2.8404951805976046	-1.036806969471303	-0.8156717131503597	0.0870102477500913	0.3276749327840429	-2.9298719616351385	-0.110337439895217	0.1562478871713255	-0.1922664904557456	-0.0505157182710891	0.0568100092647378	2.647176563996472	1.1854279351015382	-1.2406176874666044	-2.572428380907801	0.7663130293411449	-0.5913287977729782	2.9399631360581666	0.6640657549312112	0.7098665724866065	-3.484001337854411	-2.693493863256803	1.3417754322405842
33	-3.1886741041776268	-1.3276586388674771	-0.3320702423574525	1.3542493806066178	0.5270932230651354	0.7154410764175673	-0.1387204823636623	0.3155717496753771	0.0112554265736406	3.5729229195765693	-0.4344106777901775	0.4630599705524592	-2.1090731568244827	-1.9041652994079168	-0.4915790578577002	-0.4885564088061996	-0.2265744158552524	-0.5399849717237073	0.6291494151904327	0.0014780548632038	-0.0050344710608056	-0.3236420977224066	-0.4745259542874919	0.3465075195515306	-2.248949149104265	-0.7788961825712404	-2.2577080490192984	2.013747852239343	-0.6562145062718265	0.4301765937148554	-0.3323340479542395	0.3151383850661675	-0.1474905960398318	0.2390784572131434	1.6776304360330243	0.6187055122563174	0.6403691685959694	0.4473117352224909	0.0171039139601263	-0.1100592701020564	0.8014682718835577	-0.3851069020660391	-1.3478200769224218	0.792126402227415	-0.134968579101478	-0.5671173354395393	-0.5935033497365092	-0.5819750665519492	1.148087821272993	1.4825387564526933	0.9873698799610426	-1.9297872631340187	0.9427734420662	-0.6678516257576796	2.8461542523758268	0.9182024547305644	0.9969484671328496	-2.304456936390985	-1.7070894246941235	0.2585348668266629
34	-2.6666490779721705	-0.5017963531535362	-1.2651650263282328	0.8086881247551123	0.1638177769992565	0.8160355303978398	0.7790375724425527	0.9954776409315034	1.5394702318915467	2.7250684285763844	-0.3617153870971519	-0.3014079937437313	-1.5717321623433635	-2.159959494060596	-1.4283333202903588	-0.0941748835646859	-0.1377285413932545	-1.2992427343144517	0.0210786693107212	-0.0465212541711417	-0.1343408146673099	0.4727829653671351	-0.3834704288815477	0.6722641403839891	-3.229093439250006	-0.7578078970488565	-2.125874807474684	1.060918852087959	-1.259098772062314	0.8306144795251864	-0.1326523160711388	-1.1657490102577768	0.3264479663245079	0.0649625622541509	2.30993604582252	0.071665402728647	0.2862363207227059	0.7917518751293059	-0.905523868606246	1.0296828046565063	1.3709342910450784	0.0909191445664037	-0.9717069540083036	0.7285939506677965	-0.4398604579907879	-0.1862544098768384	-1.6638900887184795	-0.8470450768351072	0.4998427975994389	0.960093216370872	1.128781629731873	-2.31401251750693	1.3737463839277522	-1.6868229302099418	1.3935680218881537	0.7220139899225303	2.702000376987233	-1.2686645950018218	-1.6407872124840293	0.4914150402266068
35	-4.018644481017991	-1.0916104546803935	-0.0753015586893956	0.8379277273402728	0.1439039285909819	0.3171861093690312	0.7144645374732819	0.2769308076261468	1.3581204042679245	3.687958505792333	0.4784838298069763	-0.6059397855930226	-2.4619549638399807	-1.4367009887641573	-0.4571981130660492	-0.2992907771353323	1.2541397007639226	-2.8460529801460326	0.7941112739755147	0.1393145569500939	-0.3650181394475873	-1.5982988671070706	-0.2258730998157919	2.465383063146584	-2.7704912347243784	-0.2821126320458154	-3.869837924561016	1.6738238204384066	-0.4723475422098602	0.4661596728343893	-0.5611876808505808	-0.9288349778902396	0.4649264327135092	0.2724006129986163	0.1937315996031943	-0.2745057484286459	1.7491834230179353	2.0252273021507614	-1.567981309577974	-0.4707005199020124	0.3268804736247643	1.4388288202961133	-2.211101099866619	-0.0924502092153964	0.4214800485494037	-0.1130238861133365	0.0655866397291076	0.0683957751690433	1.8563442210010943	1.08054574395474	0.749003177487614	-2.015500629944103	0.409057912985411	-1.818640866100797	2.5937373180341807	1.65872185838327	1.9980168376249925	-2.886307563165983	-2.223190943495526	1.0974832301392738
36	-2.135181448306789	-1.4073717648975133	-0.2826586057915669	0.7004811264667825	-0.2156854648577952	1.1298076994483433	1.2066022336562137	0.3550603394148205	1.3276421330457358	1.2224268503255251	0.2478967111266621	-0.2448954012940458	-1.6726750624702245	-1.8725499558933285	-0.6468031175360252	-0.6794237319639763	0.7542224603570202	-3.0560893018698243	-0.6113888259585267	-0.2537281332001748	0.6544402201602662	-0.3106832089691576	-0.8510282885054071	1.4139394306199071	-1.696945613908826	0.1302258744267646	-3.798010839841368	0.6734554583276156	-0.4932516258432797	1.2273563944618788	-0.4030803866526036	-1.044232195998242	0.8050863779203334	0.6069534497949399	1.2047947482505672	-0.1679695599042082	0.6099191255483287	1.7481294545191046	-1.2086390938061298	0.7222164179765791	0.4087922603163543	0.4576049956670238	-0.2061062100450081	0.080317777646389	0.0206831742273418	-0.2558007069197161	-0.4565550929056674	-0.5219050448457785	0.7678246192020368	1.2164561684673267	1.0162764830789297	-0.5442646730768672	0.3336858038385686	-1.787137294271209	1.51908193243408	1.115802045230489	3.0773356328807067	-1.4669350784097457	-2.4561545516089907	1.1950802517646069
37	-4.187343549330672	-1.5966992294998483	0.2775179046970915	0.8831760865423657	0.124102588757239	0.1008784278775681	-0.0617609995891241	0.2508711206532995	1.2920895165081945	3.777115769758909	0.4722267894959336	-0.9770407162119767	-2.424154057897685	-1.6245893014764934	-0.0703126183086849	-0.0330849259673577	1.4785326797796352	-2.2340620311973263	0.963825330956507	0.0639417755851188	-0.1495604408904927	-1.036277551284238	-1.0408023685104917	2.6603042424573218	-2.5142716436682098	-0.0936506497405933	-3.015550139247232	1.1094354007392195	-0.7903372486134503	0.0774171988402154	-0.378647127441565	-1.5156026412245862	0.6795520494512401	0.2754416900795067	0.8630625177930566	-0.5820895972153901	1.846602004829895	2.512918637635886	-1.5897692723589358	0.2511918399996933	-0.0641873470809986	0.6397161821337636	-1.5630982175830817	-0.7374615867275316	-0.1279288733349526	-0.2512024629376153	0.1280892457922648	0.1020661149732191	1.3325758241377033	1.5644410276637124	0.1628965695816	-1.72742990836207	0.424931869744185	-1.4550277880223197	1.7968517706023084	0.8240222060605157	1.2343884929909148	-2.8321837383003925	-2.683236423390497	1.3316683017987592
38	-1.7120749522046586	-0.8681490835349256	0.9123041102612968	-0.4263160912443668	0.510972355289113	1.373479933437333	0.1163684254085826	0.2436060087158396	1.0350984120166982	1.5194289352231016	-0.1076203173848777	-0.9888058520198532	-0.937017404227499	-1.4309743491226723	-0.602049531836333	1.3186740606348435	-1.1395816718565177	-3.6032389969351537	-0.0907501493457009	-0.0800340079151458	-0.936113450780842	-1.4893202051726404	0.1283210373986678	2.561624366559964	-0.0894756924687882	-0.689910506798013	-2.41168408201806	-0.1036528004682919	0.2103940856838949	-0.0045265033250809	-0.1347587771747334	0.1906010885288109	0.2938503777319343	0.2435936188897001	1.0551339324917182	0.6356606407311272	0.6383890300206048	0.2912176441794054	-1.7704845676033647	-0.395015637768902	1.878050586592434	2.2726765388938563	-1.1450547694754958	0.5808713612484548	1.5193749449838323	0.0947526492090069	-1.2687315518839024	-2.473758273862213	0.0262696076689512	0.8441220950835819	0.6261988838991733	0.5967603643058794	-0.5126034666736037	0.0606606699168703	0.9346672246741942	0.5231638945021533	1.6249102556107262	-1.9448738393102536	-1.6151591215940255	1.5555496928565211
39	-4.089016105666916	-1.5312620610728054	0.3473814280966184	0.6337160349685401	0.5658156332109257	-0.0185505184267978	0.5773342479675112	0.2142539776115002	0.8147249430250438	2.685720356772377	2.473086221550133	-0.2527468933984591	-2.4846157119061827	-2.564279115593988	0.2075084363651171	1.0935752961185052	0.5579258558840865	-1.9048713957802408	0.5583505210170143	0.93876077095717	-0.2306432926944328	-1.3288891926680253	-1.5029248968013418	1.2177847555844703	-2.287623048167247	-0.8871310152525953	-1.5559989128175369	0.6636516835653334	0.1728281890992136	0.979211006354196	-1.10233487563516	-1.5117706921812275	0.3637605029801443	0.4515803722432034	0.9187025371597805	-0.2282126211392204	3.000260635294845	2.5195302195597	-0.9750099363371398	-0.2829729118364565	0.0546031714341728	-0.0581411733899308	-2.3974280922365163	0.0610110480283778	0.1735898915770797	-0.3111243115614526	-0.3846610152258845	-0.1654186317547985	2.600049769059085	1.852806530273644	-0.3052508657756521	-1.9456075887240376	0.5925018953885632	-0.445648104092442	3.0172355493070464	1.1042253499676526	1.4709657290234994	-3.1490511305753506	-3.0488500803293324	1.041972676998124
40	-2.2085327102248007	-1.3796144924453737	0.2423984500973064	0.1120163546478125	0.6528547644389093	1.0304102356171685	-0.27540942536234	0.3838157333123501	1.4331358695383063	2.4856670676545343	0.2900525935972746	-2.172215822508249	-1.4744512103490692	-2.1272942945330726	-0.6102759639852005	1.4666561911565164	-0.4944557415418684	-3.2717740315021264	0.4800902344465658	0.4193001444934858	-1.8779918187088915	-1.890680803312825	-0.0891680007513555	3.5362581398721677	-0.9349501675337656	-0.7529969647086039	-2.4481208765012825	0.7158547043489109	-0.2896905966078318	0.2215073510812031	-0.515872813751928	-0.592993810375873	0.235877278259603	0.1533417327636439	1.3065763399418264	0.5365024277140491	2.0172271293334925	0.784153293190919	-2.510221263153724	-0.5641557433110123	2.5899350165664115	2.8260337095967727	-1.1057890084949165	1.0924210309441609	1.521592227435745	0.5535408537246709	-1.2664654394449342	-2.5147888495769024	0.5942013823871424	1.0204801421877567	0.3526064885802724	-0.5424380341451185	0.0225995820583762	-0.3401861193889233	1.246802558696678	0.6361130286438038	1.2743807845268575	-2.25884771256301	-2.127225062684153	2.1145937206848746
41	-3.6623756394618128	-1.6566572216908615	0.7881288110206133	0.4051145258789461	0.3679145823516934	0.0591876305716326	-0.1355610902149167	-0.2063767722231329	-0.1977887358902315	3.2568232519739406	-0.0546244102251498	-1.8892335784161984	-2.1858383342340355	-1.9786015611570635	0.3591485947687163	1.7372692399656555	1.0051590379865605	-1.363032123114256	1.0902853673655395	0.6302433357259141	-0.7185111955525307	-1.4899491354054162	-1.565241598377974	1.985530037019808	-1.151747814326975	-0.5492150880977742	-0.2853651853652943	1.3242064752475575	-1.0342042143238628	0.4290463565257048	-0.6676366550471836	-1.6638006268416277	0.8588231711145844	1.0512406771757583	1.2123875638358048	-0.1224201419485637	1.6646336877037755	2.0018415190558674	-3.2625782051440657	-0.3006619343454288	1.140543204722254	0.8870403569497339	-1.979028838988132	-0.1770622990918138	0.1572108837912849	0.0341343397352975	-0.048085841468016	-0.1218967954951195	0.4075286071789867	1.6824773613526491	-0.0167649627332453	-1.326344231098625	0.6066614872455234	-0.3083380149419916	1.6278713218661434	-0.0676322897808453	0.286245331073828	-3.0847909187240816	-2.947622048934785	1.7042905655472491
42	-4.004257662894337	-1.3673113712204576	-0.3980653301113196	0.6359418386851408	0.0906313459761247	0.3111727848574119	0.8901908887591674	-0.4323958105232386	1.969116186973617	2.3431152819759093	1.2933340853597262	-0.587990677402572	-2.4115292745127173	-2.168659684491677	-0.5420786664865901	0.3360389105996786	1.0397940096758578	-2.30235587796672	-0.0280094417454965	0.2860622759504805	-0.0815902545006328	-0.7334545043805942	-1.6984673373092145	1.6279975335260808	-3.0510441742465098	-0.0591452024589375	-2.5672656702349173	0.5796515338224242	-0.9229939564689388	1.6557940539536062	-0.3464347642296115	-1.973883116988076	1.0044771842133724	0.8133989033482298	1.5472997529440593	-0.5800248530855494	1.6664369683518752	3.32432989219266	-0.6518815932437181	-0.129998737376062	0.1264536837754395	-0.0610548401870109	-2.262819340175416	0.1117954940767513	-0.0060865527345073	-0.3676716245847964	-1.1001180885444135	-0.5183793252090227	1.8187487136732403	2.1245531571353387	-0.0973599916788574	-2.431631337728819	1.0590016593311995	-1.5737004490367246	2.2002844869844806	0.7610561974034791	2.916098716195034	-2.4325330579227367	-2.789177323025273	1.3769758790215991
43	-4.6464473236763295	-1.2368000665594383	-0.0116147737223913	0.6785451871689612	-0.1087273376879386	0.1510037650102375	0.4028327435652926	-0.2545955823110666	0.5703086273422198	4.65121426423829	0.3799786733356626	-0.7281818999492435	-2.8614712935482904	-1.6234325554355895	0.3313352766701101	0.5042267514429002	1.4461981594581768	-1.895498090091419	1.5933411848735393	0.5602820721866213	-0.4034665179737398	-1.65601083975506	-0.9012873132041528	1.698214845134455	-3.2033160239897813	0.6536051609910055	-2.286473813683718	3.006807067392357	-0.9925892962142172	0.9947047069608556	-0.5201100894432222	-1.3392614579444988	0.6766638723003249	0.0564952487143295	0.5013312744542313	-0.4393301752055356	2.699085504987358	2.2785300443613137	-1.9016026322388084	-1.5189416938181683	1.0906403283770891	1.0230795846667076	-3.0733035144957377	0.2852376245398789	0.7554646992020959	-0.2257907094210365	0.0946520044970866	0.085552026801345	1.5325660387699842	1.4331133861063947	0.0526778081899708	-2.7978451082287696	0.9609953579035212	-1.8293497938623184	3.48842401321296	-0.4537765773009835	1.2491179445897616	-3.1627360715306203	-2.247202578686184	0.9710864535700456
44	-1.6426528190048293	-0.5155510419773645	1.2092239744212874	0.3589207144177562	1.0214590218887794	0.4793327153100054	0.1225309973688919	0.0711919188779197	-0.2936341051560287	1.7551351355483629	0.3160665172545776	-0.519362486372533	-0.4360376166825164	-2.177221942541068	-0.8571970830601967	0.5443138973452933	-0.0191103943736545	-1.95905550248954	-0.3696937772934663	0.164072831172322	0.1089603119626119	-1.4396960938852383	0.1195983516420155	1.8011305733461551	-0.0271370723294479	-0.5913478807646634	-0.8106664771790264	1.2190469014206975	-0.4555631126979458	0.2972639269043733	-0.1528938533008983	-0.5203542812805629	0.1373259212162747	-0.0629296913816077	1.1745876784671858	0.3555101645042318	0.856833492381134	1.135279418101623	-1.3181790276933647	-1.249105029345097	2.515318562797544	1.38635334301615	-1.925856535562159	1.5199736811173956	1.5460176387947544	-0.5990211801732301	-2.04858159829004	-1.5327862740063132	0.6991883205888989	0.801087959588096	0.6435874108121702	-0.2910911812327486	0.7837865770590313	0.0882655215425383	1.6830074093141087	0.7095772467709895	0.3475253263477719	-1.996851911678832	-1.3676842227893269	1.2810249795681108
45	-1.3029510022612891	-1.4161517142514577	0.3119028846555202	0.0299422144363434	0.283109145507621	1.5221398100441772	-0.1844225522048592	0.2469869515488447	2.1378061014998635	2.3193126572396787	0.1351021222352132	-0.9647201909050064	-1.2692203840034866	-1.965856389345904	-0.9097437076550892	0.4523592739659994	0.0809917125296353	-3.740555254978501	-0.0329021350012124	-0.3339881511897654	-0.7953560426166748	-1.7824107009242307	0.0765143623939677	3.781339932718832	-0.9102865995862608	-0.89471321486542	-3.4687085700859743	0.3130235033000179	-0.0004566793502132	0.7117081082191661	-0.0956946692992213	-0.9416557192206364	0.4567085999709346	0.2442106169832476	1.2661259109676657	0.0349550018518777	0.7805273717048329	1.9968369020636256	-1.5934015399574435	-0.3618605448368357	1.3891643428760243	2.979658618827969	-0.1206933990863623	0.0873723939811514	1.2262274319844455	0.2500368928947911	-1.1218791907777952	-2.4096599438782773	0.5659606467077043	1.162213061075786	-0.0446689064839107	-0.1314793585400222	0.2272648243425838	-0.9006178234179774	0.5522164711940789	0.1081516741807683	1.8776364072326728	-2.087380220677321	-1.7615823227039926	2.337342622930948
46	-1.8905215167187297	-1.3173656774274098	-0.7003525187508595	0.7747156505187751	0.2592840884952345	0.9714185902919972	0.7895930089157769	-0.0660564468712209	1.3788881595055171	2.261527078961536	0.4024798570299076	-0.0936686372907076	-1.647094603930212	-2.396462353704151	-1.1063287990758797	-0.7424196949123159	0.568834897435577	-1.452234516513471	-0.5833275383642538	0.198886308733009	0.0730347917929687	0.4359348648405583	-0.1684123463160897	0.966946536560588	-2.64634436720309	-0.1350328895933549	-3.1314303258882616	0.1050861844401999	-0.6757348065786832	0.3546948418470221	-0.1830258555027576	-1.7416047459045014	0.3087438690079735	0.0557969555232507	1.4770364849508533	0.1121396351850206	0.963971973024102	1.2882902763874982	-0.4423673864136206	0.5919372787682966	1.7418201838818734	0.7695329481540161	0.2159728827153273	0.0382317691775749	0.057414155085101	-0.2261076807258213	-1.5272828876222628	-0.8299045934155815	1.0020745854050075	1.8635657236438232	0.5312988371677247	-0.6243329399921533	0.6321970711411411	-2.334454225175292	1.4271409184379058	1.0568890494365548	1.8345479857874984	-1.2084916302293602	-2.217553306104116	0.2092399146383505
47	-1.725703610157412	-1.538147167168597	-0.5028839814782856	0.7951534641301199	-0.2635698648011435	0.9358751339344444	0.4192263474786467	-0.982290486994168	2.06024246060849	3.7842822202405335	0.6063664480391858	-0.9791803522050252	-1.951380553921108	-1.4371312550153976	0.0717368050210032	0.5211930790465961	1.2871072514243491	-3.029420166759603	0.9376249516381864	0.1533834057970491	-0.6777690482147174	-0.0645192516877735	-0.4753712741939155	2.9423834454683573	-2.4524926699715413	0.47080914746201	-3.304146581891953	1.3911178468646597	-0.5065058311471304	1.1902969862133512	-0.2136890176969859	-1.1937814020627102	0.6780759761223139	-0.0627818063452732	0.4279623813729172	-0.1852893053504476	1.8123616286631	1.3395593714570957	-2.190702133962872	-1.0725532623248444	1.367966984507918	1.2206356329473635	-0.4829130911556323	1.6097549290672133	0.4503053287108007	0.0992805274822041	0.0512703462519898	-0.5161724743046303	0.7553754846310436	0.367498445162036	-0.1987327944340666	-1.016475143544222	1.228790992247346	-2.1738819170895805	2.0595330253449315	-0.3801845741287422	2.317767677005909	-1.3068200159959271	-2.342975593663354	1.1004372273157417
48	-0.6151920884513782	-0.2253033352979373	-0.3698449488829534	0.2032649239717698	0.0824781160883537	0.1660418096381691	0.1230995268671133	0.5242799985679976	1.6253380003430569	3.814197902872998	0.4197742165127734	-0.7302707913721012	-1.2908932671599742	-2.1073470843611544	-1.856419748818153	-0.2207685914086022	-0.5421930879278313	-1.3996200866153758	0.8746842454255268	0.0475377557206724	-0.2734855641115064	-1.0214218520230205	0.2681871471034478	3.2425978874292647	-4.646764440551542	-1.6897615990831478	-1.4360152319804866	1.0998362857569686	-0.0540271733671979	0.3404115815084796	-0.3363027065627256	-1.08207805997811	0.1950413297343509	0.0711325592571785	0.9771475279722504	-0.0970577097631043	1.7451477039177243	1.1152181088346775	-0.6679155986954539	-0.2882110646670863	1.1811696074662157	2.6744373719091885	-0.5551369674680009	0.7605436974640876	1.0813665019545284	-0.4317974381790925	-1.0365912220677505	-1.4683444278646682	1.3192463802984755	1.3581661750367682	0.8032665039174757	-1.1433828798208876	0.6988261515419499	-2.28633138217698	2.28111080060526	1.5002849839217218	1.593775022731097	-1.176887816942627	-2.061380888448757	1.8490924688263908
49	-3.1977016586955203	-0.792076622443317	0.5507811249897805	0.2817902980945488	1.5191242091550865	0.4095154331125891	-0.1187229225490815	0.3054355411743427	0.6102146589107909	2.929252070830064	0.5035994986408773	-2.1465113726865237	-1.2315365925230308	-2.4436590115437062	-0.0500719933641151	1.5580045115701464	-0.5139350359510823	-0.9713933952677892	0.9304353362679968	-0.1718082945044421	-1.5482023526653457	-1.8278250081906573	-0.6656837249723148	2.8678688088875903	-1.1044529726278625	-0.5111653834667954	-1.1091115252886208	0.1148702298391732	-0.2299836587345471	0.0103451593672274	-0.6033883676129302	-1.211327303347291	0.2652788029407459	0.7213539663501374	1.4550499755548962	0.162980586705574	2.4907078916922893	1.944699106655429	-1.570260669943035	-0.8603599384956202	2.172339105799708	2.080089251076997	-2.061272026818279	0.8952187009183907	1.2276998073847794	0.7674294756458654	-1.9442163137999813	-2.2942505092779832	1.1167274487426635	1.6470748875092565	0.1352401200113191	-0.8381464872103832	0.329842357922999	-0.0388972431759424	0.9482378792343704	0.9469936546899566	0.6742293302685836	-2.360028170836643	-2.2850866131254968	2.041928770883986
50	-3.069491313424031	-1.0939569255511508	0.5138525669229863	0.8631449754393736	1.2422539576517844	-0.2194731442835541	-0.2150903094673564	-0.0759624736621807	0.8357161466899079	3.1349408448277765	0.832587468593735	-1.6374170616586985	-1.6754620424832596	-2.3263737975996803	0.1181533559998495	2.310561919815717	0.4550720823387727	-1.9389633024867647	0.7375438782041561	0.3323423462097512	-1.3263477622879885	-2.032955165758158	-0.4790922495356451	3.0234346309637137	-0.9313135769698908	-0.2863712464311184	-0.2984574027307243	0.9492756508373884	-0.4934193176031338	0.3192138843103023	-0.69837326907344	-0.8822144304314832	0.373703641507251	0.1322702725139299	1.09157030165846	-0.0475191880655629	2.3776355857945903	1.6198391246910675	-2.316231800605018	-0.927477754889792	1.5712937432234422	2.3959222158265545	-2.209281081737249	1.1231445287871118	1.0875817405151258	0.4181331921708637	-1.4835149803722647	-2.0382529667567546	1.2295891898654396	1.1863691516358452	0.1080851146069166	-1.4681787141307194	1.236552488563858	-0.0289148927680984	1.848128108953908	0.7721745325813916	0.8792513600382064	-2.4655612373627216	-2.5219301623756176	2.250065836166372
51	-1.6353031979181587	-1.041665196349821	-0.1321714362796655	1.1024953837581617	0.5385766711684361	0.5380716658551471	0.4188579345287805	-0.6113663038425226	1.0093022469617865	1.9628693467749123	-0.002021652760466	-0.6616323488469928	-1.378870310378998	-1.9840452122935248	-0.8828518857737795	-0.1086080731553689	0.2004140924166914	-1.843130308360295	-0.3533516988762648	0.2205822523317058	0.1516299995255798	-0.2771791157794796	-0.1791406299462947	1.4298865934434488	-2.142525574637694	-0.6265221697499055	-2.8440555106966285	0.4407722217995675	-0.4959657496902879	1.2730779303870063	-0.1845582881616869	-1.0701545333599265	0.1274489791049382	0.0563346821670984	1.8474337726707537	0.4809589990093588	1.1518476109547753	1.5360084602657254	-0.3843183117075366	-0.0063668657565352	1.5034201353483665	0.2172250909315378	0.0970644600103369	1.2134674140072412	-0.1289936160924543	-0.1905926418458485	-1.259903418405785	-1.051606717342982	0.1948884356024627	1.3292538127908966	0.0094908755187195	-1.4764946263228331	0.8435830886614948	-0.8424251697799447	1.398685202669116	-0.4891281678869869	2.153511998389027	-1.2598188415950258	-1.8630681079907576	0.3526279586675502
52	-2.679738166457206	-0.6065118740978915	-0.7889115708761345	1.1068444622527571	0.4257459873724571	1.2689181530628593	0.5211805948108084	-0.0277915628452372	1.1541347724955568	2.5478723562399703	0.1387244789671639	-0.2473534617420776	-1.6491532892426768	-1.3640152041084503	-0.6875896903470378	-0.9971977573661152	-0.1999650622559474	-0.6647140985624373	-0.4166781274540647	0.2653044929289416	0.0346584204556075	0.2013340951863393	-0.141242068662061	0.7749671217074416	-1.9554505875154355	-1.020711017996388	-2.7939288843798344	0.5227764829495034	-0.9162868251977982	0.5464864946645096	0.0074936479499034	-0.7978287736334617	-0.2375067476298293	0.0649851705248703	1.8800572763321588	0.1322480160246229	0.4953882887047749	0.7653674959712307	0.1148537843126362	0.5979187888412003	0.9464206325429558	0.0684432098732372	-1.1836597818842636	0.2628193877489724	-0.205308550594863	-0.5998594861827025	-0.9575415447086996	-0.6486094907642181	0.6666515413651748	1.0989842079726362	0.5476189674551355	-1.384473248237906	0.6267823087447009	-0.6635754076605775	1.1699563177767818	0.6674501472577845	2.016034102054417	-1.1212691791367742	-1.1677436754137975	-0.2267321073605899
53	-2.661652569920177	-0.4301283001474865	0.8730285838337993	-0.4696717571189753	-0.273300643560139	0.5358852769695409	-0.0511719312127876	-0.0918391515604169	2.3631895654215964	0.7599505178133051	-0.0693613926428179	-2.5612393542605725	-0.5650555212000143	-0.9482358187610992	0.5098806469970261	3.2344971296899256	0.9463255462629452	-2.691090947311055	0.3157656194220442	0.1123319130885385	-2.9062007871680664	-1.3001265670340334	-0.7640575235009447	3.608142304194317	-0.1074355237483457	0.1253418330806847	-0.5328035273147611	-0.0651803637974905	0.0875554678838161	0.5397785455921613	-0.3960708390682614	-0.904195327205502	1.1579978067674292	0.0219038069529098	0.5154951269835841	0.3116892818684482	0.7344485922581305	0.7750446648328424	-3.8166099503931967	-0.9264791701503337	1.4540694088603812	2.331791015352734	-2.1750942214617948	1.023127935522721	1.0275190700310275	1.6038216133441472	-0.2914918560472834	-2.4824288895523705	0.0615258417166337	0.4394547676324238	0.1249763187459664	-1.1244288725136775	0.8896684009516989	-0.5538458521581888	0.4836540967921285	0.3123557107744975	2.045680070505325	-1.852878013603604	-1.9966853802857043	2.5177654946171737
54	-0.3814148367302472	0.257667798024129	0.0599024608827556	-0.2515101667576214	0.578212709161832	1.3034739875296006	0.0532249908493036	-0.0997680958661198	0.9870530876867258	1.2812481249094647	0.3351094352333087	-0.4537959266189215	0.0745754391463399	-0.3049253860108964	0.0378811908846175	-0.0820318886011103	-0.1335260964578779	-3.363265838037301	-0.3440978176705038	-0.3346639827523796	0.1352595340680915	-1.0089301174659309	-0.517859264774808	2.591459286279085	-0.0902043390547495	0.9090257308587192	-2.4666901590810086	-0.6723242956683144	-0.1893835786167077	-0.3510080762731711	-0.5083263379849841	-1.3562435617844488	1.30311556691883	0.0162695496166549	0.4097951505697841	0.0375811667613673	0.2882938042866758	1.0771629878658169	-1.2873475561810055	-0.958639904381826	1.5073924007426551	1.5383827977782745	-0.7674300217039063	1.0073495931436438	0.8219480499061025	0.5660927938910116	-0.9080552559825356	-2.453569132791916	0.3080673823957709	0.0506694473008879	0.36898858115159	-0.9617960843501404	1.194723611845261	-1.0900446417430072	0.4689002075266595	0.8300008381091545	0.923891312096869	-0.4171149103250799	-1.7338152088373664	1.9466438475441703
55	-3.224198731509093	-0.6941921041115181	0.1556264944974049	0.5195065773499004	-0.4991421316967072	0.3117548962451447	0.4837660550271788	-0.9330208209114836	1.1243711051675134	3.3743535222365058	0.4903840748674138	-0.4734868322436902	-1.335133273343351	-1.4049602738828253	0.5910588543962394	0.4219967013510878	1.4637780667501392	-2.0699251635352987	0.3859985359398852	0.2046629529281083	-0.1358468074918435	-0.7923926741680725	-2.005501081624156	1.1309707367701574	-1.2980835760835605	0.8348209702758383	-2.0768653706261	1.48899003660593	-1.2862896312008587	1.582115131274929	-0.2157575650228582	-1.6187348380139637	1.398665234244155	-0.4036539927370786	1.581898972497278	-1.1536592089659052	1.4686638506862608	2.2843598531903826	-1.9207421014713248	0.2283993014402039	0.0239943843255474	0.0604548917854099	-1.3108319750340094	0.0628170712471547	-0.5312444175996789	-0.0632644760102125	0.3164262245321554	0.4647274942088737	0.7086582368245469	0.2242997924082028	-0.3805845765285338	-1.69208922867184	2.906551063100128	-0.8686688335067885	2.3808805963537183	-0.8548924709561765	2.3287923691809223	-1.891740594883745	-2.7433916723371867	2.495102490555172
56	-2.322648935605589	-0.8310423980205319	-0.3351339781125865	1.6982521586837962	1.479504806022084	0.5235942079539216	-0.276950102520096	-0.0698838710443893	0.1818442817266712	3.013494479515132	0.2784846881158315	-0.5083585600347544	-1.2226290980425167	-1.9172049728858649	-0.3970014997920563	0.8760036026983181	0.4783837981740423	-1.7173959113809545	0.1121634049878093	0.3693030242485884	-0.0282889008745601	-1.4064273651153998	-0.1077288816896603	2.6440965782275616	-0.620638008909228	-0.7059211846238348	-0.8382895049077295	0.2198966554680304	0.3182530154297094	-0.0480240560004214	-0.3340308888771397	0.1038760597072396	-0.0166759466578589	0.0062474579320754	0.5934727242193931	0.2048941402933335	1.4213322582400227	1.2014647858448353	-1.573347766466871	-0.2524193205655094	0.969616888701438	1.909697626882968	-0.7384691297448684	-0.0223182608339107	0.4868871896804685	-0.0045120125559405	-0.4890250997560481	-0.6348577656887797	0.4020838205652466	0.5265780132367364	-0.2232097354079758	-0.3815703555795053	0.3452783407366429	-0.2829577332075179	1.1351219539078854	0.3096301816684905	0.3775064564109467	-1.519124618043234	-1.6008884424152068	1.5275927993517744
57	-3.275730093313262	-1.35814615578251	-0.4623577753405928	0.8077368233991791	0.53331051139688	0.6213309878053525	0.2997634650033615	0.0907151488403376	0.5885526658043192	4.013539104912708	0.4339546010958505	-0.3275668391255257	-2.657472254881444	-1.5013498180028444	-1.189689865037214	-0.1172977452374764	-0.1624532762936842	0.0009416014486136	0.9571338393172087	0.1012253022665448	0.0310370289909139	-0.4989799242620982	0.0927431032187106	0.6159072533687429	-2.9293948093951534	-0.9295354809503286	-1.8575309018811308	1.6748779246980998	-0.4451257668470285	0.4550324883564749	-0.013185853332883	-0.1681883581311303	0.1705701200299991	-0.1008385462251808	0.8279929651422329	0.1276378615536941	1.8215199105812645	0.8695198987405126	-0.2949551781991575	-0.3967449486255954	1.4227762376297206	1.0465979639684828	-2.0157612103065445	0.9902050370321038	0.3440673978809692	-0.2796868678734221	-0.6182059112086771	-0.5892877017414069	1.2372188928990746	1.1650271574004054	0.1789525582270357	-2.0450369602754024	1.121351894538661	-1.2393473359464509	2.5939859437195696	0.2129744229650871	1.5867820161818904	-1.9715561930565049	-1.4356749927644283	-0.3037350213374039
58	-2.7405141238176496	0.1297937793188142	0.8390193062754829	1.2378651549791504	-0.2864890409532365	0.4154742574421649	0.5115637200120443	0.3637008946921203	1.6540433606188425	3.0277469074995533	0.2318365576685919	-0.4151761948420456	-0.7508610408904688	-1.423785129619267	-0.3881045877899616	-0.3983088206139332	0.0410844956869172	-3.102438859265675	0.2836376334564643	-0.1363438047949101	-0.1537078919477235	-0.8797190105479813	0.549245301106764	2.2697348711290206	-1.3505661404613098	0.1911639033178061	-3.235693747151644	1.1928558930006394	0.1171941201156889	0.3201894478542133	-0.3115403024062708	-0.4211951107848737	-0.0343344378640289	0.1216188194272456	0.3020168780702699	0.0991278564185035	1.2882161137904609	1.3503712492812363	-1.2383075139917603	-1.002552436835099	1.3344777972124942	1.680546514444166	-2.5643792601685886	-0.0174384285409092	1.292195604642996	0.1357230136092999	-1.4547242437130357	-1.6266228854284015	1.0455065000497998	0.7034531108491815	0.4532714559216071	-1.009498644599907	-0.2251983398595105	-0.7826311610342138	2.2120481277718222	0.3126255576772241	2.146758030342761	-2.0198643932616016	-0.8049046975950813	0.568750113836137
59	-1.0028205693159418	-0.5867144519069523	0.7225694590425907	-0.2986410538326829	1.8246452866958032	0.6754312860486481	-0.0503287005676296	0.5482362754732188	0.3668112548446327	1.3107452833405668	0.5669098617667189	-0.2424735205971875	-0.0767601102254804	-0.5560425189930913	-0.0390396991578729	0.4329093401966443	-0.3226111390269489	-2.038622618276924	-0.7428219515650532	-0.1129092125951519	0.1109207289580087	-2.102719825411993	1.3109601566529256	2.052610101385606	-1.0654127309358103	-0.0972937515258039	-1.8312823312270847	-0.0374522477442145	0.1917600130148948	-0.1946407059257682	-0.0870411597206578	-0.3592962918075586	0.3461403246220007	0.0149129972067294	-0.1652710469111511	0.0229521940783585	0.9610801051872668	1.3206787239663833	-0.7548859008889952	-0.4226889654563326	0.7973714101216594	2.4932531155132813	-0.6935005939276442	0.2801170568986864	1.2178762095904347	0.7830973758804084	-2.3229149664168185	-1.3887693365472624	0.8141593951835997	0.9520963393463442	0.3959606116962679	-0.6357960675317429	0.1323673753217087	-0.494017742621911	0.5969454561513281	0.991933790333499	0.2474031460125347	-2.367598463620177	-1.0633375370133322	1.149767796655298
60	-0.8550868518827981	-0.7486073862080291	-0.6464877949469258	0.6062741235725775	-0.315491642491167	0.9053919888626571	-0.1738504524086384	0.0075426200980744	0.953598418995348	2.976150646941816	-0.2121109328296057	-0.0924324529934212	-0.5193602538704072	-2.3125281794257013	-1.6148469321875725	-0.605089946817592	0.3159043670263741	-0.4276304870929985	0.0012462702244406	0.0139048690999827	-0.0695301442931537	-0.1598685566536852	-0.220579062340677	2.5071520388398434	-2.5663039581744007	-0.1406186321275289	-2.8164672801893067	0.8389722822969321	-0.3780842415764951	0.4377232862462101	-0.026685623931996	-1.1666588731072118	0.5262638521619045	-0.2640861665177085	1.6337759488255363	-0.4996411194576474	0.838143374775794	1.4419809543186857	-0.0731362430461048	-0.4048138854044909	1.2793031187560755	1.4280663074176392	-0.7213787980752757	0.9663711373743188	0.3406564642808227	-0.6844845121910046	-1.4214953420774623	-0.6926953491282735	0.7988909981869825	0.4100906989734407	0.2104643163748398	-1.197221950279754	1.7775121698652296	-1.8928587137406283	1.6841576845611752	0.5798939395518745	1.1802723842526182	0.463870795948929	-0.7520450152971434	0.8709389483131269
61	-1.4471330185734814	-0.4452907724777422	0.3661678864387632	0.4630818485915937	0.5987600238187605	1.9516394123407008	0.3917488159850412	-0.058622165908341	1.0825708923761024	1.709783356132716	0.3071093353423553	-0.1129325249557313	-0.5941624305307371	-0.8553595872129383	-0.9906634263536878	-0.1041738422630947	0.3160461258510274	-2.5490749524874268	-0.2004136495966579	0.191045832932398	0.0063186600210558	-0.8091830253901495	-0.1844719023330496	1.9899678984329208	-0.9277171782884306	-0.0931051337528058	-2.922570659800515	0.2914290544834149	-0.7231238906051769	0.8476065202596157	-0.2093297711063615	-0.5838467220540502	0.5264042433559091	-0.2116784679987322	1.3893736971636712	-0.1524492440628453	0.7107850185578002	1.5142967796769775	-1.19956375687647	-0.6172910449857154	1.6584788414979033	1.2672895233679489	-1.017811725798011	1.3176706375819256	0.3223951250959684	-0.0033932928591018	-1.7807001173121717	-1.6050450399559633	0.5175921509306618	0.5532505319471808	0.1644113491329966	-0.7130521254701323	0.6835124283055087	-1.0312197934128096	1.2360496070300109	0.292275178283593	1.8700756630161015	-1.4770258590213263	-1.8856312389962773	1.3130987904319258
62	-1.1426286334573286	-0.3068725937519087	0.3423565973331616	-0.3476654180740806	-0.6794969984457173	1.0756627319991474	-0.1914730975043952	0.2691880040714866	1.721088466237901	1.5657324822746466	0.3708916022090064	-1.4481935035203208	0.0155437530284214	-0.6739299143225015	0.0198281928918442	1.4823864100868047	1.2255423677483774	-3.3394120456614065	0.1624150394419068	-0.1038890399545038	-0.8245866623791578	-1.3467156090897916	-0.0701846337542713	3.563907697007082	0.2714432074829096	1.1076760253091569	-1.5352027227851517	-0.6858184978614101	0.3127092875999349	-0.0443080894598959	-0.3117560335359869	-0.5201943645740514	0.2882955239413711	-0.0533175579611737	-0.0871053073679837	0.1310054378341038	0.7391812870687944	-1.0753045253511688	-1.6956147373796655	-0.8512555772054915	0.89999185954232	2.3693257759142257	-1.1514537498054436	1.0133599218556923	1.0469018816251603	0.7030608622617825	-1.1741982605754882	-1.5360308428327856	0.1666058794476441	-0.0786129455121815	0.4129739172737934	-0.5610608601243756	1.1443139586817526	-0.7696355026862651	1.0367430193223734	0.7725026764770275	1.3470362071123243	-1.4304324410291955	-1.531411186763201	2.0383733298519964
63	-2.0052228116833093	-0.9836949090497572	0.17019562129573	0.3980178236837401	0.9873879505702972	0.4530511831218814	0.3085440395755967	-0.1392997911487749	1.4511226995403206	2.716268707042614	0.5443403173271016	-0.9380782220075768	-0.9690451894450992	-2.2707198889531552	-0.2009302599886195	0.3849829838473986	0.7581189970538162	-2.4730614580384005	0.2738411961752827	-0.1062351339979719	-0.3854766502355895	-0.2332549652270756	0.3928571469805918	2.1215656670158523	-1.4107739592909805	0.1919231115162378	-2.5496847594079624	0.0188182074249017	-0.5566268939371151	0.5857514462251794	0.1862926665639566	-1.6753834912444132	0.0013387057852889	-0.1604950842320343	1.6146947085183765	0.3125084558826573	1.3694099992432949	1.2666634349714416	-1.2282974264802018	-0.8232331242912587	2.271895800386777	1.4578618674870478	-1.3614866035963749	1.5224248040589152	1.1958246418437042	0.2752327858497105	-1.8948319749782512	-1.218821363449499	0.7743434054825808	0.7851639868935267	0.3095416142600424	-0.6734496416360773	0.8891460620584158	-1.0747577492013929	1.0279691888710802	0.4921397116719503	1.813885273496164	-1.0475102612943008	-1.7684204998507158	0.3027838280231192
64	-1.6350316457384118	0.3263567444458372	1.0475803793055876	-0.7290667933066339	0.3983086277619131	0.3329795778440495	0.4911394940037384	-0.2644337619192602	1.9619135373670145	1.0788723017454478	-0.3329004999553593	-1.3379120616555749	-0.1524833807719234	0.0488798247574031	0.1165107707149122	1.785596356743982	-0.0723943335487586	-3.927496090660692	-0.2910324377137958	-1.4164256129419783	-1.3777076036414495	-1.828216429389216	0.3290183078792889	3.2655730937151084	-0.0726330773349301	1.01167429314625	-1.6650255913778027	-0.6703433323069863	-0.9736036761227224	0.3012110414664741	0.9533735556483064	-0.9081417005791468	-0.0613495426875567	-0.1449497467156619	1.2404820904236662	-0.3288295891536896	0.2211777558491312	0.8749915031606117	-2.054917689390738	-1.5402047943182435	1.3695134525075825	2.4972817550128483	-2.3160880168953564	0.9692954899003848	1.6351319257469878	2.8827509491313545	-2.250572337017588	-2.2560965110737903	0.1189482595132299	0.2850441256775422	0.2659886849676799	-1.1789920902394098	1.6207953820472722	-1.0231093157599158	0.2992072166080888	0.2614025914999588	1.6987220571581254	-1.7500753730685084	-0.627890210041568	2.0244877404575456
65	-3.1913257929342937	-0.6770579827551839	-1.128869087054544	0.7439849845243776	-0.032297971656774	0.3598909131597806	0.9469204811342852	0.092588782907874	1.745261158069881	3.7564922880336966	0.2649647045221153	-0.11769740333574	-1.5643084991097087	-2.2475419772163656	-1.60420723860337	-0.9505491231682076	0.5665240665027685	-0.5290819676624547	0.6713710803895783	-0.1342966015539684	-0.1265976912830977	0.2485399883747652	0.3172518313897441	1.1248135144482454	-3.5017741431724065	0.4854749956187947	-3.03359214805954	1.4228146643018842	0.0744313533555054	1.082571012083693	-0.5658910177884	-0.9211842817410608	-0.1095802597633803	-0.440918646855486	1.2561143677479971	0.2291749335558169	1.7256564574626334	0.9375953922881872	-0.1798923964806844	-0.4987691421195923	2.0967863219335943	0.9807788415020262	-1.6438820343649645	1.220579636269584	0.3368543814366385	-0.0987922491198061	-2.0830375213962053	-0.6351106737037666	1.2712541608965822	1.3421244533718846	0.3862376748430582	-2.2700014992514324	1.013974824714564	-2.5561492574567914	2.782693013232478	-0.0818011026945653	2.62551356968434	-0.8526207061659097	-1.7473808920251257	0.012207218522056
66	-1.4124044033691696	0.3367912793994991	-0.411563486797789	-0.0079208021433625	0.4612968655915985	0.5012486211689492	0.3318329375738841	-0.1609856625694673	1.3573634478780727	1.4959649304820406	0.4107311865990258	0.2039423617765745	0.2488432557201578	-0.994536376700094	-1.03923004385064	-0.333567689143081	-0.3066936490325003	-2.8070183034914704	0.0679839874537515	0.3129309394720576	0.154653733146707	-0.7863575428471856	0.4170265165133053	2.546935930527554	-1.4005372486578571	0.3332764621305024	-3.332086819311161	0.7148516127082392	-0.9865239307009264	1.1161642689414553	0.3975237392113677	-1.810415439714737	-0.0576635158271836	-0.3622190028218403	1.5668522801331908	-0.4200234150919191	0.7694837152887941	1.066031277862937	-0.6349953627961482	-0.7913454273754703	1.9592797522427	1.7006567841732163	-1.350628899150954	1.357386743528625	0.6879151871654681	-0.6099356683690278	-2.018455303569815	-1.42077332980882	0.6201503853161627	1.036248070539008	0.3504547538975238	-1.5086724999755714	2.0020970783143577	-1.5174199602494027	1.844930758582251	-0.0477411021410058	1.9854828225644807	-0.7787213101802206	-1.0218821886767873	1.2381663586153968
67	-2.0998852321346693	-0.3059978545672188	0.425219814930727	0.0534979893320923	-1.1591048379025195	-1.2778558323022136	0.4658400178937214	-0.3954012265792836	1.4415019143664909	0.9565343094786584	-0.0039979530723877	-0.9035286933597064	-0.4662053768087695	-0.2358326826451633	-0.1034313574292828	0.7671215301054501	0.5371468579967561	-1.6351073232610078	0.3143621618140764	-0.1668693072838016	-0.3178749335858546	0.6676474530019214	0.1114998291972722	0.8830206400703542	-1.1985391501579865	0.2889995127968733	-1.2885449579037127	-0.5802654428011227	-0.6580682479748501	0.5482191104765346	0.5888159937253492	-0.9047646577994208	0.6491687046789083	-0.1214180810584473	1.0356142374460493	-0.089754991290943	0.8302573787800402	1.2161857068972228	-1.7753802705315374	-0.2392490619011575	1.0409878375823474	0.5597274937771557	-1.3927809605592083	1.0927142592407328	0.2013734682751387	0.5435359308958085	-0.9590491922858456	-0.7237313448123524	-0.0472878700339709	-0.7406573859511094	-0.0563925711069912	-0.9862844985699168	0.5471492620368275	-0.8833490439673017	0.3738364442231088	-0.2069656584455204	1.4779151913885946	-0.7821437670472435	-0.4903149274446421	-0.1980129108665735
68	-3.0423534815775635	-0.2105803584975911	-1.0024673419543657	0.6266002373126933	-0.3111257310241306	0.8155710881239681	-0.2181246407198693	-1.2019553558680829	1.5681203718835866	3.3487969646553286	1.012601561549356	-0.2035921030873404	-1.3742803143485411	-1.6730632903026708	-1.1703058424104171	-0.751400248807662	1.1304020470248055	-2.143734455690589	0.2419980452650572	0.4810755861553482	-0.1336686894894425	0.3337125892157329	-0.8575545766537114	1.3259133672116112	-2.9228502652501724	0.5477246122721372	-3.2846698770899567	1.2523816679390745	-1.692230629172801	1.4751702031506402	0.7345229484376296	-1.9324203886750213	1.6547486803090468	-0.1150878441494853	1.3027371456970638	-0.7736239223373981	1.5591116225644768	2.292257054412968	-1.291560696215028	0.1917105200404996	0.818292394608497	0.405880104559261	-1.5140932778886391	0.6290361995656606	-0.5589120237664926	-0.0645431437129875	0.2152563768184952	-0.0407478241985641	0.95025972864198	0.8875940496551921	-0.2531843159788924	-2.3867269954568617	1.9172112348492296	-2.3467420584384007	2.187905442306389	-0.6177441792244104	1.5461477215281865	-0.8583520014632944	-1.9269501059088368	0.9755913591382308
69	-1.4038700177956072	-0.3381185836766034	0.3058795871498014	-0.2732212043337652	0.1342281448426012	1.2367259793884395	-0.6470338260387047	0.2452133119239587	1.3500018577204729	1.366079228465865	-0.3198411870759652	-0.9605448041020356	0.2218215562256693	0.4237454312339248	0.1624203004857607	-1.0318507005366009	-1.4957663369001146	-3.3191183064213625	-0.0702824973497233	-0.9339429184957354	-0.6776484982590789	-1.1365212419153978	-0.4245372159514989	3.58475025419154	-0.3501768040353559	1.2917808188077848	-2.583641038753749	-0.0452077391242617	0.0963363000553885	0.1371826303083927	-0.3209536269261518	-0.5713057840515341	0.5494136855679679	0.0905009669657528	-0.7453424571794267	0.0680059289443839	0.6849569985521979	0.2586628131406625	-0.5710120524216196	-0.4107280208298971	0.5139234989958714	2.1696350388813506	-1.0319181433367923	0.0491898182347565	0.8731605981271298	1.9777635266959144	-0.3749746687603803	-1.7491342475727278	0.5942885727592828	0.4674469092916679	0.1523497532654802	-1.1181924778389996	0.6037944213274944	-1.4599746552317596	0.2576102904489978	0.3790181598705065	0.1872182460890492	-1.0530210438605896	-1.4254847266692257	2.37404115640937
70	-0.6529007385799988	0.4842401338381488	-0.0564507504318344	0.3204486777490503	0.4670907933183233	0.9154320213093544	-0.0220229164912451	-0.6451714259279709	2.3166003179922288	1.7982454483293813	0.4369150287651234	-0.5728800680621104	0.2008445832699186	-0.7612377192759121	-1.328142686774174	-0.8133421857501436	0.030427074711644	-3.0674002838774146	-0.0764421434713029	0.2121416519518812	0.064685463838563	-0.5282636817418034	-0.4858571670820755	3.626196461047668	-1.4319293417796146	0.0749532424972977	-3.631258857198044	-0.1952381308759623	-1.3468015360114112	1.2265926500016346	0.7947725950655706	-1.81170711801058	0.9582425154087246	-0.5086859178069499	1.7032032550810636	-0.6268769201912343	0.7878269583388544	1.4893044038851369	-0.9069845217876752	-1.0221421318232544	1.0895895370191928	2.0699944613050048	-1.6233350918447491	1.3048981993588968	0.6295357807252493	-0.6129169623689927	-2.3260298309407395	-1.385313008522278	0.0768778532011476	0.5118491958264948	-0.1160316287654028	-1.4499685966552367	2.0799855912231697	-1.5939210764186986	0.8118698296843512	-0.2650202895873134	1.8508380839718983	-0.3914296907125871	-0.5059664185311621	1.9627816220691177
71	-2.5057928517699795	-0.2240416858895477	-1.6186830130121213	0.5258415643690522	0.4786917630950855	0.4027157729813929	1.0651195015855837	-1.1188072599206496	1.7798939589902707	2.302024313280236	0.9702446946549392	-0.4291427571849342	-1.3024491400539464	-2.6714937588052385	-1.8182016788958664	-1.2553113117167785	0.7654734460814242	-2.128079407367106	-0.1608502035422216	0.3358460771030249	0.3775377731998435	-0.0148836980148399	0.2929567021328915	2.1253233288365574	-2.778482806753285	-0.7578305188582538	-3.73979138192666	0.7184955251708125	-1.3547157524113302	2.315642484093688	0.6539854293982574	-1.7094798472534882	0.3626382225335389	-0.2143388027470489	1.9161514059208808	0.0713333736886127	1.330714673441745	1.8192507303744767	-1.004340048334826	-0.8972665660847636	1.9807889821980431	1.4297002919652444	-1.4503223843171789	1.4640533367549091	0.2315275110627144	-1.06009493142506	-1.7049792639610155	-0.6154784224062801	1.1869327687081603	1.3234784062859064	0.3436291625588337	-2.514310703356416	1.3497718585532483	-1.6527837984446865	2.2076731762586155	-0.3197170403867615	2.8826786091813776	-0.2722332484896927	-0.8823419478316294	-0.112434543001922
72	-4.191163666043582	0.3942075910228073	-1.3927494944085992	0.314277732400211	0.0301824623845169	0.2994173716569087	1.4844208991153178	-0.5752372597202883	1.569656638978116	3.4634860753173182	0.4130011962029128	0.3348531951327569	-2.125885470145376	-1.4659649905004652	-1.5673820793409992	-0.5883890083660775	-0.4275505923199212	-0.7134987465939941	0.3841349036859172	0.0185849180814492	0.1025404040561244	-0.3482480636575213	-0.0548367450206704	1.1961006605328717	-3.886531697497207	-0.1528229133149736	-2.5610816695475163	2.370214140934686	-1.6706272148943204	2.150002177299341	0.5101344848891289	-0.6850551249993782	0.3096996759479082	-0.9955632951744542	1.7219993696977782	-0.4099091602911952	1.604337251336192	1.4382563705139386	-0.6149987409910151	-1.0978779236506164	1.7917064937524634	0.7304265057248901	-2.938658029922587	1.5539008242296246	-0.4229269820623664	-0.5240177507332513	-1.9657537330383952	-1.129542871146212	1.5044437856432666	1.1545257974547003	0.3195740134211049	-3.605507956627373	1.9443542098688111	-1.8974298507236769	3.1594995954562206	-0.7034720252288001	2.8731459439190914	-1.694601269065552	-0.9966405466699452	0.4360568642454083
73	-2.149922096011072	0.4532801159922806	0.884584759212088	-0.2647273713945766	0.488906434644609	0.9568800402196606	0.0778199967763404	0.4396158368103355	1.5774167134290793	2.4907497470926967	0.2521605898389415	-0.5778270656485767	0.1577418694011276	-0.0339462263610372	-0.2801128305779043	-0.3827839720043492	-0.5845484188876707	-3.5903792434436785	-0.1095530509895774	-0.428846177521347	-0.4873804498756211	-1.6669009990568664	0.4862615896610153	3.2257205865018337	-0.6757064367182597	0.6316563341527205	-3.6674878046699817	-0.1797862402008689	-0.3533814360143461	0.2181875586250705	0.280011788278305	-1.2043883053037274	0.8501483076190569	0.0816042441372059	0.6602880240765079	0.3578609601708738	1.2630647258486287	1.3898961500729194	-1.0839994997262088	-1.4785584921253332	1.4797494641485205	2.5218584436843536	-2.3804924817153257	1.1547405531757455	1.4706705996205391	-0.5642694435940392	-2.752819800737164	-2.194075823835111	1.1727136814897283	1.197651453487382	0.5762768044982239	-1.784233312591744	1.1435334806168935	-1.4471466406867322	1.2094826844986803	1.4503941012496897	1.6437569287445823	-1.5555612690564369	-1.1098526272562483	2.129644605556784
74	-3.2749876443804067	0.3229042340031935	-0.9322496898298136	0.8859348173556751	-0.2871564443254426	0.7519763601046917	0.5408883203259326	-0.2381367126130547	1.2315333934972057	2.680335892908884	0.5784853207726129	0.0787042685608545	-1.5305828072364058	-1.6501812769996254	-1.432702554928397	-0.8480104116610515	0.2125062121960657	-2.1303389296396285	-0.1840417869994071	0.1635273545512858	0.0795843362834904	-0.3003780674119749	-0.1628694273075906	1.7355418740762143	-2.8365062961705134	-0.1331588205102878	-3.433856441282352	1.2698950966931086	-1.6012508742336249	1.6703738360793157	0.8355333303336007	-1.4730798829713652	0.9979502272931255	-0.1065460389567691	2.0356828199651416	0.0500831514161783	1.1268912159133766	2.0346227436203232	-0.6046827168774795	-0.7761467234230848	2.1455651845708066	0.9799547780110592	-2.401038241251696	1.4663479819072869	0.1342795875835991	-0.9275216759194632	-2.3378960683476864	-0.836822598463367	1.5227515174407835	1.90383112235174	0.3750244885770681	-2.792983680745321	1.6687619932030169	-1.6684485698924962	2.7926869150085496	0.2527295436941987	2.0534001593815745	-0.95113402094442	-1.5538824334324262	0.7782002592405841
75	-3.13526571860698	0.3603429902774662	-0.6567878251836945	0.4859395265531316	-0.7675871533379631	0.4435406701929384	-0.1521273642108664	-1.4903232749916782	1.404640187270144	3.5265750057981538	0.5536364026966375	-1.1254186049007115	-1.1291354367866706	-1.6979175434917255	-0.5558986910404278	0.2295522185429722	0.5786975715654733	-2.3387498828585684	0.8052604103345287	-0.0503327340359838	-0.7139415331239933	-0.1549335666843667	-0.7958328706609777	2.9140418293292085	-2.4204411660566256	0.6245851249885019	-2.511095923385952	0.9479843334363088	-1.3046249744006169	1.2355951348542993	0.1421497829952585	-1.1249846538852193	1.349824614540745	-1.068731286664747	1.877457593108978	-0.7431780634368752	2.0976480737551144	1.656242199322055	-1.33579736437648	-0.8303172895741251	1.3903152938445325	1.059787207375467	-2.365172403036949	1.3867374039905949	-0.4924622301762631	0.4930882535664918	-1.8312245202443984	-0.9508091320923278	1.0670878839613862	0.7424559875645018	-0.4228372755603928	-2.6542347828251045	2.7937486316521616	-1.2818587946216136	2.0345348947557413	-0.5031157277333091	1.673577812408491	-1.2284528789177211	-1.7261742486946745	1.5959467574334791
76	-3.8338956671384734	0.2605963536119107	-0.1244014356142928	0.8732827007481918	-0.5246044990561859	0.5345362494322498	0.2831471830016386	-0.7827662812438337	1.338152479948575	3.4116544693758954	0.5288619415231016	-0.4255079238012056	-1.6530169828728418	-1.489737005542104	-1.0066585677753204	-0.3605378883354243	0.2487235225204798	-1.9547004593236128	0.615911118921677	-0.0547583963355122	0.0129542433670155	-1.1333098346939714	-0.4167065084541429	2.2997008086719792	-2.8780000449178704	0.2684444936306866	-2.989313829150173	1.359484948213045	-1.68791725393126	1.411914863200892	0.7873989299436029	-0.882872095695638	0.5219190219253879	-0.3573190855095246	1.941177925752874	-0.07345327394663	1.7668318875473878	1.927240357176657	-0.5105889020974335	-1.5329480619194331	1.6174702263757803	0.5730093605603113	-2.9111479434201484	1.6105087115140593	0.2003983007984116	-0.2190346980555273	-2.3360763178132737	-1.0051105532206992	1.492390275718094	1.4157334323155146	0.100668623971196	-2.794492826340397	2.020449349037848	-1.5529952123818	2.3821752803036143	-0.1168849146471808	2.018658464855932	-2.069161635582046	-1.2129401178683823	0.9800578454114026
77	-2.7195943684728063	-0.6449653773083477	0.0671055400740236	0.4867978401231471	-0.0944878239950158	0.1687690551165294	0.1053424312464847	-0.3828313186794527	1.5660518475824745	3.4087588483514906	0.683601995316586	-0.961730268066802	-0.7543968578455034	-0.7142745526222498	-0.1956168724144293	0.2368269977430336	0.9445820111040352	-2.7911327247814484	0.661917514153918	0.2176125639876811	-0.4242510963198764	-0.8562689678090152	-1.6475356722219003	2.6508490822200512	-2.097725596630476	1.0726983025082382	-3.007147757534204	0.8706308727759855	-0.5430711125570129	0.7976437744168725	-1.0017604978760242	-1.3227090810891535	1.138541711334279	0.1786749973268129	1.3404705565424595	-0.8377580230898036	1.814997439714649	2.13085680415775	-1.9566284748112988	-0.074414097640818	1.0340553106417874	1.2125053201651124	-1.441442792778874	0.6159138113251208	0.0332511795664438	0.1644342362657371	-1.396908091522258	-0.8410491410325718	1.1261923135373402	1.0497081413956706	0.1369034099154435	-1.7105658762457638	1.7629164820884715	-1.9496177520500293	1.9813140498830344	0.3124615988037243	1.9030581788442669	-0.94446265142827	-3.1276314395939497	2.6594378173964186
78	-1.826112232056306	0.5414459898551733	-0.3922775840261561	0.2913449163767616	0.3634607350766954	1.3757479422484422	-0.1958549667959075	-0.3012102367542968	1.7890046069210357	1.7561458105909231	0.5495404569566483	-0.2422497794902709	-0.1650865670922199	-0.5663070569649693	-1.6303469516806512	-0.4828957685222862	0.0313659133831366	-3.2489842671021987	-0.2474217300350587	0.01896454229908	0.2069801925729248	-0.8178933818378993	-0.0200623256646498	3.1913898410724486	-1.8924877404269025	-0.2226389358675228	-3.7705456940111857	0.3599392273330695	-2.02793117359617	0.8194254983265992	0.9626156109492336	-2.131368060248346	0.9191438793552285	-0.6075031360390322	1.596775033813282	0.2186120132174462	1.0553789662179396	1.3057794142563044	-1.059356155923055	-1.2969070174659243	2.266363025440832	1.868894588390114	-2.093189369449845	1.8712637199510391	0.932591174530613	-0.1502328258213709	-2.1157562327355746	-1.828759856388128	0.6843767832193852	1.0230884487199243	0.1402320835176014	-2.0825196376222217	1.5820459561789153	-1.4933930657947323	1.4109619432165892	0.0053162388419245	1.8303612409827783	-0.3647244560869493	-0.2842921770279054	1.5649791994526308
79	-2.6703621330311744	-0.7507678426178525	-0.078166172899753	1.983646775611728	0.71966828874043	1.2000393315421611	0.2082869395309491	0.2669275111050079	1.0026501361852178	3.269465528369495	-0.6515432983985452	-0.7833844158262521	-1.3135742006266842	-1.0491651613426631	-0.6960039177757191	0.4129396891851193	-0.134603920917406	-2.2853935325678707	0.6401052762345287	-0.3251177151307793	-0.4174072981716077	-1.0088598388130143	0.569301141263474	2.334496515885712	-1.818328832577114	-0.1787153722552446	-2.549864474478249	1.05483431807916	-0.0764078896532959	0.4677704606851847	-0.0098394929488863	0.5874174718588892	-0.1842736629185861	0.1214890263656147	0.0520805875809751	0.2177288449738006	0.9205272078340458	0.493773284166501	-1.0831681984608457	-0.6632889455359671	1.2737750827189864	2.0783391847587898	-1.5760146012135778	0.8917118440279865	0.7465890556376746	0.0365351199257832	-0.8334297802035233	-1.2371733425460083	0.3025583508712008	0.4681381979622774	0.1468509931672066	-1.44468347532049	0.7077705174072579	-1.082672638577968	1.8527646086541791	-0.0162054782894412	1.7962424881265524	-1.7563948861664531	-0.9465905768489512	0.8083279033286765
80	-1.5968134160742888	0.0869702949863141	-0.0474519244671854	0.0819749132004878	0.3573241747996565	0.7664757508543182	0.1326800000905867	-1.1174285833565014	1.1480940246359412	1.6525582458004244	0.4645557179915809	-0.0914205149486969	0.2093635988099871	-1.4195219831250427	-1.78809001292211	-0.7580283334207633	-0.1281249536942722	-0.9461529400513332	-0.4524321484331417	0.5019579621193879	-0.0846561128874552	0.1071203707258434	0.1203127562145119	2.0180935005683693	-1.1445779815265076	-0.1360741969859442	-2.8346430466048083	-0.2785425376317754	-0.8744735897466039	1.0051750662247272	0.9878603123528068	-0.8086522183728957	-0.1922217668434505	-0.2613262592302716	1.2857077016288558	-0.4128901302669667	0.8136386341022379	0.6994150084365051	-0.3140194760057446	-0.4927541476398769	1.5751081751795186	1.382945135851107	-1.1443957837551606	0.9964359082528972	0.4000471732610315	-0.7946004869636276	-2.043053151746687	-0.6980853208709226	0.7179865267738861	0.0565437584607919	0.1767421565625038	-0.9040267898277556	1.6722371131470843	-1.249303477967774	0.9189528404030228	-0.2014702189886746	1.4206492775522097	0.0130409913004054	-0.3338875924503059	0.1084048543025955
81	-2.46112886924082	0.2839805490149572	-1.2101683218883932	0.6972573500367594	-0.2933058844135232	0.8179366412419075	0.5910746854818113	-1.1447498903443387	2.8597565705333907	1.7188836869928847	0.666184777924833	-0.4865640365774382	-1.0028577516209722	-1.4184606471606809	-1.4015468236663735	-0.8758314522998408	-0.2368206474805122	-3.0721121631917883	-0.0492397331846636	-0.0790726313593355	-0.0904729119074989	0.5719476067780658	0.8182295271771552	2.8822548757898305	-2.2108914051073434	0.0969655425899494	-3.738471338515221	0.4875046778476877	-1.8094944798350163	1.9625604785790551	0.7984180559814685	-1.2347543714872455	0.6807970186314851	-0.799462098174177	1.1560702862959644	-0.3711024488959815	1.0669665568443685	1.4386527745470068	-1.027697985923148	-1.00857379166262	1.6840398925900226	2.3390731864439687	-1.5436881082511178	2.0915448752624064	0.3110891304139125	-0.8555655342516415	-2.1116293215309394	-1.906192056173901	0.660590893572206	0.8768437101385054	0.262169534665825	-2.4923364716516097	2.3112706362859248	-1.3823367815530023	1.4572885998831608	-0.3940855886728294	3.1455407143444765	-0.3300538574448941	-0.3561479582427225	0.4462136781938226
82	-3.2369984833394474	0.399015816434302	-0.557950037462366	0.8856169852627229	-0.3622752224938053	0.7534033495694309	0.8570904729439079	-1.1166687419698078	2.4734799082222283	3.14755891545587	0.1206709816094907	-0.8437771992816794	-0.9168508041831808	-0.7622558329409999	-1.500332814368917	-0.0675833342137051	-0.040185904643635	-3.2819012785022093	0.5315627880498646	-0.3142808020644945	-0.3782764321044598	-0.591030017027319	0.2241899960620498	2.82007916638587	-2.5105657299366606	0.0181091299620848	-3.721938864594752	0.9861230804312084	-1.9632111605389055	2.140524233939304	0.6273958941799215	-0.7453903987888006	0.5539380896067592	-0.6928656789897114	1.9661294641682523	-0.5924569336983831	1.629854421047347	1.6618853935632931	-1.3999529455983954	-1.417119243376698	1.970175439339258	1.8700769172571177	-2.6962267701067573	1.909343556566884	0.5645190108173794	-0.1115253303347918	-2.2614954975886388	-1.6960011541224351	0.2525952305169694	0.5338867866646044	-0.2674423521318765	-2.6202560941460744	2.0779669658020268	-1.675057657189179	1.4488343383614302	-1.38123368595099	2.2199684203092063	-1.5353201661638822	-1.4926779935735444	1.2991284543111394
83	-2.9276503205295783	-0.042668158893509	-0.5331242431497999	0.8528984415519363	0.3500663564702911	0.9353405373289486	0.5581381882656927	-0.2972548145772265	1.4153512573891045	2.5287439232382183	1.4442414926521123	0.2039834682676038	-1.2482985605533408	-1.956171346633805	-1.253793971639428	-0.2127460851413608	-0.0211454087703897	-2.7797042836829573	0.1671673886107911	0.1866876959174654	-0.0792398471955571	-0.9979062049112596	-0.5725367337242393	2.420789869946848	-2.608210686915001	-0.2733561224631834	-3.4095061797639703	1.0792948780692986	-1.884449768644029	1.4198873277230688	0.4064131527655417	-1.5041504842296898	1.0950030995057596	-0.4649053012167963	2.0265040325838406	-0.2440940874555834	1.7407982838429268	2.13357712310719	-0.8659622433890419	-0.9406445603088228	2.3317975416863868	1.1626540025957557	-2.2352709888987405	1.942571769279896	0.203987072967636	-0.8963921332397287	-1.748607601067429	-1.2375400073805	1.1955565131670394	1.636377309143752	0.4265669916324355	-2.417146653766722	1.7942774896983966	-1.5685639613239517	2.5085197682272526	-0.0140324698180668	1.8832494101167767	-1.6883489539258494	-2.188490607778106	1.476601100105666
