label_id	PC 1	PC 2	PC 3	PC 4	PC 5	PC 6	PC 7	PC 8	PC 9	PC 10	PC 11	PC 12	PC 13	PC 14	PC 15	PC 16	PC 17	PC 18	PC 19	PC 20	PC 21	PC 22	PC 23	PC 24	PC 25	PC 26	PC 27	PC 28	PC 29	PC 30	PC 31	PC 32	PC 33	PC 34	PC 35	PC 36	PC 37	PC 38	PC 39	PC 40	PC 41	PC 42	PC 43	PC 44	PC 45	PC 46	PC 47	PC 48	PC 49	PC 50	PC 51	PC 52	PC 53	PC 54	PC 55	PC 56	PC 57	PC 58	PC 59	PC 60
1	-4.241266725122841	6.630735520948758	1.3230494591625612	2.3390793263315857	-0.4141428843091054	-1.3109531108821897	-0.2812263938765533	-0.7724708730106481	0.1183719589306507	0.725673498673885	2.1712560302614747	-0.6752955272650214	0.1183060015763357	-0.7936627773638452	-0.1366494039588954	-0.159188408382	0.807998833923699	-0.2969303501746576	-0.0174534913512267	-0.7777451003444237	0.8003046892612	-0.059385040846326	-0.0327095020495703	-0.3267496812964897	-0.2014755210413721	0.6542731958554177	-0.6004439540193788	0.9152739589626632	-0.3128409725522106	-0.1939880055429466	-0.0193371598345043	-0.3105307963320278	0.089812674469293	0.3003946115956632	0.2329566714784384	0.1083900463990263	0.7260122747638579	0.4877670852541919	0.3982897739437033	0.0446622695528961	0.0648789194132889	-0.1038078065400303	-0.5527793382888608	0.1039898715660118	-0.2053193973583019	0.1040623851873584	0.0633019277139086	0.3287962127674286	0.2430965928063934	-0.1742104301827418	-0.3285623545882136	0.0443492414018166	-0.1262426888599968	-0.3055010963112269	0.5018457756269499	0.0204854808645224	-0.1294970579790691	-0.4651421315107281	-0.2147100090132656	-0.2070700672788271
2	4.569181267279586	-0.7631223691016041	2.5081997935971505	-0.6815991118777041	4.2601516730581634	-0.134475214385504	-0.0799821819703702	-0.3371050981797457	0.4642053288519994	0.1938963266597967	-0.0699954777828786	1.907928160705356	-1.1938539246072437	-0.099425134879601	0.5959167013536485	0.0636896903568811	-0.9025842402799448	-1.1718699363417466	-0.0153029183061833	-0.124627274085016	-0.2707078725067779	-1.0731726230149952	0.3433243182401179	0.0317300596455431	-0.5645610874341151	-0.2244841845976203	0.488413538036846	0.3119215705222892	0.1375335377329902	0.1116190614456653	-0.425213354624775	-0.6710816816269184	-0.1696825072925034	-0.2229293943619676	0.049147127791794	-0.0685041444942362	0.7746592833506135	-0.0839820504545651	0.0082559842847518	-0.0635947663111577	0.2058702267895359	0.2517726670611772	0.1031450265024061	0.0105145733271786	-0.2586458861359817	0.1434083081859069	0.3199540835045581	-0.4652762318907313	-0.0435587609104898	-0.3848081354957313	-0.0174177447355662	0.1634436639887382	-0.2609297727877341	-0.1231319613049355	-0.2151692681161469	0.0296223088018636	-0.2645288130029468	-0.1046092764759869	-0.0968963541115342	0.3570013831426198
3	3.7398323379524654	3.777721499209683	2.470699483163889	0.708809148720874	-0.0807476719441809	-1.417302487961817	-0.401836229475611	-1.5130894539187196	-0.3623914927583013	-1.1858529122431851	-1.1080812789635486	-0.7255479162189205	0.7874354652364927	-0.8455054180889984	0.1652070670573226	-0.2138560415771576	0.3257993490075744	0.081137109337462	-0.8297947893773722	-0.145378707791716	-0.3042237765043402	0.0940588903371204	-0.3913776797404067	-0.498299691027651	0.0932409058463439	-0.0435635067589817	0.2649123308292084	0.5291457189378299	0.1330099071482791	0.1471234323321584	0.4723056852699701	-0.2931177339211903	0.4855523933756239	-0.1444179780677816	0.1773899618536861	-0.1352893092290436	0.167049436547135	-0.1070867400007659	-0.0653480393471501	-0.0695971123673718	-0.0404354029040081	0.0929019055750678	-0.1366472108342727	0.0869148550174662	-0.0371375765168493	-0.3349355516805955	0.0794589036029041	-0.160001126725113	-0.2068823202009852	-0.0558103373815269	-0.0536960991195894	-0.0743425564991397	-0.0791973126983543	-0.2351121779557204	0.1006647096483178	-0.0221087662642518	0.0238922799321557	0.1455684546776494	-0.0450375258226404	0.1277867861726536
4	-0.3018116898283251	0.5992727760066022	3.743585187901184	-2.9388547681495507	3.4593236248272263	0.4390510714469506	2.4814714689917072	-1.004320106066381	0.4707328646235192	3.298515288480488	-1.3919186176444591	1.0127152577835183	-1.23382686850289	0.6064003181389983	0.9394209130362008	1.2163349084837118	-1.045514889788827	0.7998117073795116	-0.5827902516728737	-0.6590715386395836	0.5426674515524689	0.2040133111061536	-0.8541458807111346	0.3504768246127661	-0.7521278382319788	-0.4541205823122193	0.0497929056237995	-0.3377904914264973	0.0433757072643925	-0.0350657117818761	-0.574488762159894	-0.0458618127606587	0.0982469217291879	-0.3727106895548486	-0.2946252233589801	-0.1113580759888254	-0.0510746998763873	-0.0885721209812376	0.2506279230077319	0.1680242844156685	-0.0726390679753025	-0.4496158173147222	0.0869205078963604	-0.4261607470953475	-0.091082451849502	-0.1427168755930269	0.1363004991616411	-0.3741020856966617	0.0800940228185538	0.261979913187979	0.015128456568318	-0.0184334027677493	-0.0662530371798676	-0.133023598557579	-0.226424915113704	0.0006051864149334	0.0719996000573116	-0.3590648588807772	-0.1296270844651822	0.0721165675550619
5	0.7720131376845776	0.528501655523735	2.3778438273219344	0.9282286334955392	0.8327967991724944	1.1582073129345294	1.3016349040558866	-1.8468079325315965	1.3357216296882808	0.2327534374561648	0.4454757387925237	-1.1193627552398588	1.5872160567578064	0.0453225616911279	-0.9862723040798852	-0.4882526348393898	-0.7947385278414507	1.8493744028233472	0.3898524637377521	-0.4894701633589594	0.4300123569709173	-0.2099021482852471	-0.2981919116486457	1.2265314507758702	-0.6993964653228185	0.3179417391470431	-0.3397813099331401	-0.1672184772767947	0.0312490468041287	0.1464937980471249	0.4453946125313289	0.289836542812864	-0.0084878620030472	0.1853337483100829	0.0657888470985973	-0.1918511748528357	0.6566650407794838	0.0701645790705212	-0.3021713226326268	0.1512142743958012	-0.2693985661922211	-0.401768535342775	-0.0757037007015433	0.0575206274690967	-0.1256224363385623	0.151819985325296	0.1889696046309653	0.0497900732686094	0.2000908546938787	0.1499684833954492	-0.0262920896986114	0.1256635046892742	-0.1853533299885852	-0.1871653627279108	0.1226946235852735	0.1784803313918355	0.267403973224473	0.0873553562062478	0.0825756163271362	0.2860108156670164
6	-0.9855904672383248	3.2069605001336168	2.7256000574485224	3.2779525013240405	-0.4915809098552246	-0.2424508520170783	1.2970212075502747	-1.0332378100290542	-1.2520024957718776	0.6096145683137317	1.085612537753208	0.413906341590859	0.1083600348722634	0.5325502852376149	-0.078431152458782	-1.8884492062109728	0.2048706559976948	0.2688862443829505	0.0973462665794833	-0.0610638795970043	0.0467607057451439	0.6272886986155021	-0.0647920657837386	0.5835451939266129	-0.5550949170253312	-0.5107534423985578	0.582451895238953	-0.1752971938428395	-0.2386147292977532	0.0480815069351927	-0.2097264176973332	0.1412630620069996	-0.0189704437808005	-0.0086359063568052	0.2129135133748056	0.6912853546700599	-0.2664107625477626	0.0976899711956118	0.0262923218397387	0.1407250948977156	-0.5201833635430323	-0.2317013225291005	0.2781204805538053	-0.1143540434570792	0.1453403137225424	0.325664225668231	0.3069981616634572	0.0960475266165357	-0.0916077904081608	-0.4073301727290242	-0.0002719598877449	-0.0659194496497577	-0.1553765583805167	0.0932430040471206	0.1571518766267106	-0.225579862847794	-0.0668371674416029	-0.0836216941514196	-0.2232324544943821	-0.1316763268477447
7	1.134202559047368	-1.9789796984345376	2.656934518233325	-0.7072743156414043	2.3566545701399013	0.8936049418796117	-1.7481882677839378	-1.5194176367761771	1.6847965525268254	0.5538974600724256	1.2355307149653003	0.4791338854203325	-2.724408812493817	0.5414487431904655	0.8373377886448121	-0.7708216445574316	-0.164902138870407	0.0558225852239059	1.3149193273611828	0.1219182791322598	0.2117730168755861	-0.1649832768264922	-0.3778875878946787	0.4636856852348736	0.056074050679755	0.4765442405804126	-0.5699669886156189	-0.2148223628557883	-0.2551655483607538	-0.1841352149113585	-0.551138381120338	-0.4026633896051129	0.1344340234443295	-0.1632727638997082	0.322429146696755	0.2178093822921139	0.0442991864580867	0.151892780682392	0.0452406630459008	-0.0697969045874717	0.0018178088668835	-0.0589111963957697	0.0740633947646323	-0.0601852882533957	0.0753348861558753	0.1172625870492148	-0.2087971829581354	-0.3729934512687051	0.0213579382894948	0.4219278748242128	-0.0006198278032589	0.1270151052418587	-0.4089576367621007	-0.2373176229727236	0.1909802752877336	0.1832846504205047	0.2449639477558802	-0.1973010587203242	0.051354654982238	-0.1543503656550018
8	3.463030681293753	-3.578108334627642	-2.774591772958958	-0.1100427097845464	2.557089203106352	-1.8051479422155672	-2.8225274507324105	1.4352258336860164	0.904494972034782	0.8283649645859956	-0.1201969132402142	-0.7975477513676043	0.8395156233119059	0.9770104314424696	0.1467590460230902	-0.5901628486540328	0.631853406818022	-1.581968486885496	0.3306468865328205	0.16683670038723	-0.7822337744628833	0.1801636697065968	-0.5226301127286104	0.2445685102146189	-0.2457209420473143	-0.393027868016999	-0.2483481787183929	-0.5099485340471477	-1.2011404702496662	0.1486016836463691	-0.2018346837568294	0.7819365023935725	0.3301778699617114	0.2898752718209075	0.116941898214356	0.1197368026091655	-0.5184010973334253	0.0870540123368895	0.2751074117733657	-0.0796950191029526	-0.6239136911117165	0.0856942204927971	-0.062219830472641	0.0428723367966431	0.0420666758329916	-0.1103635980311099	-0.0098308470590237	0.0905174792176362	0.2210334869142723	0.1976274315467303	-0.2484466549970369	-0.0285836573882393	-0.5085008591948906	-0.0148850872094473	0.0928944077783276	0.0500168861680771	0.4187713836974339	-0.1242874660286845	-0.1578753034181119	0.1154121585257771
9	4.675078332211918	-4.845116749804985	2.078485392891664	-2.745215678649219	1.5116094207985638	-0.2852916276706006	-2.630776081557757	-1.2898149476763423	0.1212950634266365	-1.850496645673153	0.8047006379385954	0.5485953837378794	-0.4088526385284057	-0.593509700335628	1.2900295383640266	-0.3591682966469197	-0.0821604084665141	-2.254375547206346	-0.8390228772641428	0.2297681909318129	-0.7800840117507529	-0.2584530487569904	-0.0019214140841571	1.193146365220298	-0.1951383972847618	0.8197941602170643	0.3411643794860698	-0.1671401400188893	-0.4166464619880503	0.1614177413448425	-0.2239423745875865	0.4327350642431648	-0.1676856166483082	-0.2357697416678866	-0.0502463606846047	0.3062133723327987	0.2596959887745021	0.0279113067559437	-0.3570385534834221	-0.5319765804876524	0.3439388120004746	-0.1156266746726513	-0.4143566656550305	0.4365743720730761	-0.2161911318700373	-0.309555731245839	0.3529567618898391	0.1403071371672067	-0.4461603045986229	0.2524080455214046	0.0779023328242502	0.1651296952136616	0.1312581246275974	-0.005317974443162	0.3832744508834784	-0.3690157684528572	0.0628846974922567	-0.0307713915100602	-0.1756364405155739	-0.0738131814685409
10	-0.694305863042101	2.2186072206629124	0.5787501214001464	1.4769251697426686	1.9859407783170664	1.8826097272872944	2.429895200667121	-2.458240544998989	-0.426636062212211	0.0435054706542174	0.9458484999956668	0.2961618273043259	0.8124509602542953	-1.763602772432688	-0.0350516542183884	-1.1672144990544322	0.1058799815814233	-1.251872570636516	0.3614226978079783	-0.4668366732338425	0.2573449111991342	0.7986466050413279	0.3077683835746472	-0.0241234004298453	0.0617148734842109	-0.7587409286252251	-0.2768324196718237	0.5326811082210077	-0.050244096352033	-0.4078950422465857	0.4805340779115586	0.0405736615799281	0.4225986632438365	0.1365909987079065	0.0603286201996656	0.3504682430630019	-0.0649658866599292	-0.3148842711877409	-0.8150162271818278	-0.0813885693988891	0.297459129756985	0.4723257012154404	0.027085653925321	-0.2649596341386173	0.3321526025505298	0.0437128918357305	0.1258709704887724	-0.2338940078256116	0.0592459579251891	0.0781995619225674	0.1966890420256804	0.3158036917557871	0.1338341530149183	0.0261704229450846	0.3061461850633721	-0.1437088067625576	-0.063614684086598	-0.0352411670243041	-0.15228672580941	-0.1361130946604213
11	-0.251415639432835	0.9468061528988032	3.917810407394621	-1.61345730383052	2.538969630479683	1.941322213400572	-1.7328759783844103	1.939526656382766	0.1784337385176272	0.2682414584181198	0.8313435453565304	0.2858573020324051	1.9654489072496428	0.0140602690273054	0.609092751562862	-1.1650996768959183	-0.2029840709698019	0.2864869445057131	-0.3177632839945076	0.1180884320327018	0.5541077866718264	0.4658405913147725	0.2568742687722343	-1.466194580223089	0.7402108709570829	0.3417860185369819	-0.2025541498850672	-0.5250160560389778	0.2900509500774234	-0.3356505775803637	0.3828671450907525	0.3171822634061347	0.6883507641356961	0.161935876012518	0.0155797621502795	-0.6117426501572405	-0.1687567966654352	0.042983009479411	0.1566897700848615	0.3979255983258586	-0.8024120938713699	0.1484872583399492	-0.3284745430683855	0.1838931499015591	-0.1498745570430499	0.1251012660557362	0.3613040277062207	0.1696229469574911	0.1617660644964285	0.0359195426485594	0.1651245966459882	-0.0854647128597383	0.1997969559279269	-0.1070462072046472	-0.1064952346508176	0.1281508264371492	-0.0084615583818606	-0.3307240064540567	0.3264884132049757	-0.1974890976182617
12	0.1861546836311521	3.683525706584024	1.175851536938724	-0.9121759664407892	2.212107241674215	-2.653336969941301	-0.7117065270288269	-1.1960083986341306	-0.4425599572266889	2.116276862665182	-1.0611230306836263	-0.9752030670569842	-0.1888129884581168	-0.4409434907319772	0.3702709164483878	0.0561714084899366	0.0976073156214555	-0.6367126715231867	-0.0796582675086095	-0.1192010111980442	0.8100089715642379	-0.082113672409484	0.4276415459374222	-0.493017530250501	-0.7690615882173071	-0.2150036016090814	0.6024964791976819	-0.0806383651430659	0.0073788121781927	-0.2655025681249613	0.0371809232908508	0.2623110331968888	-0.2251533952509945	-0.1055137521643009	-0.0631427282661541	-0.3828825804279084	0.2432904506340898	0.143957497489498	0.3419554776387382	-0.4318117175200323	-0.0677224614085297	0.2324531398557777	0.0460898938082329	-0.1055649624051538	-0.2843130435107696	0.1084308873571996	-0.4339538211815982	-0.1121171917633149	-0.2556762059641655	-0.0774672423722112	-0.2172873111693342	0.2155655993380132	-0.0024906102836898	0.3256027997326698	-0.1975701300253112	0.0666073663201042	-0.0262973121681172	-0.0728884484768805	-0.0817961931373592	0.0718763879239604
13	4.693024648251496	4.574535661379351	-0.4328855972526162	0.1806762737601406	4.704372653825144	-0.9892591840407908	0.1511468819191315	1.1226309783621016	-1.154450018728119	0.3211259646169769	-1.5375708260011414	0.6907890183835603	-1.0005276828726886	0.0463412876734004	0.4143829006306432	1.590817770571731	1.2938913197767956	0.0847659132507239	0.8223296171707721	-0.020574998356393	-1.0747601732692331	1.0374059677122376	0.2305203563416578	-1.1003392116664863	0.0303579257223273	-0.8646808337821819	0.2885902059095293	0.3008423752317122	-0.1628708968530279	0.3279435033640783	-0.4788457313061044	-0.4629679099699602	0.1988692932403294	-0.8232442275549109	-0.2545521370875239	-0.2463962048852681	-0.3714929546166985	0.0172399133965023	0.14310787812828	0.3292109123284258	0.1731852148864403	-0.1774257373548359	-0.1433854346137969	-0.4181281482421902	-0.0282542799498501	0.0445652534226722	0.0783546678809213	-0.0036394952547864	0.016222679619405	-0.1733434973077447	0.1896701640137939	0.1428070248212386	0.0685090644623554	0.013744861683149	0.0579718156061327	0.0803688725655162	-0.0908497659970414	0.0717990335681975	-0.081085554372119	-0.133585013472242
14	4.098555065459149	1.531871807180526	0.5729094910995014	-0.1710498134662886	4.190566223193966	-1.8913151557155297	-0.930153092765178	-0.503121659213355	-0.7801440320843349	0.6480677432557456	-2.1991468730990755	-0.4324680144986958	1.7134157117755595	0.003522316489546	-0.1592697766989193	0.726057431550272	1.038545783863482	-0.0833830715283396	-0.8508681642560968	-0.5860803373014928	0.0785247491489205	-0.0485678930346351	-0.1943359347299346	0.0623947755443828	-0.061841148838135	-0.8147445207417607	0.6765337170065862	-0.6757200857426886	0.9174362167207756	-0.3034307951230608	-0.0313519709252412	-0.3633451883710625	0.5772136676309317	0.4778467303715824	0.4125909716425617	-0.4863459698425751	-0.3885663940768226	0.4880935308977116	-0.2030779843831446	0.2239762745027036	0.2057004998235128	0.0361644202636888	-0.1922178389116828	-0.0567093472953077	0.6071893137517436	0.1795385592209233	0.2779680745106884	-0.308731047778424	-0.0892317769884654	0.5722532440453468	-0.0325843676732224	-0.0199428735372901	-0.2978670749684106	0.0196198930176124	-0.148461491967086	0.1540419999879424	-0.1652520348496079	-0.1620051938959697	0.0820315426641599	0.1366433505540918
15	3.805586958463643	4.3116189411670565	0.4781769591082191	-1.725742149758592	1.8274330543693185	-2.0940658491597857	0.3047805225476479	0.0354951524601481	-1.2525183050147768	1.88163754327773	-1.3994221157493751	-0.0408497515029223	-0.901790979617769	-0.2626773220047582	0.4464211405908254	-0.9575125692841128	0.4340246933057531	0.3767441393133882	-0.0404911246039747	-0.5891530855351234	0.3085270534651833	-0.0856179214411626	0.2313706846461069	-0.060130590483978	-0.3576413986347955	-0.2910888324816023	0.0650545103850307	-0.3418548044744781	0.1679312428755862	0.1234528896456642	-0.3274692124967801	-0.5299341897502209	0.0441492381598559	-0.5814796414690775	-0.3441375751352823	-0.158343927553289	-0.0066643763258524	0.3651862698180478	0.2359100090261538	-0.3971966512992161	0.0056701051139656	0.2316975227080239	-0.0362089891290181	-0.1735092170171794	0.4068548129938989	-0.3541990120313742	0.0595749069912414	-0.1311330903198711	0.5987971463214442	0.0596066748667224	0.0806427620342526	-0.1477178904042436	0.2462125919963466	-0.2116458881502614	0.1399893593028894	-0.0897078128931995	-0.0711039808922442	-0.1265671703361957	0.2307140795433704	-0.2064935171498474
16	0.7110234381211141	6.193438608529274	1.207687909670771	1.1151836367172785	3.055174265335431	-2.358458704512503	-0.492825891154096	0.403768200856638	0.3873831555932407	1.32926059114392	-1.2907268767761373	-0.6145878493880712	0.4064241544921597	-0.6776106754870077	0.3783714447774134	0.3114919773345844	0.1073843373258451	0.4893456669022103	0.3681052478670628	-0.733626174626828	-0.233758716685656	-0.4922119101964617	-0.1677398233324795	-0.959935454452717	-0.2825039841540033	-0.2123686177699515	0.6243643221372512	-0.152562056128589	0.4704666866459392	0.1859517192879676	-0.5691006593661577	0.5006835861929037	-0.2897906892684457	-0.8233960873026049	-0.5383169019892342	0.2424792471395443	-0.1711359230350036	-0.0649773213212769	0.0197465785690332	0.0751804121821147	-0.2963109552469256	0.0580942682696088	0.023656618524765	-0.3430978600682827	-0.1950757986924814	0.2438150857721183	-0.0881459601925936	0.0164386306947533	0.0102977653446188	-0.2453028444662215	0.2335063237827268	0.1153812886447806	0.1116995197368077	-0.276196304183375	0.4047268663735056	0.1290953392414308	-0.0410675792251929	0.3016792754332783	-0.181600701199148	-0.1186376195524762
17	-0.5675623305123033	-3.020984660118286	0.04483624212707	2.16757969691269	1.5349652054373095	2.827054319359797	2.851488247216621	1.2002402150417022	-0.4607971876134414	0.0561633271755258	1.140357063454612	-0.3622282276082468	-0.2511897872536733	-1.2416198460823322	0.0392919269519723	0.2141204712439078	0.7132892551505465	0.5024516544539921	-1.1601952484295452	-0.2122036617450434	-1.6306735734267592	0.6842153782646467	-0.6694251389540697	-0.3932046790035468	0.0936596130492755	0.5081051129889738	1.052735956384456	0.0815450290458914	0.3063907349085655	1.1061748384617562	0.6070648522493337	-0.261479022760503	0.4181116381527902	0.7712106317561361	0.2872189355353873	-0.00045672252261	0.119497322373542	-0.2161885338063401	0.0358057021566107	-0.1051088181547327	-0.2421690393184072	0.5493126361791705	-0.1946713812444037	0.0303167388639804	0.4017233913914976	0.135507360617666	0.2064719287946917	-0.3240367862901612	-0.1867520352556204	-0.2768906428362566	0.0636266192134251	0.1827544433778082	-0.0604724587806004	0.2267060905362107	-0.1852386673699397	-0.2144335950486646	-0.1971545626357131	0.0422168170934539	0.1423455134612921	0.0868565825392255
18	1.04280834345678	3.172789206514825	2.3907570088278813	0.8680737557252577	2.132870602713352	-1.5787032050072112	-0.3646585241630279	-1.8055114331254447	0.2148895871693756	1.8795248781933755	-0.9557195924036797	-1.077771486224154	0.935713513500836	-0.0662720376675096	0.3033260309600926	0.85349534399956	0.1145557192711363	0.3898187473593575	0.1575001267888652	0.0627364236687064	0.8794961448203523	-0.0630377202001662	-0.1579951021375899	-0.9742841398858156	-0.814583649351018	-0.3871041281506422	0.9327324144572892	-0.9648260658456976	0.0786990901096506	-0.4414215584840363	0.1858099890496823	0.3961086502103767	0.0817844333881828	-0.3937487152185758	-0.6434909731209264	-0.2272918446106006	0.0713283085105955	-0.4823251262988708	0.1972477955478146	-0.6856498690418059	0.2188431488371379	-0.0339462123905659	-0.0071669694675813	-0.0502490200258838	-0.4051126872557474	-0.0377148609612229	-0.3453985630614823	-0.0658966486158068	-0.3000442609736127	-0.022160309110028	-0.1236021892456752	0.1065495302918724	0.0091950829624263	0.0934677556546925	-0.1759490031187588	0.087892940924778	-0.02951732255655	0.1701808198433553	-0.0368825422978546	0.0299168439525893
19	5.276400674193335	-4.471340641448272	3.285664250255513	-0.5978271172069795	-1.645719365595472	-0.8655307682186301	-0.4465775638353645	0.3575261364595964	-0.628978605099694	-0.2579604963048865	1.5512235393868274	-0.009202745750461	0.711206527400429	0.264643942474531	0.526982504687026	0.3946100772341049	-0.9604690342815956	-0.6036117361913714	1.2134186813705832	-0.934803061905074	1.505530043105224	-0.4836121272684725	-0.061039494342189	-0.6407770562040364	-0.2941685194999295	0.355466380456449	-0.1262337599275413	-0.7851695367223167	-0.3503038100471672	0.4264833368725546	0.0694503239452456	0.6679470113620414	-0.3581059710739334	0.09313341922822	-0.2966613191490299	-0.0891045315770955	0.3974457983378038	0.1235891182737301	-0.1087894136078504	-0.3554654043183082	-0.0263346013210328	-0.3082232001888871	0.0368689554898871	0.2286904464904883	0.2643910940054804	0.3606688213182667	-0.7225419822074833	0.3381662359098921	0.0826998142864742	0.1770104417799497	-0.268910237046239	0.471261406773352	0.0597671238909785	-0.1650325531420579	-0.2800467792280611	0.5077346271173306	-0.1598394869294516	0.1073983009590877	0.0719498294352468	-0.0514646498591888
20	5.076390848336705	2.2362386844515934	1.813002837034096	0.6113417031262448	1.4550764379986598	-0.2865017676469263	-0.8145072849400674	-0.8170737072782864	-2.475818404079826	-1.431221460028424	-0.515590733018672	0.6178258152763976	-1.5568065497889838	-0.7848571538593621	1.5336021355449458	0.5667469354556552	-0.0646803442955657	0.3264867455839119	0.7716678001485425	-0.0424522731338007	-0.0922011682146335	0.7645567883991289	-0.2843371748996601	-0.5940641060490597	-0.0596148078762093	0.0151234870431798	0.2099133353812414	0.6706662837459313	0.8495774675894225	0.306944329607256	-0.1158671770802638	-0.8658503174547091	0.0675514547595835	-0.5025155898239307	0.2290582505708661	-0.0764511096274219	-0.2298383642180671	-0.2668910623351579	0.1073772752620813	-0.6492016266514974	0.1175037099384043	-0.1035133730873251	-0.0341221543007058	0.0125753055923168	0.3276068784456248	0.3002560483444534	0.1788806555776502	-0.2512183850147915	-0.3792323318680958	0.2513326127643077	0.027794608495222	0.0336609609055365	0.1900900169832675	-0.0923854460797067	0.1012716101473688	-0.1060391329681331	0.0190366949838952	0.2120789339691307	0.0535718240501503	0.0519523004584007
21	4.753118886366933	0.8745395045368672	5.126717434812072	1.6297352153089522	-2.311310011874569	-0.9095377363599998	-0.5437530472815753	1.3012130707687388	-0.7387373530384256	-1.280034291696318	-0.8888941716697627	-1.0672947063877112	-0.2028890060582141	-0.9495884684976666	0.7857207750695737	0.2977273984696276	-0.1932556849900848	1.2857691106748397	0.1289916681999261	-0.3513085016516181	-0.3052883023949138	0.3643985477575583	-0.3788134752050509	0.4701679876102666	0.4087039920540102	0.4335593506920709	0.0928935590276198	0.8329903757594983	-0.1383124587340226	0.0573464367602844	-0.4531421595845595	0.4094227169961507	-0.0559296541632426	-0.6609261280460386	0.0642342149774383	-0.098032028433746	0.140213097680575	-0.2367428998012965	-0.0493685666452178	0.2587547693176563	-0.2934437917910429	0.1165187907404758	-0.0266900913986718	0.3820410160391913	0.2596545084915303	0.0297989841557781	-0.1525315568341043	0.3125710179931323	-0.0964197774225111	0.0711321789517483	-0.0135460520247456	-0.1541721201679435	0.0514695251969781	0.0009843833870421	-0.0422913033233534	0.2128108199429894	-0.0947973616774152	0.2005565111219227	-0.0229227806920347	0.0730235532754122
22	6.693813408967464	3.769248460689461	-0.3713823848675051	1.0728524335327554	3.6720135764634168	-0.6740970055880184	0.3337145498038295	0.8153614765764143	0.101745040134564	-1.2227023921716438	-0.408731389678012	-1.037369763737077	-0.0320508705993665	0.0152474450826228	1.3711020555486342	1.0235838798303551	0.7849828938513292	0.6864385787730999	0.6259961228807975	-0.0542787168060388	-0.2401298754249458	0.8508505618820692	0.5680397838847719	-1.1484408944960924	0.3504788781755195	0.1955444547605455	0.6460679732765089	0.8414334675357368	0.0900462769150878	-0.014425130279658	-0.1753541292554425	-0.4838241335188909	-0.5018092232778314	-0.2316027883039859	0.260863901231593	0.1946827555172255	-0.1923110284706634	-0.8551907361932393	-0.2971204530329004	0.1770388838674385	0.0639655537663548	-0.2206646224131895	-0.0348951857737057	-0.0021404071503973	0.2534583313746842	-0.1146656529443685	-0.3257991372686588	-0.4378558115631801	0.0156703766280576	0.0659165047480859	0.1780879442934031	-0.0042890841130372	-0.15874334645376	-0.0500845975239904	-0.1084602652988454	-0.1020715546453855	0.0474580441156221	-0.0105936348536582	0.146227417812543	0.1778123253918195
23	5.016960729756918	-4.579762438577866	-1.332258269514734	3.7590392409715054	0.8344209172783487	-1.5380656225604774	-2.0099253328980065	1.5182366383951456	0.279846087903474	-0.5470974897163353	1.1040496975844756	-0.706649662112828	1.1713046724735665	0.3878968794309023	-0.1534365704187619	-0.5541868431507916	0.0260471236432964	-0.913868329380574	-0.2385834461443967	-0.4679026444994438	-0.1264093321261632	-0.6634793228706066	-0.1199823041629246	0.2485214735266856	-0.7790839791925708	-0.0155524863394255	-0.3356327121807619	0.3259741768470115	-0.0202804510701052	0.0121375654711252	0.5271592814483318	-0.1990777375774703	-0.2780321007196689	0.1153045412548997	-0.2257779093272578	-0.2812963338792163	0.2439600528782084	0.0777476527650706	-0.0665935128726879	0.0271153274091371	0.1227166543100956	0.4818374019330533	-0.0376363291071382	0.1994940654223335	-0.1029952953917681	0.0701603905216775	-0.1522407261596737	-0.0033689102328245	0.2269374048690706	0.0913278662439958	-0.0596767863679418	0.1048425645778471	0.1889368545892999	0.1658237232096145	0.1045127250446091	-0.1037633688095191	-0.2863737540528124	0.014621799526042	0.1657299720890969	0.0480307401322384
24	4.596665925763719	-3.4739427822684297	0.1818374798807374	0.997611094312656	0.3834329155068494	1.670567785297162	-2.2538029024886126	-0.0674563616439448	-1.265120067206546	-0.1504108560291542	1.5519107594650638	-1.7300424002498582	1.4998123290174032	-0.2567411957331052	-0.276474793915599	-0.5606798067103793	0.70408416621388	-0.0491754564485825	-0.0477490022077248	-0.2862161744736803	0.3823630668306594	-0.5645946036343787	0.3713453023385428	0.1576805554214047	-0.3427834271703016	0.9804592405550242	-0.9341796224721328	-0.528294441565874	0.2097919809490952	0.0078797144620095	0.4253793569425427	0.5796561564722753	0.0277200036189109	-0.0055946726454672	0.1162140329690505	0.2841087488171307	0.488813260070486	0.1868882344009584	-0.4099917748298625	-0.1799278429355728	0.63284726845101	-0.4096594244228588	-0.0857945387264944	-0.3194769176027252	0.3187357913370655	-0.2199707227869514	-0.0211392324449937	-0.0222183756043802	0.0353600967155636	-0.0164220289869368	-0.2680022018583196	0.0746522663289067	-0.1225251028237739	0.0507028953131807	-0.1530560371957271	-0.0415701273196144	0.2602918579399891	-0.0200183599679658	-0.1116001529149946	0.0391330480752335
25	-2.3836321782452483	3.9422524908243086	-2.2540321706851003	-1.4712372683782344	3.038566879011024	2.8656148429632085	-0.3167339101710211	1.1224051263519603	-2.1385506696714334	-0.0516941909845898	0.5996322698038504	1.2034817861328737	-1.3807034784854446	-0.9183232431434852	-0.8784538451947734	1.840054298442773	-0.4690284281501359	-0.226109585282678	0.881815710308858	-0.5458656714643154	-0.7807485382871044	1.3948970244015109	-1.1855253319156906	-0.2487666978191158	0.1328933178453986	-0.2387272037301625	0.3530687693267211	-0.0551875363936788	-0.421213627037468	0.0121433477961719	-1.2516299521371776	-1.297187927840918	0.3505100581902497	-0.0925706370974802	-1.086138917380179	-0.0217940064206954	1.0836694387755454	0.5442223949084368	1.1995662999714416	-0.4220714498976719	0.441958624335517	-0.3621029174257147	0.1421271824157278	-0.3553505517573451	-0.6808976965259669	-0.1037250204143311	0.3434876226256991	0.2614511260853797	0.614460315485804	-0.4053500584129296	0.0349251436667739	0.2755153920750626	0.0251644802231156	0.1606537965042815	-0.4203944716802424	0.5150055860569495	-0.0078226586812783	-0.6338337013962019	0.0228889281520298	0.1561881882881068
26	0.8838441820049964	-3.540341193907932	1.997431226750716	-1.8896593901992504	-2.1718553989135883	-0.6951990548328485	-0.6846415760706138	-1.9144484132241957	2.594818269017427	0.5842000832093971	0.4806258859467163	0.7485597730884894	-0.2169869205696293	0.1923433176995121	2.257846447724885	0.526604575484235	-1.0252017114495486	-0.190185738672664	-0.1213938636229604	0.3250870900175354	-0.0420649608381385	-1.1109008742985027	0.0057166104133561	-1.1162758857894428	0.0129632916286704	0.0960207060583736	0.0188328028603288	-0.4492700411518058	-0.563899379614455	0.5177309325093441	-0.0885698317349981	-0.0289196275217662	-0.7739492292904514	0.5684710239337344	0.1789928128625476	-0.0593557619529483	-0.5024321738573216	0.261742741328263	0.2659111319443349	0.1117977704471394	-0.1274091125902884	0.1424847375212024	0.3579280332319208	0.0641161101768457	-0.2511978994347635	-0.2726815832946568	-0.1908517411691765	-0.1943540495309487	0.5668355544157537	0.1390144773983769	0.1340695998484751	-0.1175519028015781	-0.0566670168734273	0.1474353873011966	-0.1780498082744437	0.3977942765269942	0.0262761928782659	0.1101252795513327	-0.1003938201782592	0.0195120834158584
27	3.057909138125024	-0.6043100464225823	-3.1191223931841283	2.177222423870694	-0.889044808156004	-1.6176058606305006	-0.4300143019882997	-0.9240996600251464	3.174283585026552	-0.2630578691908778	0.2992529200141318	-0.851350355899586	1.8619055012462915	1.2770125153166545	-0.975655949586077	0.3409613880976634	0.4792132515686027	0.9511867242093998	0.608230361673763	0.080777867910916	0.4922115815471723	-0.4439870381342614	-0.0199826320393993	-0.100890228542507	0.3853134092955177	-0.7539931292345968	-0.1563634804528536	0.0390199099548663	-0.1380477551993139	-0.4093595329045946	-0.2311420977333435	-0.1556034744254506	-0.2389178871794411	-0.4217173462491649	0.0623520130065169	-0.2168007072657052	-0.3200612031444588	-0.3026233487448436	-0.2085567039443659	-0.147632581844524	0.0681630666090227	-0.1973890165589198	0.3674402951533435	-0.1712801974504635	0.0187274030145513	-0.2058438279337682	-0.1061628279502601	-0.2495335497162575	0.237519109128418	-0.0657606531817552	0.1973285135491578	-0.4526974598365045	0.3061389456434774	0.0493592720858365	-0.0367896063218539	-0.1928949672746333	0.078061396511789	0.0103849047866806	0.0138850217953988	-0.0610670885823391
28	2.9466542486768232	0.4316168503798002	-1.5837851270823708	-0.0654258230123065	4.118930946160308	-0.0129501798077948	-2.598188079544436	0.6288351072162788	0.1766594630915242	-0.0084862476137593	0.442057702548787	-0.5246693256869234	-1.8410810915783504	0.6944645884848929	-0.2445411626672188	0.6674033754723606	-0.6197428567419385	0.0493941927121801	-0.4322914321374047	1.431407201771013	-0.0238466006018823	0.8951170571637868	0.2891624819364923	0.4590820262396138	-0.1126629617775532	0.0462317862703486	-0.1686213704530509	-0.5453120333980741	-0.238338054006325	0.1806300125392133	-0.0355304084282762	0.3699289262524051	0.1698631064643806	0.3335567259903214	0.0388014010467337	-0.1085811188607673	-0.1034182436316156	-0.2253601362185364	-0.1900547732917619	-0.4108511482941845	-0.4142259894302407	0.0407939593664963	-0.0722076088805791	0.0872463531934816	-0.2804412646054334	-0.1184766117799322	-0.2303974548071788	-0.0104268378322776	-0.266544541616677	-0.0846912179872143	-0.3397458080619348	-0.2807479481865564	-0.0047065479679572	-0.0436344283044472	0.2937169271572246	-0.1226852400873537	0.2134426122542635	0.0218733104551171	0.0612065614145559	0.088963206447841
29	3.71090208836439	-4.997893829983283	0.1805555022747733	0.3475602112596486	2.195618565920347	-2.133460636189497	-3.229839099832768	0.1790201391389066	1.1623769741104537	-1.054195133396891	0.3190383262937278	0.0408168849783785	0.984598089133336	-0.499668038286196	0.2539148098294773	-0.5958189564300397	0.2869571382349165	-1.7556126658808224	-0.0854146090171015	0.3020026968199996	-0.9645999391784306	-0.8546899952146313	0.678026575225646	0.1164344574441685	-0.2933692055045526	0.0861529504448103	-0.6753352205252205	-0.0475010576177357	-0.0505993166137228	0.4684152382899478	-0.2314646655526062	-0.0463635135378307	-0.2356379049660193	-0.3553402651560745	0.490333868302225	-0.0038707164344701	-0.3813442521534824	0.3739552871224215	0.1320324495417759	-0.3059164828859345	-0.5203557696392447	-0.4339289282198948	0.2163450953855081	0.107470515826099	0.0270742102386008	-0.380431938130992	0.0288391567537182	0.3126594889871553	0.2610712669095721	0.1976874588963673	-0.0471904207832029	-0.1093419644342068	0.128738571803194	0.1710582643344204	-0.2645233955067941	0.2284740501866227	0.1031254189234404	0.2747474028572274	0.2389403556228218	-0.2157065829972345
30	0.0884614854901116	4.916914814431903	-2.614332057296094	3.3267708824489897	0.2889505098169087	1.4939292829573418	-0.3303606045796766	0.0117723004622485	-1.2945605817112251	0.6701459913435086	-0.8981682586023303	0.1783508778434924	3.041800635791481	-2.1598173295083622	-1.318984614958408	0.3628550304358511	-0.1242043784777618	0.0401316836103507	-1.148588846041124	0.066834362765639	-0.9108856945977698	0.6833530923746379	0.1786205789746916	0.2314385817646396	0.0176770640846611	0.4949744540835291	0.2976184422505505	0.4518856421672702	-0.629503987567275	0.3734358357727719	-0.2773145035846752	-0.2873345682590609	0.1580155723082127	0.4183187973004173	0.034491612521533	0.4391528411797005	-0.3677023589043955	-0.2360989760275496	0.2476051644592111	0.2608918041305125	-0.5515607989743879	0.5688157499191739	-0.4014886195239821	-0.1388870018821829	-0.3118721467417134	0.2248950272416649	0.0590738508525005	-0.1018401667754643	-0.1175106824777369	0.1811328345214999	0.3457527713762389	0.2225844725296518	-0.253113753723478	0.0969397111860907	-0.1346508160947191	0.4061801513987826	-0.2676492305550756	0.036789848506837	-0.0841211820265272	-0.003008687314492
31	0.677648054027785	-0.5860121152893982	-0.3415819446073677	2.08197928983162	1.9069714187173985	-0.4280516352494272	-0.6419042039157183	-1.871558595306068	0.8104410590313412	1.1703967144612797	0.1345962008995806	0.1040704040753057	-1.0805014916589353	-1.4586423719346957	1.1462780421275118	-1.5194442286449443	0.7456783111948007	-1.478007880351434	-1.1750165264356902	0.060175529140242	1.4060285961122805	1.1322169507950677	0.247993835505474	-0.2260522228882078	0.3065084989126397	0.6777252656787767	0.1636144254996814	-0.3874562237672949	-0.6015332265345429	-0.0381136763331987	-0.5542558527202965	0.1024068465524678	-0.1713327016363766	0.53370143897237	-0.1348421972159316	-0.4049644837454638	-0.2468442547284277	-0.0768753079532123	-0.3309359396027578	-0.0721017009743171	0.065501458277715	0.2205657221400692	-0.4005740311289342	0.3317285001011	-0.5022301391227748	-0.2278844266494837	-0.0029671365354628	-0.1691406632168164	0.069059603639339	-0.2119850222668653	-0.1187669799986065	0.184829125389936	0.1301914504589419	0.0413688511719008	-0.0139940392013573	0.042178541709027	-0.1277172817945482	0.0982635489382993	-0.2115260127903784	-0.1068921670366468
32	5.799612932742338	0.0756829763305908	1.906339822406773	2.854026803292807	3.32136048413183	-1.121047741174238	-2.194927847016437	0.1569868121837034	-0.8003571472092637	-1.685339510688682	0.6033616278825227	0.2867211363528621	-0.3811031427526591	0.0853697246789096	-0.279600645827974	0.3087288619908723	0.5158154435877683	-0.749209115382982	0.9710937714530652	0.50578192093963	-0.72455327949686	0.3821124740253727	-0.519405106571877	0.4887390354830193	-0.62077107690165	0.0518418029944777	0.3042938739672521	0.4260187755657038	-0.0125079209178765	-0.0301713243550801	-0.1681538019793671	-0.1583166028855614	0.2320267727277299	-0.7383253130488061	-0.1994530972932389	0.0629798305855486	0.1038566779854463	0.1302633789784334	-0.5133507238308698	0.3534397558003743	-0.1979251227290702	0.1965374632177474	-0.3403516863170671	-0.1819903555107571	-0.1032638228968108	-0.0608646220660097	-0.6094656208526995	0.3271428180240241	0.1760124619148849	-0.0575806244005774	-0.2589941125697152	0.053671032670655	-0.1423230813453349	-0.3475939557495581	-0.4249556664684663	0.0086918433964319	0.1953029207743064	0.2773137508177484	-0.148724498154568	-0.2552035060543231
33	2.387792708541932	-4.078587826302949	-2.12356309137296	-2.001190595102455	1.3296402658297946	2.7383441626575427	-2.4064255373533645	0.7115652978714843	0.877889427217557	-0.2087702211927054	-0.288469923812859	0.9137302545111612	0.6373541903759146	0.3962971130274279	-0.2804070168871557	-0.3210226437833197	-0.072556416496659	-1.2569736740563038	-0.7799810135242161	0.0859274020064106	-0.083255442492257	0.2695124506294963	-0.519273409931501	-0.0132225803389691	-0.2939456969484104	0.3334855478775866	-0.7422799449555416	-0.088636357192848	-0.2145894520712917	-0.0267414339253397	0.6046806061803404	0.6234660567545993	-0.3126966920672701	0.1273923323368277	-0.004889155280445	0.1057596611482529	0.0097886880152016	0.0751951289402524	-0.2416569356698371	-0.3312956314110797	-0.4962746376659112	-0.1670431899179126	0.1148844381588052	-0.0176832376725504	0.0366530476014626	-0.284891136721759	-0.0542244212195677	0.1039367023165321	-0.0842748576290564	-0.0950091853907683	0.0358036452817566	-0.1221977729540765	-0.1940654214421988	0.1823227315872997	0.5146501689084054	-0.1128286344567554	-0.1645745732026968	-0.2740786745831886	-0.1379082704087128	-0.0849014637056197
34	-0.544998335683354	-1.101461806411754	-1.434275423440671	1.4252390316364387	1.294039370451945	2.2385101112867862	0.2192235422936124	-0.1326052511966679	1.8741553617212137	0.5265984107631583	1.6088857968772587	-1.607563174731546	-0.214104779743797	-2.175010262139451	0.7057797810395997	1.1552310901164944	0.1356716167838228	0.9474984189890018	-0.7964163054464207	-0.2639795192336199	0.8158331641572684	1.244008051635345	-0.1214073038971765	0.3428146087302938	0.1759475745198944	0.7993598920177674	-0.4383797605592133	-0.392345706620463	-0.3434000581465319	0.0681954240940683	-0.4448250438245908	-0.4262552593066722	0.5844266298725799	0.2140915859881419	0.8086828670846234	-0.1184572638555769	-0.1100813464882165	-0.1714721038150014	-0.4461940707092122	0.500701719992253	0.1954841049748967	-0.0994803234286705	-0.3494647657236098	0.1649283027544898	0.0475037999580291	0.0844393004301158	0.1424803582341589	0.2359684033054792	-0.0373776701473637	-0.067231770493791	-0.3432583796225903	0.0796267254904639	-0.0830495528711204	-0.2695445308092369	-0.1015296443917134	-0.1184763375881077	-0.2721081930747786	0.3508083092142671	-0.0101508707263322	0.0750784549969514
35	-1.531101970130401	-1.8607687768071468	0.920049553567368	1.4104927652165264	0.4935570545965516	3.058622455084598	0.0056791089974344	0.930833087542606	0.922704368406458	3.31273674512104	-0.7077911690290983	-1.0287998088035026	1.4207786482703273	-0.8719197050722072	-0.7444670855518188	0.8718052802903129	0.1998706714107414	0.8440047157771591	0.4100448828689305	-0.2302812226366898	0.0639019853150763	-0.6265140000112376	-0.8243803941680289	-0.0343830826061444	-0.3627443552824947	0.4398894271373	0.022033903923526	0.2686104348842247	-0.0286029615854428	-0.0535559949492201	0.2169517265608081	-0.7387098803850239	-0.1456784062936048	-0.1137337395129609	0.4342557492406971	0.3572164956976345	0.1253090866146633	0.4175714863593195	0.2816869379455327	0.6678457993637654	-0.069188589233794	0.2480494265331328	-0.2247467787897032	-0.3186444884891269	0.2266892922903762	0.1611824638227738	-0.112727501182373	-0.1970818827585778	-0.2383419865075318	0.1222826386023074	-0.0319835456466949	-0.0103038446224581	-0.1762598020796142	-0.2647213538879821	0.1327284810448363	0.243718181490405	-0.1255262054030364	0.3106140254622587	-0.00409486853191	0.0386331850508527
36	4.721695611493768	-1.6270634654626204	-1.01208270319147	1.6537243589467467	2.3397250875419244	1.3001386939082358	0.7603478197391125	-0.2223605967005073	-0.1523508637489301	-1.4841947479302735	-2.330038639370235	0.3974415936869591	-0.0473792517751013	0.8375102938909132	0.401635378431011	-0.3158767037427722	1.249087519514107	-0.1908284594982974	-0.0220595703617673	-1.0521417388940095	-0.2469004449149374	-0.0404291372942437	-0.064412897135466	0.1968384723861616	-0.6053010558619017	0.6944655492270015	-0.5463684789839476	0.6472205585671428	-0.0409107697324959	0.1691546333780756	-0.612665623428891	-0.1386994963354691	-0.0873499158303089	0.300014555978664	0.9685329657402596	-0.1028284402501327	-0.1803218529037988	0.1632054702766597	0.346872822218248	-0.2194046622402621	-0.2100513147919971	0.0526388039170356	-0.3044913081653983	-0.021203332346789	0.1471812320984075	-0.288081339023598	0.3070770481313729	-0.2606555124879056	0.1915424197430497	0.1734564118234768	0.2256905858455292	0.0036543708328207	0.0728508345137406	-0.3314269547720763	0.4246172662308411	0.0242047456492788	-0.1046425292031757	-0.0305272531507159	-0.0529736164856485	0.1025008864993677
37	6.90066760021211	-4.185595019867482	-2.1052455062668765	4.6311659354764325	2.091733277615314	-1.6038757548940272	0.628591341271578	0.3694930990837864	0.5450897634833385	-1.932249769582548	-1.0608907567255716	-0.2039652157192609	1.6896488445642135	1.5948629927937452	0.1681828013685745	-0.3335424816641565	1.887715957841396	-2.158397223746736	-0.918069505225973	-1.114312773559451	-1.0593498894900522	-0.505793472291568	-0.7808222677530511	0.3265112686603694	-0.0771476336223841	0.7835425837363984	0.5558334405884262	0.2916411150564086	0.3672463004460512	0.5664663918015826	-0.244289175419192	0.1022590940550209	-0.2820033152545215	-0.5788867967354854	0.4002133105151715	-0.1349971376341624	-0.4303028071302606	0.7267045185037755	0.1935703286841417	-0.9028041955128948	-0.4919567532706728	-0.4214143322568167	-0.457187433546932	0.1965378739905166	0.0322624382740546	-0.3077344795287181	0.1671086135770281	0.1637758138641775	0.2273955360462101	0.0215814261839296	0.305295868701311	-0.2575149879995229	0.1556319280502078	-0.3473726758258387	-0.418738098305528	-0.3623183502097609	-0.1605494149323301	-0.0595629121402774	0.233562597747383	-0.1710999792988299
38	0.4047287022366408	-0.485384476446394	1.516627931903074	-0.169333261429749	-0.613309896250558	0.3380161705776369	2.1169200266703845	-1.3915309946511545	0.4975670081895081	-0.4223575755091635	-0.2724422366949272	-0.3774738574148941	-1.4776000348841196	-0.5742108704345738	-0.4810042685734915	-1.0268933932788908	1.2907462869807151	0.4237369322414786	-0.3664763016247664	-0.2117659099397455	-0.5907835626614866	-0.4732268711081492	0.3002252039943731	0.3761799856556916	0.2329618477491255	-0.2891367633611044	0.4293484437377788	-0.1168412033446844	-0.0864578142030878	1.4409752673254572	-0.7318289101387879	-0.2466121421800404	0.0574296821263859	0.3679468937563057	0.1133998750081169	0.279476736491059	-0.411254707295679	0.1491908139916624	0.5063499529432081	0.0093995410022854	0.0075539043630937	0.1443989293975351	0.091051459744376	-0.0709890799520603	0.3054505201968484	-0.2473259148393473	-0.0455611160416759	-0.187942004325926	-0.0068909837022751	0.0292835319014402	0.1701753099546565	0.015341998309527	0.1726822965209363	-0.0914168789424066	0.073897408957525	-0.0300493688925059	-0.0170335355335032	-0.1267602139977169	-0.3197361117992915	-0.0174303926275905
39	6.413423763907483	2.2898441137373435	-3.3494564770922253	1.1070797395966472	-0.3708920727193424	0.7794685765719009	1.362867898270071	1.187298816013929	-0.4959065913575754	0.7036202865971537	0.1930416463233834	-1.515418765646844	-1.0464144070064914	0.5397505605725595	-0.2475564304838907	0.2757448205143645	0.5367667008736132	0.0640062033770887	-0.3913563454303791	0.7223445797484174	-0.5903857805710017	-0.6679530788818552	0.7827675244016324	0.3752072451489659	0.088956307481955	-0.0103847837852155	-0.0667478902335779	-0.573664038566351	-0.2605029055628448	-0.1575220574750432	0.8429914485824436	0.1365918688653566	0.2207678590514954	-0.0141590998531588	-0.0221855097962813	-0.2475711193355079	-0.126815998432207	0.0591336156450882	-0.1292974040029097	-0.1105876757238618	0.0965387760878549	-0.2217330817536353	-0.124795757791514	-0.05759390498618	0.4074875744114442	0.1009428383741209	-0.1892217614520742	0.0995729240670718	0.0372978655850363	0.2852815623470445	-0.0280664979304127	0.2193039130438444	3.405895594855822e-05	0.100416912657618	0.2471097609934926	-0.0086241635012045	0.1800174520234775	-0.0420496635010803	0.1038228140851473	-0.2411818057724812
40	1.7818478065143148	-3.6461174530440608	-4.105704373436181	-0.8304023592342115	1.2411510184851509	2.942316590265766	-0.5819446944995608	-0.721069358435951	2.173114550870461	-0.406065646804622	-0.0534801178899462	0.2858542367387652	1.4621055485485013	0.9847915150404688	0.9609345538670412	-0.3471002455014535	0.4030813705725592	0.2782030788666103	-0.1263494029298018	0.5941349819639111	-0.1554388272009873	-0.2959573121264348	-0.3173234428473274	0.1103098873988195	-0.2217465140847051	-0.019544412560321	-0.5731407314723779	0.2159278455753746	-0.5444794922320005	0.1076739123909677	-0.0266545324507373	-0.4039870563305597	0.0493472966896571	-0.0878179206897158	-0.4346832475894518	-0.3126989890788341	-0.0542636056870871	-0.0881624925961811	0.1459179527009944	-0.1829819457952895	-0.1823937475341109	0.2730448843371614	-0.0666737631203841	0.3977216774917084	-0.2244823959843613	0.1799903793872774	0.0693468314281811	0.3483146492037045	-0.1184072634624673	-0.1969092024589536	0.1558691802515345	-0.3555357167823259	0.0134158944031597	0.0213250684566721	0.1250061822120215	0.0498413916910151	-0.3125442981724822	0.020732533808064	-0.0871687528544293	0.1229352910499209
41	-2.823792449749392	-2.761704498624755	0.7060142700325373	1.1407757004829968	3.897913919857817	1.5197373910091088	3.364848242716443	0.2762450654857701	-0.1659437509003661	0.3536912337187484	-1.0889586310192902	0.7086888425952833	-1.057367022234725	-1.66198944925334	-0.9790505467188066	0.1277216210226472	1.5831676911559152	-0.8774069981695867	-0.2359935173254174	-0.0413754858160931	0.0934107266227492	-0.2268957344155793	-0.612423539427212	-0.3654291372514269	-0.0291731721068261	-0.0035330397216302	0.2990167343114487	-0.1867793542640338	-0.1281306475450033	-0.492468668417329	0.3044606717733943	0.4698157868929385	-0.4516403812044093	-0.2119550463940945	0.52305807558875	0.2287914072795727	-0.0912602469871063	-0.3746196207899889	-0.0432599463506506	-0.2505690411216157	0.3080995545709761	0.1883836929289888	-0.5131175788413963	-0.0004095284174199	0.6433829277524392	-0.3380512647392388	-0.1366089619620449	0.4920571130533731	0.1974149119162476	0.1959433644382215	0.0375573927479034	-0.1060088736513453	0.0254621683772261	-0.057772162749359	-0.0453476291052899	0.0388937006037543	-0.2124292798347833	-0.3998067926885895	0.2371326456184665	-0.1421573854752901
42	-1.0665830860480656	-0.7136459379322935	2.155929493444785	0.3542343391284336	2.2937638841005827	-1.1056876603497443	-0.9596813129554262	1.012818533603556	1.7859384364930064	2.018321283464363	0.5063512124940208	0.8293145691229344	-1.2748200560382494	-0.1259524321565402	1.544801394908227	1.22823548737136	-1.003949739558528	0.8995679687129934	0.3069312874901928	-0.1611417870073212	-0.2700665281149663	-1.4203363761840342	-0.4608968586430779	-0.0114919537598645	0.3620073067148485	0.5867254988277387	0.2191024894482753	-0.4980522588647779	-0.4599452763756961	0.1569022909745602	-0.5604688798398061	-0.5184910368051346	-0.567253995976098	0.3570166329240174	0.4331287006385068	0.0767903942053166	-0.0391232654476906	0.36195286675101	0.0526954368010732	-0.207635719345562	-0.1675814909573278	0.2838194914559718	-0.1167174587644915	0.0617539817978466	-0.2362577300844348	-0.209278824214561	0.2336658183471041	-0.286449245309356	-0.2280582457913212	0.1569555037559045	-0.2411825348169757	-0.0826342792474867	-0.3914400443807121	0.1494149968150831	0.2466343710084665	0.0130403947525084	0.5279218309490337	0.0007871082114121	0.0040728900087065	0.0906895429418062
43	5.008909432409884	-3.979084498558181	0.9219004207025794	-1.282862987999735	0.9130631048222204	-0.3524137090326031	0.8510887731413384	0.5259763877737825	-0.9898171011221604	-0.801013882459237	0.6936918326375306	2.3589400369850773	0.4159733752263462	0.4269779237247694	1.44530598060142	0.2692910299082507	-0.4564707190400573	-0.8276583964012715	0.9165671680243724	-1.2696576788815723	-0.1935648298447925	-0.6327114088493632	0.1479810824595319	0.4257670962437878	0.604290385380098	0.2317004207202948	0.5655036048073553	0.7890518211876055	0.3684962820214038	0.0844833717607258	0.3933105237311966	-0.2770211744996152	0.3269284828233419	-0.0716384018705801	-0.2824755346667768	-0.1004759170241064	0.1129607311058702	0.7058612682991231	-0.0448832188033174	0.6611342248077399	-0.4592074314933018	0.6598146901220637	0.049347343910703	0.2337122480202449	0.1619232061711017	-0.2056293500566208	-0.193057672977277	0.0282471684729132	0.0541986518883289	-0.3164151523322224	-0.0283867478621725	0.0479152151161923	0.0748165931117086	-0.0789230875311515	0.4916422823939915	-0.0721982422555379	0.3556790165172578	-0.0784426055117395	-0.0123843487687327	-0.0105056614790086
44	5.980882096751085	-1.1265841390368687	-0.5005551118006885	-1.805522265764776	1.2680069879993934	-2.541676597305541	-1.0510022561200367	0.0600028519069575	-0.9222564532817278	-0.6924622374882939	-0.9258817569314904	-1.0090106378528805	0.7700201851768524	-0.5377223270350909	0.7525012169966249	-0.4039149697251262	0.2525500845044962	0.3832583490794637	-0.4026865964417793	-0.2893963714198746	-0.5059806843467995	0.1355515347722733	0.4125722214476801	-0.0453576781086367	-0.0604520048996456	0.2221723001056154	0.6956578418723103	-0.5276337094267753	-0.0182869491524315	-0.3491055278654766	-0.1257149368271	0.2170126711942168	-0.2240309704900637	0.4058391919563023	0.0178567657780966	0.2118509333722271	-0.6010390645898185	0.2038187031046341	-0.1039734205233743	-0.1974821994489394	-0.4439533765247441	-0.3881035665109597	-0.5755897934785883	-0.0434332843319336	-0.0004039050871533	-0.0901461501285869	-0.0016021536067835	-0.382764863619191	-0.0144974028380404	0.1208493812187286	0.3362856638111416	0.0293262753944714	0.1530747064692159	-0.1459562970324134	-0.0380516965612859	-0.0254932189247971	-0.2089066399401039	-0.1190922252244906	0.0530226262311033	0.1440335668692138
45	4.445719743935556	4.301789624042464	1.129310534720185	-0.4457706669107149	2.184199195291632	-1.0925727944935753	-0.6172074130861929	1.9912944636878955	0.6160996567688581	-0.468564676488544	-1.5099492364203624	1.0967863928014148	-0.906651803857246	-0.6845923247272394	0.2758616283425616	1.0677113625289272	-0.6362703632408202	0.1936759264103466	-0.3186491931786406	-0.2035063889449078	-0.6847618812271516	0.7374035067248089	0.6965104972829964	-0.386514222330575	0.3792427012760426	0.2044593461798072	0.3223054348748814	0.2910421729449594	-0.1651055052099837	-0.2654150532614232	-0.5472417916440071	0.4942727483248166	-0.1843379840299114	-0.726002372250861	0.3160047601504847	0.1139276002593389	-0.1065563991104795	-0.0696960424695916	-0.1549589852424355	-0.323234740783622	0.3794673053002196	-0.0094418818042543	0.0714410861066093	-0.1418133602214389	-0.1023499386960097	-0.0307045427950626	-0.0517097964174467	-0.0248554557384093	-0.0172971322297634	0.2840252249592587	0.2359057983265507	-0.0042795016323734	0.0397180570868997	-0.221794671325802	-0.1081448516510733	0.1689113936074863	-0.3829989613428137	0.2666023946994887	0.2330332700455487	-0.1738908725186936
46	-3.91950815635412	-2.1153985584280184	3.1754153216993024	-1.450144972686101	1.128864875826178	0.5101970692971508	1.55879381507068	-0.965280477449862	-1.6430612666349906	-1.0055148962563512	-0.4499116652094665	1.5366388534991733	0.2370177585990855	1.3131194091636198	0.6471836356438708	0.91891132740892	-1.1762245336254855	0.3729993720494354	0.1475270093254413	-0.5105736279100609	-0.0326617024313647	0.8796588956221023	0.1981619897595397	0.164913128598286	-0.3575164746443092	-0.3082389239458004	-0.761738027094262	-0.396250883218973	-0.6912006827243513	-1.4437953743883187	0.4126809108101865	-0.9074292977866144	-0.5057271389895698	-0.1556875692212513	0.0388276989263381	-0.9199966040197808	0.0378792601467993	0.6141792722502087	-0.3394337555736717	0.1291718065658118	-0.2611670079363783	-0.1376754941606173	-0.0362207684469612	-0.0329107655334343	-0.0948153289655605	0.015967252071603	-0.3069400851151008	-0.2013818839122362	0.3004664883908378	0.1978181652608688	-0.041933579255228	-0.2211188127890792	0.0511610922825119	-0.0725130241464491	0.1342776781519005	-0.2245487618535979	-0.2652413090673858	0.0208673724423157	0.0058752886523551	-0.1059914350813276
47	3.4151142066295	-3.4245751512189746	-2.2786590530177144	0.7722529117512313	1.9749398183477944	-2.439431844096422	-0.7344584926890049	-0.8634611239911301	2.083958707461897	-1.7979392081552896	-0.2416446343280718	-0.043961825544471	1.6319327153224412	-0.2352150111414271	-0.3783151222831169	-0.1235895532370204	0.5254612220456706	0.7067756517281792	-0.1624718364171744	-0.7046058264405511	0.1060503491582869	-0.6987215827927327	-0.109724131318348	-0.002809059665737	0.0791199960246213	-0.701082287346105	-0.6454690595664255	0.3087668581612083	0.5029671751603021	-0.1072520079134748	-0.0285779114380467	-0.3441011207214957	-0.5603840854592399	0.1914603117402698	0.123913298543792	0.2053722233141275	-0.2544238373782165	0.2278206514183593	0.244070194519602	0.5184311337058659	0.1522554235089019	-0.3757811556375218	0.158789463296513	-0.4174715625352144	-0.173789997958707	-0.1015110607868357	-0.3598729285094965	0.1167403405144608	0.1581588849894785	0.0019060862282906	0.3072910157549611	-0.243990135511277	-0.0356736192642416	0.0702728213844124	-0.1892825898454063	0.1084033670174109	-0.0391675886119484	-0.1874979908422062	-0.1360236307635768	-0.0078908241886055
48	2.811789701832432	-1.8124806902873931	-5.376768018904902	0.4981978316419638	2.1485241835702182	-3.0446202943884684	-1.6773972548293823	1.2936044374353068	1.3089357987654546	0.3950862136814422	0.1077871886876623	-0.3018744548196274	-0.0945284504548348	1.02978079562019	-0.0520138409306209	-1.18210467129998	0.1258716276300852	-0.5648530989344791	0.1370542284606809	-0.0865851791895958	-0.0125153227990851	0.5235232155049071	0.2346394318212239	0.1383439241367572	0.0313989109762168	0.3448587488004037	-0.1587412108112626	-0.094400876114767	-0.4334551286579169	-0.2216923678804207	-0.1977756480005751	0.3723311449350387	-0.1579755793552043	0.3616608838923932	0.1033709252504692	-0.2677714205590331	0.207704420186715	0.2137136861670135	-0.0154596260162536	-0.3052469131656855	-0.2241170464667463	-0.0888019081293512	-0.2379485507575802	-0.0108039259765947	0.498540474060208	0.2170503231768998	-0.1025361637666474	0.2865276719663882	0.0092148365627122	0.2037692321065318	0.0402966094540915	0.0055109441306365	-0.1659811326745078	0.1662672485092403	-0.05714129303476	0.0137684677792445	0.1996086065635397	0.0534197790306886	0.133454071070734	0.0893193078501069
49	-3.6190363068251794	6.694098764769946	0.0120272947552481	-1.7517695466923622	0.646288563787202	1.280163274370799	0.4998838502868261	-2.884549712461467	-1.2282635250125846	-0.4764302273755147	-0.8012606505281777	-1.3281250671579945	-0.636430129340045	0.2140944292741931	0.7878818678816518	3.054318685840629	0.2329179351864435	-1.895018692312502	1.033722106396738	-1.362479081501526	-0.0062093853559052	0.462507459876448	0.9548413568965064	1.0075281850184477	0.4751496490825093	0.3987256006577637	-0.7113909868782148	1.487936691952972	-0.1954344105241423	0.9354127949573886	1.4333628216756913	1.388550644039508	0.2946836942135442	1.37807520203747	1.2302399510757929	0.4187642896489869	0.7844232699121456	1.569939357379578	-0.7291884145106682	0.164751209948643	-0.2514201559200421	0.3951820605051988	1.2187154035279466	0.4920926963213138	-0.4088808603913629	0.3781309203833637	0.8531369795768092	-0.3158903806390485	-0.6685180084441873	0.0508588647573049	-0.2196044475488724	-0.1213508501058132	0.1354039151896281	-0.4880646192690834	0.1482167376177593	0.6202666444631652	0.1517448680162821	-0.0180425049607324	0.4100529956904816	-0.4489223650618235
50	0.6546739808933361	8.058050170672098	-4.1383891935806805	-0.2682848790624291	0.8377717269657421	0.6145285868432498	2.112678198962359	2.5201184406313377	1.2963087537782931	1.7183329506852605	1.2654009308372167	0.2993162965542448	1.5998911493043753	0.0535538327153534	0.0500265577355674	-0.4853501310203529	0.019718203460643	-1.318824164889961	1.0086249077120353	1.3266903027030577	-0.1862695045619481	-0.9009686486295546	-0.0340406293618671	-0.4744948829231918	-0.0162468358307277	0.7114764091829993	-0.4077811642023629	-0.2897880404500843	-0.299125059077043	-0.3931568676613086	0.2034679509067656	-0.2057772762598262	0.1579144607843608	-0.2572850532047281	0.0765841200681624	0.5516383021762246	1.1728378417592444	-0.082606262399726	-0.0154102897475499	-0.4034443312247172	-0.3484162080783211	0.0682627259565361	-0.3700969678227439	-0.0932063660878522	0.1812503668393138	-0.3147546486994734	-0.0647430270276055	0.5443000942965657	-0.0906011505267952	0.0188939338760661	-0.3931686086009727	0.0477628033868937	0.3463166457196528	0.006781513487824	0.1734511979541973	-0.0821847527402201	-0.2171773792179247	-0.1973181899747129	-0.1425371737466363	0.1477936849435663
51	1.0414199464608564	-4.363105701929961	3.05733419343769	0.0516312644147456	0.8494484587637601	-0.7084582957802243	2.0187763047157867	1.3420876706496303	1.647222599763724	0.21716308933016	1.3040781038508609	-0.4365733375038816	-0.1340000507467961	-0.3639251952348855	-1.3986153791448526	0.3595177223939396	0.1851122837615725	0.0831193680582967	-0.9053463960581573	-1.5521067995399844	0.3756237294101328	1.9408530687579997	-0.2876867151663491	0.4846134776033828	-0.3672409519647189	-0.6833353331139409	-0.1687542028495322	0.2250458364936113	0.251901606824176	-0.2217254850492598	0.9150454182049566	-0.6269664417135458	-0.3286138803046382	0.3547697863063731	-0.4150157770119985	0.0402603210025063	0.4832213085825316	-0.3520758472926075	0.110233959925156	-0.0518792353831022	-0.2373373817453079	0.5477833355058792	-0.3090665070160779	-0.3122751909051879	0.372413786759493	-0.3521373591689472	0.0334058526424257	-0.1033530338722533	-0.1913976715683254	-0.0524009477313607	-0.0493036640783676	0.0170052430011523	-0.1381615916895308	0.1714469501015907	-0.0824668697841133	-0.1567657692702648	-0.1272943045306115	0.2599401786212151	0.0168972033388228	-0.0454766211062534
52	6.071250851732945	-1.961002672243617	-2.536069401239625	-1.668577673558869	-0.7299789005089247	1.8196324643004007	1.8021225382909576	1.300566301976754	-0.6638435731806832	-0.1044533350750241	1.044821911257384	1.021277571115762	0.0721205046451977	0.3569244450187226	0.0766894738275159	1.107479026418391	0.1449763115398798	0.2439259689958095	0.4206836889088208	0.2833468786583337	0.0128104753760304	-0.5389024214796938	0.2788352744017568	1.112878373116057	-0.0565087499688678	-0.5190593505952309	0.8623137123468636	-0.7909063606059803	0.2367730517911363	0.9545275033840004	0.2595721974741138	-0.0548716153198344	0.3504286946218941	0.5532220126859388	-0.1173639691054801	0.1680709745854598	-0.4663255467932373	0.3619333150745689	0.2620992878349969	0.0937724067248897	0.051055853380007	-0.0438701369172399	-0.3551862684523155	-0.1518616508097795	-0.101154004724925	-0.2909722280539641	-0.2382892534395194	0.4187873807432483	0.0984481459268871	0.1513385390660371	0.2011060302024591	-0.1250231962438053	0.1524119460657726	-0.3829474361091169	0.1959962653760724	-0.0813758980597766	0.0460262552287706	0.0332464658550447	-0.1179103991775154	-0.1217879904110132
53	7.270454873272888	-0.1168809048178711	0.9924244421811392	0.4888064336143735	-0.7017188269859886	-0.9361354085782118	1.8590474595397437	0.1576328812717525	-1.585664319726453	-3.046627160144412	-0.1515868307492411	0.0989984263419298	1.2517920005754717	-0.675569813878613	0.8565836544100243	1.2034730900706962	0.3501451724583007	0.9872772443728322	0.6519093485922279	0.0376593129997788	0.7065737287042079	0.6524670104658262	0.5547394549528062	0.3340416396603265	0.7974996738340034	0.5764569175857517	-0.556540434431348	0.5727865050964506	1.0125230559078418	-0.3242135441086955	-0.1482981844792653	0.4426418687275338	0.0484019740767029	-0.3113388002719334	-0.3008916881443032	0.1133571280370991	-0.263195597648591	0.0479899632719029	-0.21549109275565	0.5498045752225188	-0.3979646198674653	0.0842343385474425	0.199029065269428	-0.2373163550895473	-0.4859632624585941	-0.275755676564342	-0.2298525757237807	-0.1593177235896156	-0.0220766728790828	-0.0659635405514465	-0.0728869311084139	0.0925556149120612	-0.2162250830272591	0.2755176553145916	-0.0773990700264491	0.4189495316119371	-0.0203802277285237	0.0447678420424647	-0.2214465190810673	0.0624843424200797
54	5.831197772242491	-0.079073379220037	-0.4955609940657888	1.7460543421700774	0.5645996874830305	0.21934938737453	1.432812349622391	3.480747822137939	-2.1306128029288445	-0.3019004782575171	-0.3609510570153322	0.0814495762074092	0.0617235528794316	-0.3846058815154538	-0.692319835974266	0.3442914707606522	-0.5722854249634656	0.2818168787124638	0.761691118417347	-0.5850530632619436	-0.0001432158786865	-0.0312389562310385	0.1405822716342012	0.796272594866235	0.3661388334644593	0.3845999681168436	0.0740128259598632	0.2852326279571773	-0.7823555857351036	0.4152104616831948	0.2244011373346715	0.6520822425927301	-0.4880762093296136	0.2770861636102936	0.2816578149091731	-0.29867663529912	-0.8485741996892878	-0.6205608658582737	0.530900034761989	0.0968277713161383	0.0214474164640841	-0.0999118504065109	-0.07529289323181	0.0235187694363545	-0.0158618340643205	-0.17996945524288	-0.2366088207299786	0.1792892796532122	0.4298683422965632	-0.2890492577226278	-0.0024286067684927	-0.1041981288532912	-0.0735533258738657	-0.1489274223877112	0.2610998458848053	0.1342876274235151	0.2364286839903535	0.0128003479493149	-0.2883336162899187	0.0221280082323399
55	0.3397096917157651	-5.728053850316904	-3.729710009514776	1.019429197953293	0.940845016058588	1.1336431785809515	3.2071407917623307	0.3589029533047079	-0.8007440535572136	1.1868333564710452	-0.6784278055365675	-0.4378752078206829	-0.2033105119944419	0.0531587898513784	0.8240586590353565	-0.3566553311280733	0.0366364111817537	-0.2701594911108069	-0.5828345552147952	0.473583067395175	-1.1128105165201088	-1.571464793075065	-0.5658693545109833	0.3526463534272181	-0.1322246312583812	0.9038552608609776	0.8741963060445076	0.1422347840109098	0.3165309738119371	0.148224622697628	0.1746364243657069	0.8247056084013633	0.082292108561139	-0.3937571878284972	-0.6629032707799274	0.6164502624520731	-0.0482675160274725	0.0359237638568443	-0.0505707586059945	-0.0149379221357633	0.4177509493793081	-0.3089830020755603	0.0527480339413713	0.146035953637038	-0.2293779464322807	0.3860169184138339	-0.2619244107225439	-0.1460364306197654	0.281880083799963	-0.26376369581664	-0.0895612314447945	0.1482844109566449	-0.0280781699188113	-0.4121421756243043	-0.2226990726240504	-0.0596983033594606	-0.1906975173539641	-0.0182092723904179	0.1130563821219665	0.231939593059669
56	5.26529826942385	5.880472866783451	-3.2983228666101456	0.5002087161847412	-1.7308053569362345	-0.8985966961324315	1.978630260357033	1.0245319907425317	0.5047753902876966	-0.5004686640062258	0.1843595959050314	-0.7880613291224887	0.485025450069231	-0.458184510945797	0.2806865229829398	-0.023917092620172	0.0981641117956842	-0.3227302140090839	-0.5607560128689493	0.6172549171095955	-0.1846911938825837	0.0138788361453382	0.2350042269385364	0.1176940705370085	0.254912287998584	-0.2207994107852518	-0.2790127741917166	0.363405683173218	-0.772001821738042	-0.8872253450721962	1.0194623604786692	-0.6145618708900752	-0.3134447230454438	0.492586657723882	0.2363266310317882	0.3932201790830854	-0.5624371289447301	-0.5917590641345754	0.0477562507763096	0.4711482921587734	-0.3476231714366353	0.0015477788463992	0.2198814636388404	0.4120508233441232	0.1668240090719559	0.0322748492317398	0.3763531359663102	-0.1578604806757345	-0.0024924876127556	0.2232307099595888	0.0428366923053378	0.059172268487311	-0.2862162952297475	0.001714352411523	-0.4497020983265178	-0.0196912569427156	-0.0235686552794272	0.090731189146795	0.0536727357129874	-0.030148937382476
57	1.5105892001782613	-1.12786103893563	-1.787824277239258	-0.4972815547526744	4.148120169177894	-2.463979613649341	0.1398481321890332	1.007340378527772	0.8999250993118475	2.753242752532797	0.4035161704037932	-0.1768253241776152	-0.0200173984159752	0.5347090269449591	0.484171889588419	1.1937453668587543	0.4183081757129576	-0.137954786177716	1.0130882137420545	0.7705957582476367	1.319994451149555	0.4274483299956259	-0.0232296364079972	1.014743806894795	-0.2993598280969389	0.4069873512633947	0.3019249045348248	-0.12562765684504	0.0582776987862593	-0.1959379657572248	-0.0412563548287229	0.7531558687197932	-0.1617049476835537	0.3110421432156546	0.5243631305129218	-0.3737166104306478	-0.1952687754363624	-0.0146808715072306	-0.3075058288954483	-0.0595890824178269	0.3191519406798004	0.3152435058047504	0.4345407272621555	-0.0903340953414742	0.3589755827888439	-0.4415678586334269	0.2064644725362766	0.2744062282742524	-0.0537764924864814	-0.0258105244298502	-0.0285473213309211	0.1470842425089863	-0.077528499039182	0.3285879492172587	0.3280414859135255	0.1950063289891771	-0.1639445563915574	-0.0955922319309905	-0.1247477024227825	0.0151945132429365
58	-3.715970248567511	1.739459314964092	1.991338955494912	-0.6014824475724104	1.6919822554644006	1.2327019491955196	-0.5793476203645246	-1.12183893963005	0.3570052328993309	0.3657521070632583	-0.2335275020594454	0.5382166595724294	0.4604409567639647	-0.5221051667810928	0.0172769492952254	1.706677873880464	-0.3021687307136205	0.4283659077974849	0.3917726913460432	-0.818848006368018	-0.4861678513521176	0.6095699797105137	0.0777501738186774	-0.3756433802537609	-0.0139499788456622	-0.1970140915912691	0.0016684989821917	0.0067613734545047	0.7497237285774686	-0.4197317712280116	-0.0137584330995799	0.1592631609463468	0.0066734236088552	0.180065488646476	0.0528422498164193	-0.2364286977694078	-0.0059712957055284	-0.0445398064635306	-0.7353432103812816	-0.1239305417198498	-0.3176474863320125	-0.7282716716807257	-0.0744301953481704	-0.2840014299804733	-0.5221427418731293	0.1308977373109184	-0.0322567612380035	0.331718383243655	-0.1497596057810229	-0.27373781521023	-0.4002134987803576	-0.2345944830367899	0.2160962320852753	-0.071636224258811	-0.2853116689325133	0.0208516468193178	-0.4790076706548155	-0.1108999525970336	0.0193336623708759	-0.295505068367197
59	-2.739217607601318	-3.6579794272737423	2.391217353878776	-2.928848328950671	1.0099073296136156	0.2663445617238847	-1.2363095115818648	1.0856112895769012	1.3830678375340957	-0.5282929942004134	2.1832551956605584	0.9705805818753218	-0.920673046801769	-1.168298613416316	0.2586410548770392	-0.4395776278688496	0.5044745032520105	-0.685583265754154	0.1139406205805681	-0.3132562698611277	-0.5418889767085198	0.6007433950883495	-0.5991149350213242	0.3193042993443524	0.5196169050499571	-0.4444814170606524	-0.1875784977619632	-0.2809810898472319	0.043979230517567	-0.5875410492677897	-0.0620414664972775	-0.4084325547774969	-0.6429282765192893	-0.0296591706883992	-0.6487648001424775	0.227739378800862	0.287187007900708	-0.3771312231768484	0.0182646765439395	-0.4231257400140048	-0.2078804676789515	0.5246762337154401	-0.2363953109357606	-0.1748115603048425	0.1562482139875823	0.0963113631476236	-0.5529642642715856	0.0628006703785867	-0.2271076895604221	0.3403270044235672	0.3297944781708102	-0.1268929414509612	0.0150199208174628	0.0337600901957919	-0.0555230095876385	-0.0697548236828082	0.0144268749674055	-0.0892419638854856	0.0892302557614941	-0.2141202811860206
60	-2.1601300975782656	0.5153393729423512	2.301467927126752	-0.0037963461047898	2.128664413530738	-0.2458705714918522	0.0571385984329975	-1.9931523904714463	2.5928551916971814	-0.035809798544319	-0.2387086984259795	-1.175911179232811	-0.5962751017370104	0.7935922097453532	-1.1166860830257916	-0.538126910666319	0.5526019205374625	0.561041646063981	-0.6239978146030966	-1.218635303136574	0.5362115832144232	0.6680671904683896	-0.4836328457156856	0.323097800258053	0.180719802756504	-0.0370813691366095	0.5058429391200444	0.3336363118161554	-0.0253046664670594	-0.4391507829163701	0.1692650955446733	0.4412114633599081	0.0112950043500942	-0.9257593320086992	-0.2808199909700906	0.5433757958752783	-0.0420301981408307	0.2475454613387072	-0.0025516384213888	-0.2869083234824984	0.0662160052569073	-0.1976213028636656	0.1024775326714728	0.0187164420841173	-0.149352117558993	-0.0026655839309394	0.4730034763641059	-0.104386305716815	0.4936295791068362	-0.4747238684992086	0.0970698486689873	0.4339749573828564	0.1369693970821403	-0.4446028490411869	0.3335249576019206	0.0192435321752842	0.2152292262813078	-0.2201965528809517	0.2956239082030041	0.236919407197587
61	-3.0438577841385683	4.415548054784776	-1.2938031039066236	3.150138310210983	2.498120260500301	-0.640603251387021	-0.8957098300659979	0.4876093582236174	0.1903971128312952	-1.8210176624226189	0.4349071690509263	0.1616479415862684	-0.6365646829658236	-0.3711837947876084	0.0793373220052379	-0.2323640502885288	-0.382906420843578	-1.7795842687964007	0.6850902084573879	-0.4733276191518706	1.1218731272301463	0.7425242767858933	0.3807487951235858	-0.0733406758637006	0.6819787644596941	-0.4397281608454259	-0.0608161730913415	-0.0516512175500692	-0.6816421382550408	0.2669836744767276	-0.56778644951582	0.2947665706180019	-0.7569550040598445	-0.1878500606232266	-0.4101369397089475	0.3139764521093963	-0.0179173055052378	0.5012806574756663	0.0466569736310182	0.4401010803326921	0.3087621666092177	0.0885711459448463	0.3331033784659309	-0.2414151319357468	0.1902187516726909	-0.0660524513535825	-0.0324863995083029	-0.4414304138512451	-0.2181882673933255	-0.2310446597364051	-0.1172796187831003	0.0945273820723199	0.1332677000265855	-0.1230200809348422	0.0476377303326068	0.0530158049577638	0.0517935322211804	0.1794689201964825	-0.0064709452589213	0.2654741105691877
62	-0.3248559270127498	0.1409105539135124	0.7346395454902452	-1.0572646836083064	-0.2153927544431607	0.5063994998758318	1.4384678969189504	-3.140177386747644	-0.7342947879436732	-0.7478005616079827	1.0859518590992077	-0.544848429019061	-1.1255330257038476	-0.1099034297081149	0.2835871260605935	-1.2857633686244057	-0.464110209127542	0.8553714548559684	-0.3411370731669522	1.0088178449841914	-1.2232589841534909	-0.1148658900757712	1.4344009779535944	0.1745471342500746	0.2445889561789941	-0.1750576729293358	0.1136821933793358	-0.5145031821408284	-0.507736226982686	0.2634777118897418	0.1494393683737173	-0.5731363097963149	0.2798679894785962	-0.467016532060435	-0.1261738775053972	-0.1267022629309563	-0.2024670789651957	-0.3078868655466965	-0.1884171168820319	0.8031400900406794	0.0898453849137859	0.3427171007498391	-0.0290997962634902	-0.161360194413213	0.2609478343122938	0.1446665480144536	-0.1103114268337953	0.0507266710938259	0.1442732016363742	0.0733815973149429	-0.085457483142324	-0.3036197927256373	0.2240831885952499	-0.0535831200954539	-0.1542515873426571	0.5148070578727861	-0.0867209718684123	-0.0625240103105241	0.0109677267810834	-0.0375888979742438
63	-2.95227240530714	5.054568554556787	2.932286035706832	-0.5215730227766703	-0.6227341820087829	0.2471574779016987	0.3270006425725114	0.5096717562084455	-0.0894710954094188	-1.1109544682048986	0.5680213085101937	0.934262341558634	0.8655381395634268	2.3989717909020163	-0.1826472953117716	-0.8860169596617112	-0.3182568388996846	-0.4656732597764977	0.1858954729211976	-0.6930059508105468	-0.975533594170965	0.1903602409603917	-0.0010081723413178	-0.6168971355600341	-0.6282080190573193	0.1556186613098913	-0.3048388327887422	-0.0169506174514713	-0.2539752880562925	0.0235445601338504	0.0269042138608617	-0.1102340585210111	0.2101810161047254	-0.4536727752830818	-0.2497474092376694	-0.3016342492228193	0.2700518165030714	-0.2639001823734619	-0.696279005702865	-0.1028602955577428	-0.6237240059917235	-0.2242369422978772	0.4429282142473693	-0.1487674587859331	-0.2977871569341375	0.5092339737997156	-0.3302603369037413	0.0310425640291912	-0.1252665529080346	-0.4791235216306609	-0.591430439023485	-0.1552261510254909	-0.0051696668659547	-0.2502078249183724	0.2982580058236911	0.1248863496499683	0.2008372160549153	0.2580201187768753	0.0697044247696965	0.2709298694300436
64	-6.168578339322606	3.387517853005632	-2.7148174282217967	0.7164784912161749	1.7898539960213808	1.5777814674299808	0.2792540014344063	0.4368287801809322	0.3300312837473927	-0.8479503889183203	-1.105088725978494	-0.731778527149482	-2.9136510352751235	-2.144034289730493	0.5339920353672929	2.612518859076108	0.0282507259550957	-1.0918969214746483	0.8555104920426438	-0.2288856818164022	-0.1386296105053594	-0.2530465265658296	-0.0569472380831129	0.9008004741051564	0.1944561191558513	-0.4838090128592864	0.2073443838463269	0.0118861244626064	-0.0733128573474706	0.1363390264379696	-0.2355281906901831	0.6929231334710163	-0.6218755123740901	0.1707067332971131	-0.7267644928686336	0.6591884242691248	-0.5686170573976954	0.4609619365814374	-0.093394231982767	-0.4116823268881221	-0.2466439411258355	-0.0286481984895139	0.1088073995419114	-0.0071241971889037	0.077938339036978	0.0206271203016918	0.0115154016972492	-0.4464004608389695	0.1297578786098798	0.4219091856273839	0.1676443178658798	0.2961060877053773	0.0012246872085406	-0.1835542177955667	-0.0444715288928969	0.142663325466318	-0.0443735367162039	-0.0095001983014727	0.3432719338199997	0.1574999417476802
65	-2.461615751347641	-1.1821896945002843	-2.5742473828214223	-1.255031677106991	4.957632859393894	0.1750778846451589	1.73728406639437	-0.0432732062299147	1.4220414835657105	1.3134121597122312	1.0301736552255034	-1.4485650116289346	-1.047338960183833	0.0017176915903363	0.6807659221137718	0.3685786774823299	0.8045158410971464	-0.2799134364199071	1.492273517406948	0.6841873135198749	-0.9123888562860932	0.422639950868665	-0.5629941046374926	0.4442874812112952	-0.7381842377747881	-0.5786851364190833	-0.4508830385743552	0.6912310769852846	-0.0855540475822146	-0.6778457065862629	0.1018192553713834	0.4324508971559178	-0.3098025908362267	-0.5503003503042605	0.0710884287208831	-0.0415536042052065	0.2946649814237737	-0.4150965072714268	-0.0398500838184913	0.1713760706527164	-0.208038222649983	0.5416336577676887	0.0902265544531382	0.2967083876570191	0.1856761825802576	0.0208347974207282	-0.4713853011766386	-0.2534178441081794	0.004475787125129	-0.0215761908597714	-0.3162261508544088	-0.2505244944362435	0.3839748443166452	-0.0901398139924593	-0.3932116398655356	0.2868902748175163	-0.0666487845145832	-0.094255454131762	-0.1208117405130892	-0.0377530538408119
66	1.0323331413900434	-2.819893073203013	-2.775822063172125	-0.9509354242190048	1.083099337719635	0.5882437475661942	-0.9369680450186814	0.3030165159814642	0.3602167749269819	2.0814899037276127	0.8861144547789362	0.2904688021132252	-1.4440440095090357	2.268705327135331	-0.571733459026519	0.2983489707193709	0.2764388613816255	0.2285626101891475	0.6140148706779665	0.3054208774755141	0.9179095997498284	0.1138033193451584	-0.9758604952157576	-0.1156992735653893	0.1963021194622882	0.628872969443644	-0.3810260926381077	0.1992782884229173	-0.4569895436149485	-0.4426231705489991	-0.0774093823190408	0.496159913308917	0.0181694427295142	0.2772291080638717	-0.3127100031670546	0.1945480959507074	-0.7299009840287513	-0.3244218333522957	0.253994590870008	0.1571665998972809	-0.0247539563887798	0.364515121945945	-0.4052086007373744	-0.0692030160571782	0.043929548474565	0.3534150659410051	-0.1130990575638725	-0.1850745753265421	-0.1830985050334909	0.4358938412840956	-0.1471674288886881	-0.0082344463745033	-0.2444260387821988	0.3904172151829715	0.5479411191222809	0.2313267544424035	0.6112636625657576	-0.4102917484345336	0.4031662864532592	-0.0501249573473393
67	-4.924402555906732	1.097401030729156	2.408725711068457	-3.563441192626215	0.734820244390624	-1.5629347336884971	1.0907230726159982	0.2840291724125909	-1.1986141951613356	-1.7402454313540194	0.3159548163607852	0.241362218070347	0.2437564684764494	1.1562637706498091	-0.4322013417632767	0.374223954777778	0.262688494351584	-0.0211843649663171	0.5810345369073995	0.5247702904850798	-0.272424486355741	0.0346483141521615	0.7541887034244705	0.7647830931128712	-0.5494196111838231	-0.0233873108204522	0.1181206929784702	-1.0897524397903915	0.1533754529052216	0.1610405886601502	-0.1823545921786756	0.4021156847862903	-0.4962429883818142	-0.3124695103476979	0.5275896094148876	0.1915235529923438	0.2668739171054757	-0.6920017214464448	0.06942933158899	-0.0565111882072571	-0.4521390075807022	0.2707668026706962	0.0209034956458758	-0.4236848107515084	0.1531903891267899	0.2388467866059387	-0.437960492209244	-0.2040364785706381	-0.204060360381016	0.1360294455497647	-0.0109757993728992	-0.1023660357150182	0.2090105872983126	0.0503456041990339	-0.0130476038587567	0.1310421196746377	0.1291063940267525	-0.0026800220641409	-0.1053785872621806	0.0363431567667762
68	-3.2346353106564165	0.0283142787716625	1.699045246842776	2.811278474130534	0.8010676431480722	-1.062007898745914	0.7095937005440173	-0.289060517219129	-2.4421742394389345	0.8848379661466862	2.1397764299895567	0.7560554493187759	-0.9562005924377311	0.0932816057604249	0.2315331834499499	-0.6897831071588478	1.7540663703123884	0.4623181635287336	-0.2500054326708676	0.589046462898643	-0.5532393791535585	0.6370580205377512	-0.1432599221762183	-0.672348340026774	-0.3500106665539678	-0.076687344180354	0.5344149493893522	-0.229501608095501	0.070839546711668	-0.2987041699318649	-0.2054687087838938	0.1169649408129741	-0.3368590054303108	-0.5394448215721529	0.3456021881989173	-0.4203744384321436	0.2697503324007888	0.7469631082203665	0.2699537202424183	0.2727208547006524	-0.4475263307048365	-0.3431432148579544	0.1634392261515957	0.1283083036797491	-0.0435792512939537	0.0708717681938742	0.2082526393165862	0.1810006062269461	0.1984813030257864	0.0934304406045031	0.0959386217282362	0.0124130770765583	-0.4372005629146115	0.1076350924528151	-0.0524290627417896	-0.0013185525451484	-0.1308958596288322	-0.0827244911128802	0.0511969071430717	-0.1216318327658959
69	-0.7411919603700189	-1.4393223065481828	-3.878768034783229	-3.165058852801274	-0.9864174694440708	1.2069895564612318	-0.7683318863049973	-2.2114165832903407	-0.3999787110690448	0.3508150885967371	-0.7417784870443564	0.3035837466692299	1.7097732618325827	0.783546688463577	0.9078005636507324	-0.9295612533557444	-0.4798639854715646	-0.6229597111662618	-0.2861494181697332	-1.0972624178349069	0.2788785526784133	0.2776558291982562	-0.5080606293394178	-1.6124111041085512	0.619567162259235	-0.1532800596574888	-0.7919505241326462	-0.2452946927937339	0.9757088603011546	-0.2190513989062976	0.6303248183689153	0.0044298851415332	0.1621835985004665	-0.1226265293814159	0.2527076406600512	0.1266008580217727	-0.2037619207584295	0.2326212959265684	0.3580754857217927	0.7757580237544613	-0.0787537187239263	-0.0010304905644115	-0.1193648720175008	-0.2691363816735935	-0.0806412187242419	-0.0129069513878312	0.2113942100335999	0.2832267039795071	-0.0626429891530275	-0.434911644617463	0.2119291880345203	0.2637770525788677	-0.4081255760660189	0.0698830036288375	-0.0547718542407715	-0.0278140104968347	0.1273648952209193	-0.2281234334810699	-0.2041801318982237	-0.1372589544982814
70	-4.976987453016772	-2.7714419056074	2.48403220974932	-1.984512341178488	1.5069254924282125	-0.2200117976622674	0.3375306320837303	0.2426877575039039	-0.9188243633136428	-3.0520148754008565	-1.045110340887412	-1.9043701559044104	1.612929119870803	0.1677463442864623	-0.8845060986718611	0.9087643425010388	0.00189220152218	-0.8695911914672243	1.389823089665763	0.1046529144348842	0.6994659106849669	0.1452957318561772	0.5824750352275623	0.2004208368559868	-0.4373797177024826	0.4611212660949459	0.6347008947323712	-0.8601258902132598	-0.7878086290255942	-0.567688414705687	0.2090440129564249	-0.1311773525587323	0.2924654733540631	0.6259736125911002	0.1964316072660893	0.2484961939218094	-0.3602365273245653	0.7906767163115098	0.1975960523454354	-1.077715327086327	0.1529134742721598	-0.6778620745856859	0.1678893493406565	0.9178344861493988	0.5796270445157683	-0.1688222180746047	0.0755047992872741	0.7129453824517418	-0.0290157269857045	-0.1773509333409719	0.0430142240121804	0.5276593025839653	-0.0719054621054947	0.2745215514157618	0.27722805256542	0.0846031655728492	0.0982088615512661	0.1605133911111699	-0.2421458688756662	-0.068418015373136
71	2.0309804215666785	3.76865239184124	-3.498408281832217	-1.7050976070247423	-2.275098084397948	0.1682890061706813	0.3310812839260225	1.506190871364071	0.1068582592319664	0.5654720564029627	1.5331102972858732	0.0017305767527163	-1.3986941749574104	0.2414293369548225	-0.7573770482608585	0.779757123409002	0.3951922521913256	0.1630205013698084	0.3053116330979478	0.1937096236287608	-0.1684301488368895	0.0796122341001807	-0.6775885443508008	-0.0689856546457612	0.1316600308918913	-0.9408805218005992	-0.0556648156671677	-0.3503696234340624	0.036688591823349	-0.1297246170735871	0.2210645962964999	-0.2029971295221732	0.3716518192954229	-0.2819451754547949	0.6748699590501869	0.4021432319746597	-0.3308792076394728	-0.3670294624682345	-0.1848049238208916	0.041772372626791	0.2194133204964392	0.2982347971259413	0.7638938396064205	-0.1166353955639423	-0.0533831152052139	-0.0583150649369767	-0.3343303359049859	-0.0186242744879407	0.223923879557038	-0.0443574807501441	0.3812158179757875	0.2462777227469486	-0.1157179966871153	0.2699962580191061	0.2498794198838185	0.1029243291718021	-0.1647760412851361	0.0566179347079995	0.0936597692842877	0.1386407733258409
72	-5.217290827763795	2.098169547211302	-0.1516661543945283	3.449019422946991	3.67913030143004	0.0553765281368185	0.6990849502748571	1.434413934650694	1.300537699445952	-2.35171061410679	-0.5679281719760119	2.055068494156884	-1.3996195139428873	0.3902469832865538	0.1749742259850548	0.8166721647810468	-2.1856576985792637	-1.5346741850575618	-1.4755426428927574	0.0835585886084741	0.6534712541166675	-0.2398035439894411	-0.5681531509639536	-0.7030856767077153	0.0994090244276868	0.125552108826488	0.4519101041235294	0.0710095558883384	0.7603817875140135	0.163262437081075	-0.3576524971785362	0.9008570191166974	-0.5136319090510102	0.952017834362176	-0.1732708381110563	0.7636631499476704	-0.3612890204581742	-0.0598160439239217	0.0137453390905503	0.4622770683143915	-0.0406765164538949	-0.1569018442525878	-0.0631322959684816	-0.324050900056512	0.2196283170436291	-0.3995280331490509	0.2613266151828319	-0.0426865553283124	-0.1935956945156658	0.1171082004929707	-0.3229807787326146	0.2418601261822461	0.5226451064685322	0.4464590175301485	0.443850058478312	0.5737980871865715	0.1156720441843821	0.1965637820551999	0.3138019251436611	0.1728752375474595
73	-4.878711092943586	-0.9443058488545186	-3.194489196888413	-0.8288596387355451	4.652244495495022	0.0544406911481827	0.1450484854208863	1.3271105832933332	1.060650158914149	-2.111941235511206	-0.781118539128377	-0.2196725255019293	0.0031944971447649	-0.8861012968947143	0.4156141605068844	0.0355616554639863	-0.4628831433592766	0.8446377470143501	0.2900593700684623	-0.0751968468656213	0.6435892034450215	-0.2431900131974186	-0.8230682120720227	-0.3738462871966316	-0.5010008231338119	0.2466997056844871	0.2247921832401127	0.2985124304186824	0.163506249770271	-0.3513339505910542	0.0943339816594085	-0.1678496526647487	0.2501675586134887	-0.0439313581285034	-0.6374248127216046	0.1587896280994393	0.1269117291295086	0.1968798783897104	-0.7332009943461406	-0.1148510252341578	0.4412816984195196	0.427533537409727	0.0480895486220998	0.3636298636569416	0.2250288283859418	0.2119587154323717	0.3715903208529115	0.0874158382415918	0.0521576835838978	-0.1795712058108691	-0.0131127890760116	0.131435075208358	-0.0547485708463254	-0.2993516245053755	-0.0283276367604765	0.1157980807899157	-0.0930436706186461	0.1890958263961707	0.0524041365777721	0.1106594074599477
74	0.787446272666709	1.640289676787274	-0.1313007803951939	-0.3018798688320773	1.8759652063302648	5.260255867017054	-0.2597894226555811	-1.7067068230951885	1.1607541109227182	0.0418545090666826	0.1353721347458809	0.782049671020579	-1.9270294223328697	-1.1513694936603225	-3.613989110420325	0.4388733417859901	-0.2776382528334167	-0.3556617317018956	-0.1280849572959759	-0.8507054503057799	-0.2225063515800841	-0.4067171870226888	0.2452584923601675	-0.2146321125840472	0.2147869813741121	0.351755852989575	0.1460453946974682	0.139688464333297	0.6551148736318627	-0.1461520398136624	-0.6042957402229041	0.4577348317783207	-0.2252378856469785	0.2891084240231566	-0.2324810046594329	-0.1852252722875157	0.0638020268081197	-0.2018262583645987	0.0510914765982043	0.2620967117083206	-0.1097726959224708	-0.3200141227825226	-0.1942298739955123	-0.258308021811896	-0.1561853173395959	0.1336114760784763	0.0037257190140212	0.1552483979167079	0.3465774616743084	0.0319475812068656	-0.3332282445037888	0.1301274991730627	0.0762471259772529	0.0945939395910405	-0.1221966517851729	0.0690473450460074	-0.0379248922457689	0.2650336684331755	0.1115062511232659	-0.2417840227784614
75	-1.99755162703286	-1.8998900727010848	-1.6119633993594424	1.4474779815407015	3.8512402888561543	-1.7166711842072793	2.12578254509357	-0.1784091014994374	-0.3011748700970044	-0.7204998706702676	0.3439444933904373	-0.2850000352848944	-1.405367423723926	-0.7402902748869068	0.6366644351081469	-0.1480128947333187	0.7243002247737993	-0.5741642296593007	-0.7452386421724786	0.3648475459327547	-0.9543708635895504	-0.572463817578704	0.4513352868089409	-0.1287187143745466	-0.0691282492059124	-0.3111853302188472	0.1049019356343386	-0.2079840575943043	0.4252834298528584	0.1955421896514706	-0.962707617822109	-0.09654838300371	-0.0263711963442108	-0.2583807024557575	-0.165164448272775	-0.1732320652467286	0.4936600799759597	-0.1639690816430882	-0.741819151330792	0.1729558515160966	0.0149243363104617	-0.4858537652866304	0.1765830347757663	0.0193730467445686	0.2592925953580238	-0.1946481363247467	0.2891742180776174	-0.1011627225472671	0.1396417832165419	0.244675472873082	0.1040222432033973	0.2102026329527666	0.0673006111180402	-0.520238823699594	-0.1251736000285842	0.3136183777621243	0.1746061479724693	-0.3921277859692917	0.1103989915954415	-0.042927410993875
76	-5.432531433536513	5.89555241289434	-2.0720763667215647	-2.0524708895284824	-0.2003199252124226	-0.8963200603442899	-1.755894099515097	0.822858218133948	1.1272521483586044	0.3208109310054052	1.3307292501437626	-0.1725873883020099	0.6597195579078016	0.1033227042681942	-0.2425946266443707	1.6162967230261225	0.3445356151326156	-0.7595367124736088	0.7603347197859789	-0.0695148477781409	-0.2122721976822602	0.8068915682079842	0.5252976831213049	0.5778193656860227	0.6505504250180546	0.2693378077532826	0.5223228286983722	0.1944545848273279	0.3614800657573495	0.4197223071857672	-0.042145637486236	0.4833648833963225	-0.245227460632362	0.1903788398066497	0.0210797741115069	-0.0777982914622303	0.3489101998831898	-0.8141834923524767	-0.039745134618902	0.052506754938579	0.3433945693160568	-0.2645396235516661	-0.5314938507911549	0.8645079256573158	-0.2069726509750328	-0.2557458154363592	-0.1322045220496985	0.6042677379871617	0.1641369229943699	0.4358752687551295	-0.5550748785510666	-0.0903100517498797	-0.0806503531637865	0.1852218795939316	-0.0907659815446507	-0.232548952933902	-0.0992582289037187	-0.2108393959026183	-0.2996411101061971	-0.1766342390347031
77	-0.6474916554691862	6.718485651792549	-2.185837514144048	0.9789909334747572	-1.1330043210874496	0.0913316452200584	-0.9080715338288424	0.3727091485990005	-0.0319152916641071	-0.5876445963558042	-0.2565072860709633	-0.7280568533829365	-0.8824251121918685	-0.6188370813436102	-0.3297877453155812	-0.4066483183183519	-0.6653389219047083	-0.2988513638528087	0.570593145494857	-0.2719176143246968	0.1807954841410148	-0.4480113049610976	-0.2065612841530379	0.4704693509758963	0.3489354321013996	0.3772100103244971	0.1546340729269655	-0.6018722608811449	0.1917853204881086	-0.7811700246214268	0.6568653044450384	0.0413974718819883	-0.1257391450946502	-0.136197846489298	0.2419959442717582	-0.1561549407281194	0.0239532491202394	-0.3914351869984191	0.2274588449453204	-0.0918833566504863	0.1498088951424725	0.4905548772182892	0.371449771605044	-0.1130058320495486	0.0742258889819086	0.0088715983452075	-0.1791911082686598	-0.283427585313126	0.1039509870961132	-0.4544503702007536	-0.2480408688328383	-0.0921368660635027	0.2053584493851103	-0.0082366338853937	0.0834466816234637	0.0705417689052025	-0.0348961754298287	-0.0663490632423044	-0.1558644848342129	0.2668867153737855
78	2.4023341997833603	3.5560933257132463	-2.457438962074571	3.4342862458727024	-4.508497768380912	0.2178931459717009	0.5540457451806455	0.181659053901878	2.1236264701941145	-1.0233294261485189	-0.0674419321484685	-2.417626217768217	-1.394961744469006	0.7365558191562604	0.2797874500361775	-0.6420285448373279	0.2491218699483313	-1.3297806629857876	0.8665642386297416	0.4690085099482936	0.0928038202939273	0.3934139252148002	-0.2373537105518516	-0.0860430191054691	0.2626983205146432	-0.0006478023619091	-0.2769288051023979	0.1415723547306162	0.6296631413936322	-1.1399520211637058	0.2694401638226578	-0.0493131515869333	-0.2045561259286132	-0.2125128291538696	-0.4067577077497017	-0.1525568224713467	-0.0247214749007068	-0.1815585760844213	0.6136302070014605	0.0460907925972932	-0.249569444009387	-0.5085267135828289	0.4942874767232596	0.3011156212765922	0.4022340604571966	-0.0629055470184106	-0.5251921959038844	0.0965781148029738	-0.2395809136730432	-0.4022688475018974	-0.4657263698908683	0.4337593377957972	-0.1695184107590966	-0.1098867791378037	0.1348633860808873	-0.2632887808413435	0.2488382370452365	-0.0397336170438101	0.0787809812131747	-0.0647358530737802
79	-4.113604534514563	-3.753155670532498	-2.061977281972608	0.276176250840469	-0.3463760777978568	2.628984212020637	-1.501927011090611	-1.5426279459730712	-1.3195084904954577	0.9715658621615868	-0.5850750903633007	0.3792343551063196	0.9065560444525396	0.8829280681767316	0.6573758269037139	-0.7886853853704409	0.7272771974188608	-0.166565394004805	0.1373674149982486	-0.3795520888837014	-0.4917081574025391	-0.7015668343018722	0.9280950125044252	-1.3192241324115157	0.3896401309514165	0.3297295531884305	-0.5022671647942669	0.8608357844390014	-0.7565346119361291	0.7410285324745555	-0.1200445281982615	-0.6877860192780482	0.1209647290546979	0.00648721187619	-0.009568211816505	0.3483849387533487	0.0158594408696296	-0.4631122457793147	0.1470048151296952	-0.2958463352643133	0.1657187222208646	-0.0291475765914874	-0.6779944066837778	-0.109561914345609	0.1289621871830013	-0.8258523772028641	0.0217345436988782	-0.1244479975828138	0.0253498348476656	-0.0311866519529279	0.4749589287914598	-0.2190592672487317	0.1094078205789481	-0.1944217931855371	0.0630222576001816	-0.050221230367678	0.0062633236007671	0.216443585624083	-0.1210835692576951	-0.0022211258986355
80	-5.914745326911313	0.8656334036526102	-2.224023506884621	0.5822811582842755	3.328156879487685	0.5592015785688145	-1.7424400016862769	0.3429798754339623	-1.1168437121124284	-2.056691830523935	0.045903622727883	1.1266479495922916	-1.062116369110729	0.2106913342898728	1.3534675838346464	0.0243637177365346	-0.1547759994596723	0.2129184978690374	0.5148457214511244	-0.6260442952444977	0.7130591853498922	-0.1129211084341566	0.4758272232206432	-0.2572988796073768	-0.2327351418983933	0.4409597492779149	0.1420010670572793	-0.4903876562269518	0.5574933403998229	0.1610203525186251	-0.0503511009348776	-0.4165390801446296	0.6023260343718766	-0.0788301572746505	-0.156948792408513	0.2813275130989394	-0.3375298026932428	0.2682994191144733	0.1340760780049881	-0.0917489927794076	-0.0913619164651057	-0.1692744690134006	0.0040629874472289	-0.4494681927076976	-0.0049059049483707	0.0275770050730661	-0.1419205620348543	-0.0485008041877217	0.3812032319839319	0.1975850661044846	0.0890402512771684	-0.0803168930948979	0.251140793759899	0.1153804180531251	-0.1122486761755514	-0.0203207682213647	0.2174329678613072	-0.0221486786677236	-0.0292875148434127	0.105634880135246
81	-4.464020589413853	1.559606233738853	-4.040131586970333	-2.0526936461760177	-2.344063003479373	-0.0260662359235307	-1.4583075692291338	1.533599146731653	-1.2709175038962053	0.907642293366278	-0.5546806211971803	0.8191781333145455	0.1915330009362121	-0.40646041670709	-0.4383967277451928	0.6907043152045751	-0.5514878663233417	0.9260026729449788	1.0011159935901344	-1.1397454552976118	-0.4616644893447189	-0.180553689960393	-0.6589733313050905	0.1787482110748136	-0.0224943194948193	0.4333103815617518	-0.1654450377375734	-0.333737323957226	0.1797361495242687	0.4355534591808788	0.3700323338476969	-0.7593871500266394	0.3097188930574648	-0.3961060420569692	0.3314221288954844	-0.0119363454756403	-0.0245524972740043	-0.0366049276792907	-0.0823484497452566	-0.08639528499526	-0.1029683849450866	0.0645278029380728	0.0711095840279703	-0.2594092649853959	0.0708449602036076	0.1425366597833835	0.0446272515141608	0.0051431195849174	0.1148291104466081	0.2904273629833646	-0.1908263753383943	0.0090335338409469	-0.321693886525933	0.0978619784123676	0.1460904918005084	-0.0088489644524364	-0.1343685368380084	-0.0833109856490858	-0.0507564532154763	-0.2522475196205169
82	-1.8812236990348985	-2.1596740933389564	1.0484653876599983	-1.4529596901361646	-0.9438430993565948	5.165089437051973	-3.814717203683768	-0.680088667254409	-0.8971825112406033	-1.5004674364274828	0.0636248995951197	1.529381484313388	0.5963392569889864	1.2506960354711174	0.0316515888602866	0.6111667149000701	0.7762643941894349	0.983401104293892	1.4945218581174076	-2.0580363559562387	-1.741303791490853	0.5209157159707279	0.9295822594353332	0.1687330360363585	0.3507650162993779	-0.4709498176633983	-0.1337953010013413	-0.5940654801323932	-0.6648921413194491	-0.5425100126801602	0.3239294145690173	-0.0416382577962613	-0.0646457089327017	0.4027029923091499	-0.1978890445871967	0.2601507542518856	0.1046213073350591	-0.1332161416826293	0.6939416857148263	0.417702569738636	-0.1506875413799026	-0.2410879414300809	0.566070474111447	-0.4459099556652315	-0.0207708121222238	-0.3528891417973027	-0.0930793378811528	0.427345551627055	-0.1566819398581421	0.4174188011644656	-0.4102765437049104	0.0266903773429987	-0.4798434395575224	-0.0487561503918614	-0.308875548835298	-0.1524440572312662	0.042531899536285	0.0178009636854968	0.4267241084585318	-0.3279159844065912
83	-0.691171128671906	-0.0423261504278607	-2.3001584946724414	3.6113412920508834	-5.004189746904701	0.7302153385945671	1.010080872505406	1.1681898480763413	-0.5537163306846367	0.4615009900858909	-1.276925488716356	-0.1848772055956008	-0.8835428633866487	0.3413218021225251	-0.558484219087633	0.0308081577791795	0.0203434069131161	-0.6231547345019354	-0.3233589716813031	0.4979323238746169	-0.8715431999338377	-0.3602537473531865	-0.0063988996986455	0.7782410920153806	-0.5035560873045257	-0.0158202964907403	0.6696839304107645	0.2519576058881662	1.0507021610168288	0.3160925210877027	-0.8710407231796118	-0.0656031179380211	-1.3770637906334997	0.2810180022069049	0.1510203807758269	0.6973082975558911	-0.0578951977953693	0.4852209542402213	0.2654528996069785	-1.144954347999957	0.0262513154443616	-0.4032757651103923	0.2319674154529295	0.7459862997430025	0.2320127924510364	-0.1184675098457839	-0.0002396890237463	0.2367042117094024	0.2179419387722011	-0.0984596781169831	-0.1287783533874943	0.2011619546081	-0.3030847033997422	0.0347108677695507	-0.3840212377223538	-0.3701535784649022	-0.1305472207215201	-0.3271175263435006	0.0730390641075697	0.0794050701897563
